datetime,open,high,low,close,volume
2025-01-01 22:00:00,1.03514,1.03571,1.03486,1.03552,1014
2025-01-01 23:00:00,1.03552,1.03566,1.03464,1.03508,1918
2025-01-02 00:00:00,1.03508,1.03565,1.03473,1.03520,1893
2025-01-02 01:00:00,1.03520,1.03608,1.03442,1.03577,4174
2025-01-02 02:00:00,1.03577,1.03714,1.03576,1.03709,1767
2025-01-02 03:00:00,1.03709,1.03742,1.03681,1.03716,1629
2025-01-02 04:00:00,1.03716,1.03757,1.03665,1.03693,1471
2025-01-02 05:00:00,1.03693,1.03707,1.03617,1.03639,1393
2025-01-02 06:00:00,1.03639,1.03651,1.03598,1.03638,2080
2025-01-02 07:00:00,1.03638,1.03724,1.03624,1.03629,3751
2025-01-02 08:00:00,1.03629,1.03709,1.03463,1.03629,7386
2025-01-02 09:00:00,1.03629,1.03703,1.03494,1.03517,5389
2025-01-02 10:00:00,1.03517,1.03569,1.03136,1.03167,8645
2025-01-02 11:00:00,1.03167,1.03343,1.03149,1.03323,6875
2025-01-02 12:00:00,1.03323,1.03344,1.03148,1.03183,6064
2025-01-02 13:00:00,1.03183,1.03297,1.03111,1.03134,10530
2025-01-02 14:00:00,1.03134,1.03239,1.03021,1.03037,8698
2025-01-02 15:00:00,1.03037,1.03089,1.02725,1.02742,12147
2025-01-02 16:00:00,1.02742,1.02763,1.02241,1.02613,17324
2025-01-02 17:00:00,1.02613,1.02682,1.02512,1.02649,8067
2025-01-02 18:00:00,1.02650,1.02663,1.02557,1.02564,4413
2025-01-02 19:00:00,1.02564,1.02595,1.02478,1.02511,3535
2025-01-02 20:00:00,1.02511,1.02645,1.02506,1.02614,2419
2025-01-02 21:00:00,1.02614,1.02685,1.02610,1.02629,1310
2025-01-02 22:00:00,1.02554,1.02665,1.02523,1.02645,2412
2025-01-02 23:00:00,1.02645,1.02680,1.02644,1.02678,1277
2025-01-03 00:00:00,1.02673,1.02735,1.02659,1.02729,1679
2025-01-03 01:00:00,1.02729,1.02730,1.02665,1.02674,2094
2025-01-03 02:00:00,1.02674,1.02747,1.02667,1.02724,1905
2025-01-03 03:00:00,1.02724,1.02745,1.02687,1.02707,1335
2025-01-03 04:00:00,1.02707,1.02710,1.02672,1.02696,1163
2025-01-03 05:00:00,1.02696,1.02735,1.02646,1.02718,1564
2025-01-03 06:00:00,1.02718,1.02793,1.02716,1.02793,1665
2025-01-03 07:00:00,1.02793,1.02849,1.02687,1.02808,7135
2025-01-03 08:00:00,1.02808,1.02881,1.02728,1.02804,6140
2025-01-03 09:00:00,1.02803,1.03000,1.02802,1.02902,5509
2025-01-03 10:00:00,1.02902,1.02938,1.02792,1.02813,3754
2025-01-03 11:00:00,1.02813,1.03029,1.02813,1.02973,3802
2025-01-03 12:00:00,1.02973,1.03010,1.02942,1.02956,4025
2025-01-03 13:00:00,1.02956,1.03002,1.02914,1.02931,4575
2025-01-03 14:00:00,1.02932,1.03024,1.02878,1.03003,5389
2025-01-03 15:00:00,1.02998,1.03058,1.02728,1.02892,11248
2025-01-03 16:00:00,1.02892,1.02999,1.02835,1.02909,5336
2025-01-03 17:00:00,1.02909,1.03057,1.02909,1.02980,4847
2025-01-03 18:00:00,1.02980,1.03022,1.02925,1.02973,3569
2025-01-03 19:00:00,1.02973,1.03061,1.02938,1.03012,2753
2025-01-03 20:00:00,1.03013,1.03076,1.02988,1.03058,2682
2025-01-03 21:00:00,1.03058,1.03099,1.03047,1.03078,1180
2025-01-05 22:00:00,1.03020,1.03062,1.02948,1.03009,652
2025-01-05 23:00:00,1.03009,1.03080,1.03007,1.03052,1598
2025-01-06 00:00:00,1.03052,1.03054,1.02955,1.03030,2635
2025-01-06 01:00:00,1.03030,1.03136,1.03012,1.03123,3092
2025-01-06 02:00:00,1.03123,1.03178,1.03108,1.03160,2424
2025-01-06 03:00:00,1.03160,1.03184,1.03130,1.03164,1753
2025-01-06 04:00:00,1.03164,1.03175,1.03128,1.03153,1232
2025-01-06 05:00:00,1.03153,1.03182,1.03085,1.03088,1758
2025-01-06 06:00:00,1.03088,1.03166,1.03078,1.03126,2384
2025-01-06 07:00:00,1.03126,1.03284,1.03098,1.03273,3762
2025-01-06 08:00:00,1.03273,1.03525,1.03266,1.03502,7724
2025-01-06 09:00:00,1.03502,1.03690,1.03401,1.03556,11604
2025-01-06 10:00:00,1.03556,1.03580,1.03350,1.03351,4911
2025-01-06 11:00:00,1.03350,1.04328,1.03286,1.04219,22133
2025-01-06 12:00:00,1.04219,1.04307,1.03921,1.04110,10595
2025-01-06 13:00:00,1.04115,1.04369,1.04044,1.04167,12302
2025-01-06 14:00:00,1.04167,1.04238,1.03526,1.03926,21177
2025-01-06 15:00:00,1.03926,1.03988,1.03713,1.03936,15022
2025-01-06 16:00:00,1.03936,1.04030,1.03853,1.03968,8340
2025-01-06 17:00:00,1.03968,1.03968,1.03792,1.03874,5240
2025-01-06 18:00:00,1.03874,1.03893,1.03770,1.03819,4826
2025-01-06 19:00:00,1.03820,1.03918,1.03788,1.03885,4299
2025-01-06 20:00:00,1.03885,1.03921,1.03857,1.03878,2935
2025-01-06 21:00:00,1.03878,1.03923,1.03861,1.03894,1502
2025-01-06 22:00:00,1.03813,1.03919,1.03771,1.03889,701
2025-01-06 23:00:00,1.03889,1.03904,1.03816,1.03833,975
2025-01-07 00:00:00,1.03833,1.03854,1.03771,1.03845,2513
2025-01-07 01:00:00,1.03845,1.03849,1.03761,1.03812,2968
2025-01-07 02:00:00,1.03811,1.03855,1.03800,1.03823,2142
2025-01-07 03:00:00,1.03823,1.03930,1.03800,1.03928,1728
2025-01-07 04:00:00,1.03928,1.03943,1.03904,1.03917,1431
2025-01-07 05:00:00,1.03917,1.04032,1.03909,1.03967,2383
2025-01-07 06:00:00,1.03967,1.04042,1.03963,1.03975,2641
2025-01-07 07:00:00,1.03975,1.04246,1.03973,1.04148,7033
2025-01-07 08:00:00,1.04148,1.04255,1.04032,1.04252,7993
2025-01-07 09:00:00,1.04252,1.04344,1.04241,1.04268,6457
2025-01-07 10:00:00,1.04266,1.04344,1.04166,1.04279,7246
2025-01-07 11:00:00,1.04279,1.04284,1.04049,1.04135,5379
2025-01-07 12:00:00,1.04135,1.04172,1.03870,1.03892,6882
2025-01-07 13:00:00,1.03893,1.04051,1.03866,1.03966,6967
2025-01-07 14:00:00,1.03966,1.03977,1.03892,1.03931,7104
2025-01-07 15:00:00,1.03935,1.03935,1.03551,1.03729,15775
2025-01-07 16:00:00,1.03730,1.03816,1.03627,1.03683,12154
2025-01-07 17:00:00,1.03683,1.03738,1.03536,1.03671,8293
2025-01-07 18:00:00,1.03671,1.03694,1.03493,1.03544,5514
2025-01-07 19:00:00,1.03544,1.03597,1.03523,1.03552,3201
2025-01-07 20:00:00,1.03552,1.03562,1.03441,1.03444,3007
2025-01-07 21:00:00,1.03444,1.03444,1.03393,1.03400,1372
2025-01-07 22:00:00,1.03400,1.03423,1.03392,1.03414,659
2025-01-07 23:00:00,1.03414,1.03449,1.03392,1.03415,1317
2025-01-08 00:00:00,1.03415,1.03493,1.03412,1.03466,2744
2025-01-08 01:00:00,1.03466,1.03531,1.03452,1.03529,2379
2025-01-08 02:00:00,1.03529,1.03548,1.03513,1.03542,1449
2025-01-08 03:00:00,1.03542,1.03542,1.03463,1.03478,1292
2025-01-08 04:00:00,1.03478,1.03521,1.03474,1.03513,1168
2025-01-08 05:00:00,1.03513,1.03558,1.03494,1.03550,1432
2025-01-08 06:00:00,1.03550,1.03576,1.03461,1.03513,1937
2025-01-08 07:00:00,1.03513,1.03516,1.03282,1.03324,6452
2025-01-08 08:00:00,1.03324,1.03398,1.03180,1.03188,7983
2025-01-08 09:00:00,1.03188,1.03264,1.03153,1.03196,6736
2025-01-08 10:00:00,1.03195,1.03214,1.03101,1.03191,5615
2025-01-08 11:00:00,1.03191,1.03198,1.02731,1.02976,14411
2025-01-08 12:00:00,1.02976,1.03003,1.02808,1.02827,8841
2025-01-08 13:00:00,1.02827,1.03044,1.02807,1.03035,16252
2025-01-08 14:00:00,1.03035,1.03075,1.02890,1.02915,10480
2025-01-08 15:00:00,1.02915,1.03101,1.02914,1.03016,9082
2025-01-08 16:00:00,1.03016,1.03146,1.02945,1.03125,7472
2025-01-08 17:00:00,1.03125,1.03134,1.02982,1.03054,5608
2025-01-08 18:00:00,1.03054,1.03159,1.03051,1.03123,4979
2025-01-08 19:00:00,1.03123,1.03243,1.03081,1.03091,5271
2025-01-08 20:00:00,1.03091,1.03168,1.03079,1.03161,3022
2025-01-08 21:00:00,1.03161,1.03193,1.03146,1.03181,1265
2025-01-08 22:00:00,1.03138,1.03178,1.03138,1.03174,1233
2025-01-08 23:00:00,1.03177,1.03189,1.03132,1.03133,1112
2025-01-09 00:00:00,1.03127,1.03148,1.03048,1.03130,2551
2025-01-09 01:00:00,1.03130,1.03175,1.03115,1.03144,2430
2025-01-09 02:00:00,1.03144,1.03200,1.03141,1.03166,1830
2025-01-09 03:00:00,1.03166,1.03214,1.03108,1.03109,1971
2025-01-09 04:00:00,1.03109,1.03122,1.03055,1.03092,1672
2025-01-09 05:00:00,1.03092,1.03125,1.03053,1.03066,2282
2025-01-09 06:00:00,1.03066,1.03083,1.02970,1.03000,3611
2025-01-09 07:00:00,1.03000,1.03083,1.02877,1.02909,6661
2025-01-09 08:00:00,1.02909,1.03079,1.02834,1.03078,8456
2025-01-09 09:00:00,1.03079,1.03178,1.03031,1.03058,6748
2025-01-09 10:00:00,1.03058,1.03126,1.02996,1.03030,5638
2025-01-09 11:00:00,1.03030,1.03044,1.02969,1.03011,5416
2025-01-09 12:00:00,1.03011,1.03051,1.02959,1.03033,4247
2025-01-09 13:00:00,1.03033,1.03191,1.03008,1.03080,6397
2025-01-09 14:00:00,1.03080,1.03147,1.03052,1.03075,5273
2025-01-09 15:00:00,1.03075,1.03098,1.02944,1.02993,5250
2025-01-09 16:00:00,1.02993,1.03012,1.02910,1.02973,3675
2025-01-09 17:00:00,1.02973,1.03019,1.02937,1.02974,2801
2025-01-09 18:00:00,1.02974,1.03025,1.02940,1.03002,1685
2025-01-09 19:00:00,1.03002,1.03022,1.02977,1.02980,1285
2025-01-09 20:00:00,1.02980,1.03037,1.02980,1.03012,1210
2025-01-09 21:00:00,1.03011,1.03011,1.02984,1.02996,647
2025-01-09 22:00:00,1.03007,1.03015,1.02963,1.03005,646
2025-01-09 23:00:00,1.03005,1.03020,1.02956,1.02965,1230
2025-01-10 00:00:00,1.02959,1.03004,1.02921,1.02954,2376
2025-01-10 01:00:00,1.02954,1.03045,1.02936,1.03019,2822
2025-01-10 02:00:00,1.03019,1.03038,1.02983,1.03016,1630
2025-01-10 03:00:00,1.03016,1.03033,1.02977,1.02985,1014
2025-01-10 04:00:00,1.02985,1.02999,1.02935,1.02950,1326
2025-01-10 05:00:00,1.02951,1.02975,1.02846,1.02856,2012
2025-01-10 06:00:00,1.02856,1.02884,1.02811,1.02817,2606
2025-01-10 07:00:00,1.02817,1.02972,1.02811,1.02970,3660
2025-01-10 08:00:00,1.02972,1.03119,1.02927,1.03027,6288
2025-01-10 09:00:00,1.03027,1.03060,1.02989,1.02999,4584
2025-01-10 10:00:00,1.02999,1.03059,1.02998,1.03022,3862
2025-01-10 11:00:00,1.03022,1.03053,1.02989,1.03016,3740
2025-01-10 12:00:00,1.03016,1.03096,1.02991,1.03055,4446
2025-01-10 13:00:00,1.03055,1.03118,1.02127,1.02564,21612
2025-01-10 14:00:00,1.02564,1.02728,1.02444,1.02525,19080
2025-01-10 15:00:00,1.02524,1.02785,1.02361,1.02503,16882
2025-01-10 16:00:00,1.02503,1.02512,1.02275,1.02374,11229
2025-01-10 17:00:00,1.02374,1.02507,1.02328,1.02445,7275
2025-01-10 18:00:00,1.02445,1.02461,1.02359,1.02416,4383
2025-01-10 19:00:00,1.02416,1.02490,1.02348,1.02454,4063
2025-01-10 20:00:00,1.02454,1.02459,1.02371,1.02445,3229
2025-01-10 21:00:00,1.02444,1.02491,1.02436,1.02445,1384
2025-01-12 22:00:00,1.02350,1.02460,1.02345,1.02458,1104
2025-01-12 23:00:00,1.02458,1.02469,1.02388,1.02430,1654
2025-01-13 00:00:00,1.02430,1.02450,1.02364,1.02424,2093
2025-01-13 01:00:00,1.02424,1.02500,1.02392,1.02417,3520
2025-01-13 02:00:00,1.02417,1.02453,1.02384,1.02402,2305
2025-01-13 03:00:00,1.02402,1.02404,1.02127,1.02154,3262
2025-01-13 04:00:00,1.02155,1.02200,1.02075,1.02118,2553
2025-01-13 05:00:00,1.02118,1.02205,1.02102,1.02196,2406
2025-01-13 06:00:00,1.02196,1.02250,1.02144,1.02174,3134
2025-01-13 07:00:00,1.02174,1.02237,1.02073,1.02153,7136
2025-01-13 08:00:00,1.02152,1.02314,1.02131,1.02215,9798
2025-01-13 09:00:00,1.02216,1.02242,1.01775,1.01933,13133
2025-01-13 10:00:00,1.01933,1.02074,1.01927,1.02020,7045
2025-01-13 11:00:00,1.02020,1.02039,1.01861,1.01959,6505
2025-01-13 12:00:00,1.01959,1.02062,1.01878,1.02028,7236
2025-01-13 13:00:00,1.02029,1.02209,1.01964,1.02084,7905
2025-01-13 14:00:00,1.02084,1.02128,1.02003,1.02081,8296
2025-01-13 15:00:00,1.02081,1.02089,1.01957,1.01969,8768
2025-01-13 16:00:00,1.01969,1.02175,1.01917,1.02082,6261
2025-01-13 17:00:00,1.02081,1.02196,1.02070,1.02179,5063
2025-01-13 18:00:00,1.02179,1.02215,1.02122,1.02161,3290
2025-01-13 19:00:00,1.02161,1.02162,1.02071,1.02072,2824
2025-01-13 20:00:00,1.02072,1.02176,1.02069,1.02168,2105
2025-01-13 21:00:00,1.02168,1.02470,1.02159,1.02445,2674
2025-01-13 22:00:00,1.02405,1.02728,1.02405,1.02581,1900
2025-01-13 23:00:00,1.02588,1.02777,1.02509,1.02638,4513
2025-01-14 00:00:00,1.02638,1.02638,1.02457,1.02481,3709
2025-01-14 01:00:00,1.02481,1.02502,1.02405,1.02492,4730
2025-01-14 02:00:00,1.02492,1.02504,1.02384,1.02447,2578
2025-01-14 03:00:00,1.02447,1.02552,1.02439,1.02484,2314
2025-01-14 04:00:00,1.02484,1.02551,1.02451,1.02503,1381
2025-01-14 05:00:00,1.02503,1.02517,1.02422,1.02448,2415
2025-01-14 06:00:00,1.02448,1.02533,1.02448,1.02527,3451
2025-01-14 07:00:00,1.02527,1.02663,1.02498,1.02543,8126
2025-01-14 08:00:00,1.02543,1.02749,1.02529,1.02616,9394
2025-01-14 09:00:00,1.02616,1.02665,1.02535,1.02595,7180
2025-01-14 10:00:00,1.02595,1.02637,1.02519,1.02600,5262
2025-01-14 11:00:00,1.02600,1.02632,1.02524,1.02541,4148
2025-01-14 12:00:00,1.02541,1.02551,1.02395,1.02480,5935
2025-01-14 13:00:00,1.02480,1.02734,1.02412,1.02532,15282
2025-01-14 14:00:00,1.02532,1.02749,1.02435,1.02680,11444
2025-01-14 15:00:00,1.02679,1.02958,1.02630,1.02950,11547
2025-01-14 16:00:00,1.02950,1.03044,1.02827,1.02915,9974
2025-01-14 17:00:00,1.02915,1.02915,1.02789,1.02881,4558
2025-01-14 18:00:00,1.02881,1.03002,1.02867,1.02992,2888
2025-01-14 19:00:00,1.02991,1.03055,1.02963,1.02980,2244
2025-01-14 20:00:00,1.02981,1.03085,1.02964,1.03019,2641
2025-01-14 21:00:00,1.03019,1.03083,1.03003,1.03078,1434
2025-01-14 22:00:00,1.03025,1.03079,1.03025,1.03064,444
2025-01-14 23:00:00,1.03064,1.03084,1.03022,1.03062,939
2025-01-15 00:00:00,1.03055,1.03062,1.02996,1.03011,1844
2025-01-15 01:00:00,1.03010,1.03049,1.02979,1.03000,2148
2025-01-15 02:00:00,1.03000,1.03015,1.02954,1.02970,2104
2025-01-15 03:00:00,1.02971,1.03022,1.02963,1.03019,1328
2025-01-15 04:00:00,1.03018,1.03026,1.02976,1.03024,1342
2025-01-15 05:00:00,1.03024,1.03053,1.02927,1.02932,2314
2025-01-15 06:00:00,1.02931,1.02987,1.02918,1.02963,2238
2025-01-15 07:00:00,1.02963,1.03081,1.02866,1.03059,8054
2025-01-15 08:00:00,1.03059,1.03174,1.02941,1.02966,7565
2025-01-15 09:00:00,1.02965,1.03132,1.02960,1.03098,5832
2025-01-15 10:00:00,1.03098,1.03142,1.03007,1.03076,4532
2025-01-15 11:00:00,1.03076,1.03124,1.02995,1.03013,4174
2025-01-15 12:00:00,1.03013,1.03066,1.02934,1.02998,5199
2025-01-15 13:00:00,1.02998,1.03544,1.02961,1.03445,20963
2025-01-15 14:00:00,1.03446,1.03458,1.03250,1.03273,13028
2025-01-15 15:00:00,1.03272,1.03310,1.02988,1.03061,12000
2025-01-15 16:00:00,1.03062,1.03079,1.02578,1.02811,11227
2025-01-15 17:00:00,1.02811,1.02932,1.02809,1.02855,5209
2025-01-15 18:00:00,1.02856,1.02930,1.02842,1.02922,3408
2025-01-15 19:00:00,1.02921,1.02946,1.02892,1.02932,2238
2025-01-15 20:00:00,1.02932,1.02991,1.02904,1.02959,2023
2025-01-15 21:00:00,1.02959,1.02964,1.02881,1.02884,1309
2025-01-15 22:00:00,1.02853,1.02939,1.02838,1.02917,1378
2025-01-15 23:00:00,1.02921,1.02955,1.02908,1.02951,1217
2025-01-16 00:00:00,1.02946,1.03000,1.02847,1.02990,3488
2025-01-16 01:00:00,1.02991,1.02997,1.02876,1.02896,4587
2025-01-16 02:00:00,1.02896,1.02931,1.02848,1.02869,3355
2025-01-16 03:00:00,1.02868,1.02891,1.02846,1.02890,1663
2025-01-16 04:00:00,1.02889,1.02939,1.02853,1.02870,1596
2025-01-16 05:00:00,1.02870,1.02873,1.02808,1.02823,1988
2025-01-16 06:00:00,1.02824,1.02897,1.02822,1.02890,3114
2025-01-16 07:00:00,1.02890,1.03017,1.02860,1.02975,5792
2025-01-16 08:00:00,1.02976,1.03000,1.02878,1.02959,6271
2025-01-16 09:00:00,1.02959,1.02988,1.02816,1.02861,5539
2025-01-16 10:00:00,1.02861,1.02962,1.02828,1.02856,3773
2025-01-16 11:00:00,1.02856,1.02919,1.02840,1.02901,3857
2025-01-16 12:00:00,1.02901,1.02901,1.02640,1.02718,6108
2025-01-16 13:00:00,1.02718,1.02852,1.02604,1.02815,13801
2025-01-16 14:00:00,1.02815,1.02839,1.02678,1.02792,9160
2025-01-16 15:00:00,1.02792,1.03059,1.02741,1.03008,16168
2025-01-16 16:00:00,1.03008,1.03117,1.02858,1.03022,12103
2025-01-16 17:00:00,1.03022,1.03151,1.02944,1.02965,7050
2025-01-16 18:00:00,1.02965,1.03029,1.02934,1.03002,3291
2025-01-16 19:00:00,1.03002,1.03077,1.02976,1.03017,3183
2025-01-16 20:00:00,1.03017,1.03038,1.02971,1.03002,2084
2025-01-16 21:00:00,1.03002,1.03036,1.02968,1.02987,1271
2025-01-16 22:00:00,1.02958,1.03023,1.02956,1.03011,563
2025-01-16 23:00:00,1.03011,1.03043,1.03001,1.03014,730
2025-01-17 00:00:00,1.03008,1.03066,1.02980,1.03047,2171
2025-01-17 01:00:00,1.03047,1.03095,1.03014,1.03051,2353
2025-01-17 02:00:00,1.03051,1.03091,1.03030,1.03033,2270
2025-01-17 03:00:00,1.03033,1.03049,1.02997,1.03006,1397
2025-01-17 04:00:00,1.03006,1.03010,1.02919,1.02936,1500
2025-01-17 05:00:00,1.02937,1.02951,1.02874,1.02933,1724
2025-01-17 06:00:00,1.02933,1.02939,1.02851,1.02903,1895
2025-01-17 07:00:00,1.02903,1.02910,1.02774,1.02844,6116
2025-01-17 08:00:00,1.02845,1.02988,1.02841,1.02970,5483
2025-01-17 09:00:00,1.02969,1.03041,1.02892,1.02968,6331
2025-01-17 10:00:00,1.02971,1.03061,1.02965,1.03038,4216
2025-01-17 11:00:00,1.03038,1.03102,1.02989,1.03046,4315
2025-01-17 12:00:00,1.03046,1.03066,1.02903,1.02928,5820
2025-01-17 13:00:00,1.02928,1.02994,1.02854,1.02901,8372
2025-01-17 14:00:00,1.02901,1.03024,1.02652,1.02985,13312
2025-01-17 15:00:00,1.02985,1.03308,1.02954,1.02989,15171
2025-01-17 16:00:00,1.02989,1.03002,1.02815,1.02862,7294
2025-01-17 17:00:00,1.02862,1.02912,1.02786,1.02809,5250
2025-01-17 18:00:00,1.02809,1.02922,1.02791,1.02809,3452
2025-01-17 19:00:00,1.02810,1.02843,1.02726,1.02763,3252
2025-01-17 20:00:00,1.02762,1.02816,1.02737,1.02753,3345
2025-01-17 21:00:00,1.02752,1.02752,1.02690,1.02699,1153
2025-01-19 22:00:00,1.02767,1.02821,1.02730,1.02792,1113
2025-01-19 23:00:00,1.02794,1.02806,1.02662,1.02805,1793
2025-01-20 00:00:00,1.02805,1.02902,1.02782,1.02864,2662
2025-01-20 01:00:00,1.02862,1.02929,1.02791,1.02908,2998
2025-01-20 02:00:00,1.02908,1.02924,1.02868,1.02911,2415
2025-01-20 03:00:00,1.02911,1.03064,1.02909,1.03061,2555
2025-01-20 04:00:00,1.03061,1.03071,1.03017,1.03043,1434
2025-01-20 05:00:00,1.03042,1.03064,1.03017,1.03024,1489
2025-01-20 06:00:00,1.03025,1.03189,1.02993,1.03104,3244
2025-01-20 07:00:00,1.03105,1.03185,1.03058,1.03168,4657
2025-01-20 08:00:00,1.03168,1.03177,1.03069,1.03099,6208
2025-01-20 09:00:00,1.03099,1.03170,1.03050,1.03062,5922
2025-01-20 10:00:00,1.03063,1.03224,1.03063,1.03151,4306
2025-01-20 11:00:00,1.03151,1.03265,1.03131,1.03260,3556
2025-01-20 12:00:00,1.03260,1.03265,1.03151,1.03203,3949
2025-01-20 13:00:00,1.03203,1.04003,1.03081,1.03982,21341
2025-01-20 14:00:00,1.03981,1.04303,1.03794,1.04151,18305
2025-01-20 15:00:00,1.04151,1.04300,1.03848,1.04005,13630
2025-01-20 16:00:00,1.04005,1.04059,1.03905,1.03984,6015
2025-01-20 17:00:00,1.03984,1.04027,1.03534,1.03856,9843
2025-01-20 18:00:00,1.03856,1.03966,1.03833,1.03965,2472
2025-01-20 19:00:00,1.03966,1.04235,1.03905,1.04208,2835
2025-01-20 20:00:00,1.04208,1.04344,1.04119,1.04162,4026
2025-01-20 21:00:00,1.04162,1.04194,1.04099,1.04158,1932
2025-01-20 22:00:00,1.04093,1.04175,1.04093,1.04127,520
2025-01-20 23:00:00,1.04132,1.04259,1.04110,1.04209,4301
2025-01-21 00:00:00,1.04209,1.04344,1.03520,1.03625,13678
2025-01-21 01:00:00,1.03625,1.03978,1.03558,1.03702,15492
2025-01-21 02:00:00,1.03702,1.03902,1.03692,1.03876,6175
2025-01-21 03:00:00,1.03876,1.04011,1.03852,1.03875,4521
2025-01-21 04:00:00,1.03875,1.03991,1.03850,1.03898,3068
2025-01-21 05:00:00,1.03898,1.03922,1.03773,1.03787,2467
2025-01-21 06:00:00,1.03787,1.03815,1.03664,1.03689,3991
2025-01-21 07:00:00,1.03689,1.03863,1.03649,1.03733,6015
2025-01-21 08:00:00,1.03733,1.03733,1.03500,1.03608,6766
2025-01-21 09:00:00,1.03608,1.03637,1.03418,1.03536,8213
2025-01-21 10:00:00,1.03536,1.03595,1.03431,1.03530,6786
2025-01-21 11:00:00,1.03530,1.03581,1.03429,1.03533,5006
2025-01-21 12:00:00,1.03533,1.03582,1.03457,1.03541,7727
2025-01-21 13:00:00,1.03541,1.03780,1.03528,1.03777,7795
2025-01-21 14:00:00,1.03783,1.03986,1.03728,1.03869,10465
2025-01-21 15:00:00,1.03869,1.04106,1.03785,1.04005,12257
2025-01-21 16:00:00,1.04005,1.04230,1.03982,1.04225,7815
2025-01-21 17:00:00,1.04225,1.04302,1.04211,1.04213,5120
2025-01-21 18:00:00,1.04213,1.04355,1.04198,1.04291,3977
2025-01-21 19:00:00,1.04291,1.04305,1.04161,1.04179,3236
2025-01-21 20:00:00,1.04179,1.04216,1.04157,1.04201,2573
2025-01-21 21:00:00,1.04201,1.04298,1.04187,1.04254,1652
2025-01-21 22:00:00,1.04247,1.04329,1.04235,1.04264,1228
2025-01-21 23:00:00,1.04269,1.04278,1.03921,1.04057,6294
2025-01-22 00:00:00,1.04057,1.04245,1.04051,1.04231,3524
2025-01-22 01:00:00,1.04231,1.04232,1.04076,1.04096,3618
2025-01-22 02:00:00,1.04096,1.04164,1.04060,1.04136,2798
2025-01-22 03:00:00,1.04136,1.04157,1.04101,1.04120,2040
2025-01-22 04:00:00,1.04120,1.04215,1.04113,1.04172,1594
2025-01-22 05:00:00,1.04172,1.04181,1.04083,1.04157,1890
2025-01-22 06:00:00,1.04157,1.04186,1.03997,1.04038,3503
2025-01-22 07:00:00,1.04038,1.04198,1.04031,1.04118,5751
2025-01-22 08:00:00,1.04118,1.04240,1.04095,1.04231,8833
2025-01-22 09:00:00,1.04231,1.04474,1.04199,1.04467,7669
2025-01-22 10:00:00,1.04467,1.04574,1.04427,1.04500,6328
2025-01-22 11:00:00,1.04500,1.04564,1.04404,1.04430,4218
2025-01-22 12:00:00,1.04430,1.04430,1.04311,1.04380,4990
2025-01-22 13:00:00,1.04380,1.04458,1.04221,1.04317,6517
2025-01-22 14:00:00,1.04317,1.04321,1.04142,1.04246,8314
2025-01-22 15:00:00,1.04245,1.04251,1.04146,1.04200,8128
2025-01-22 16:00:00,1.04200,1.04229,1.04122,1.04196,5419
2025-01-22 17:00:00,1.04196,1.04206,1.04120,1.04171,3804
2025-01-22 18:00:00,1.04171,1.04213,1.04118,1.04161,3194
2025-01-22 19:00:00,1.04161,1.04227,1.04155,1.04201,2290
2025-01-22 20:00:00,1.04201,1.04230,1.04111,1.04121,2628
2025-01-22 21:00:00,1.04121,1.04131,1.04077,1.04083,1265
2025-01-22 22:00:00,1.04086,1.04119,1.04071,1.04076,509
2025-01-22 23:00:00,1.04076,1.04095,1.04054,1.04079,1180
2025-01-23 00:00:00,1.04072,1.04120,1.04069,1.04103,2335
2025-01-23 01:00:00,1.04103,1.04162,1.04019,1.04036,4339
2025-01-23 02:00:00,1.04036,1.04062,1.03968,1.04039,2827
2025-01-23 03:00:00,1.04039,1.04092,1.04032,1.04090,1585
2025-01-23 04:00:00,1.04090,1.04129,1.04089,1.04108,1759
2025-01-23 05:00:00,1.04109,1.04117,1.04041,1.04052,2093
2025-01-23 06:00:00,1.04052,1.04121,1.04029,1.04033,2448
2025-01-23 07:00:00,1.04033,1.04057,1.03897,1.04002,6080
2025-01-23 08:00:00,1.04002,1.04023,1.03902,1.03940,5265
2025-01-23 09:00:00,1.03940,1.04148,1.03933,1.04116,5639
2025-01-23 10:00:00,1.04116,1.04204,1.04099,1.04113,4306
2025-01-23 11:00:00,1.04113,1.04140,1.04012,1.04033,4418
2025-01-23 12:00:00,1.04033,1.04061,1.03942,1.04037,5017
2025-01-23 13:00:00,1.04037,1.04151,1.03974,1.04108,8767
2025-01-23 14:00:00,1.04108,1.04179,1.04057,1.04088,6531
2025-01-23 15:00:00,1.04088,1.04097,1.03869,1.03974,7882
2025-01-23 16:00:00,1.03974,1.04294,1.03720,1.04195,17110
2025-01-23 17:00:00,1.04195,1.04381,1.04139,1.04354,6525
2025-01-23 18:00:00,1.04354,1.04370,1.04219,1.04239,3715
2025-01-23 19:00:00,1.04239,1.04269,1.04198,1.04230,3406
2025-01-23 20:00:00,1.04230,1.04293,1.04158,1.04175,3399
2025-01-23 21:00:00,1.04175,1.04194,1.04128,1.04152,1377
2025-01-23 22:00:00,1.04140,1.04171,1.04125,1.04165,634
2025-01-23 23:00:00,1.04156,1.04178,1.04145,1.04156,907
2025-01-24 00:00:00,1.04151,1.04232,1.04133,1.04193,2181
2025-01-24 01:00:00,1.04193,1.04204,1.04115,1.04158,2571
2025-01-24 02:00:00,1.04158,1.04494,1.04158,1.04487,7290
2025-01-24 03:00:00,1.04487,1.04540,1.04364,1.04462,5961
2025-01-24 04:00:00,1.04462,1.04515,1.04434,1.04474,3353
2025-01-24 05:00:00,1.04474,1.04540,1.04435,1.04514,2440
2025-01-24 06:00:00,1.04514,1.04706,1.04493,1.04574,6566
2025-01-24 07:00:00,1.04574,1.04650,1.04473,1.04610,7295
2025-01-24 08:00:00,1.04610,1.04952,1.04574,1.04935,11941
2025-01-24 09:00:00,1.04935,1.05152,1.04909,1.04944,9093
2025-01-24 10:00:00,1.04944,1.04979,1.04860,1.04891,5037
2025-01-24 11:00:00,1.04891,1.04932,1.04810,1.04862,4107
2025-01-24 12:00:00,1.04862,1.04877,1.04733,1.04736,4468
2025-01-24 13:00:00,1.04736,1.04798,1.04637,1.04686,5790
2025-01-24 14:00:00,1.04686,1.04942,1.04672,1.04917,8821
2025-01-24 15:00:00,1.04917,1.05209,1.04897,1.05163,11362
2025-01-24 16:00:00,1.05163,1.05205,1.05050,1.05146,6708
2025-01-24 17:00:00,1.05144,1.05215,1.05099,1.05111,4665
2025-01-24 18:00:00,1.05111,1.05118,1.04939,1.04951,3101
2025-01-24 19:00:00,1.04951,1.04987,1.04921,1.04953,2094
2025-01-24 20:00:00,1.04953,1.04962,1.04882,1.04947,2135
2025-01-24 21:00:00,1.04946,1.04974,1.04931,1.04956,1068
2025-01-26 22:00:00,1.04763,1.04841,1.04763,1.04824,763
2025-01-26 23:00:00,1.04824,1.04852,1.04651,1.04674,2898
2025-01-27 00:00:00,1.04674,1.04763,1.04651,1.04728,3167
2025-01-27 01:00:00,1.04728,1.04788,1.04612,1.04628,4891
2025-01-27 02:00:00,1.04628,1.04667,1.04590,1.04660,2963
2025-01-27 03:00:00,1.04660,1.04777,1.04632,1.04684,3702
2025-01-27 04:00:00,1.04684,1.04688,1.04597,1.04633,2295
2025-01-27 05:00:00,1.04633,1.04648,1.04558,1.04629,2693
2025-01-27 06:00:00,1.04629,1.04652,1.04569,1.04592,3342
2025-01-27 07:00:00,1.04592,1.04714,1.04535,1.04571,5883
2025-01-27 08:00:00,1.04571,1.04888,1.04544,1.04881,8586
2025-01-27 09:00:00,1.04880,1.04937,1.04751,1.04887,9926
2025-01-27 10:00:00,1.04887,1.05093,1.04887,1.05054,9504
2025-01-27 11:00:00,1.05054,1.05184,1.05044,1.05131,7729
2025-01-27 12:00:00,1.05131,1.05281,1.05090,1.05213,7006
2025-01-27 13:00:00,1.05213,1.05332,1.05097,1.05199,10364
2025-01-27 14:00:00,1.05199,1.05245,1.05078,1.05091,9436
2025-01-27 15:00:00,1.05091,1.05099,1.04938,1.04991,8467
2025-01-27 16:00:00,1.04991,1.05077,1.04890,1.04908,7415
2025-01-27 17:00:00,1.04908,1.04948,1.04848,1.04887,5121
2025-01-27 18:00:00,1.04887,1.04943,1.04818,1.04849,4467
2025-01-27 19:00:00,1.04849,1.04929,1.04792,1.04927,3884
2025-01-27 20:00:00,1.04927,1.04944,1.04874,1.04881,2931
2025-01-27 21:00:00,1.04881,1.04923,1.04856,1.04916,1324
2025-01-27 22:00:00,1.04882,1.04932,1.04875,1.04881,524
2025-01-27 23:00:00,1.04881,1.04895,1.04281,1.04369,9134
2025-01-28 00:00:00,1.04369,1.04520,1.04323,1.04454,6813
2025-01-28 01:00:00,1.04454,1.04567,1.04297,1.04378,5313
2025-01-28 02:00:00,1.04378,1.04417,1.04244,1.04336,6241
2025-01-28 03:00:00,1.04336,1.04395,1.04289,1.04290,3314
2025-01-28 04:00:00,1.04290,1.04347,1.04255,1.04338,2430
2025-01-28 05:00:00,1.04338,1.04393,1.04335,1.04365,2038
2025-01-28 06:00:00,1.04365,1.04443,1.04337,1.04374,2843
2025-01-28 07:00:00,1.04374,1.04431,1.04281,1.04341,6343
2025-01-28 08:00:00,1.04344,1.04359,1.04192,1.04252,7758
2025-01-28 09:00:00,1.04252,1.04443,1.04224,1.04352,6729
2025-01-28 10:00:00,1.04352,1.04375,1.04248,1.04248,4850
2025-01-28 11:00:00,1.04248,1.04327,1.04227,1.04233,4198
2025-01-28 12:00:00,1.04233,1.04255,1.04137,1.04203,6059
2025-01-28 13:00:00,1.04203,1.04315,1.04172,1.04248,6975
2025-01-28 14:00:00,1.04249,1.04411,1.04241,1.04317,7582
2025-01-28 15:00:00,1.04317,1.04397,1.04209,1.04241,7955
2025-01-28 16:00:00,1.04242,1.04329,1.04225,1.04261,6491
2025-01-28 17:00:00,1.04261,1.04347,1.04245,1.04280,3755
2025-01-28 18:00:00,1.04280,1.04382,1.04232,1.04265,4498
2025-01-28 19:00:00,1.04265,1.04368,1.04225,1.04350,3229
2025-01-28 20:00:00,1.04350,1.04355,1.04295,1.04316,3113
2025-01-28 21:00:00,1.04316,1.04341,1.04297,1.04300,1301
2025-01-28 22:00:00,1.04244,1.04289,1.04244,1.04281,504
2025-01-28 23:00:00,1.04286,1.04302,1.04265,1.04272,998
2025-01-29 00:00:00,1.04272,1.04346,1.04266,1.04303,2430
2025-01-29 01:00:00,1.04303,1.04342,1.04270,1.04272,2553
2025-01-29 02:00:00,1.04272,1.04359,1.04258,1.04339,2070
2025-01-29 03:00:00,1.04339,1.04392,1.04312,1.04375,2358
2025-01-29 04:00:00,1.04375,1.04428,1.04375,1.04387,1840
2025-01-29 05:00:00,1.04387,1.04410,1.04354,1.04404,1902
2025-01-29 06:00:00,1.04404,1.04437,1.04365,1.04373,3242
2025-01-29 07:00:00,1.04373,1.04379,1.04132,1.04161,5104
2025-01-29 08:00:00,1.04161,1.04305,1.04161,1.04242,6045
2025-01-29 09:00:00,1.04242,1.04248,1.04020,1.04038,6335
2025-01-29 10:00:00,1.04038,1.04085,1.03948,1.04036,5739
2025-01-29 11:00:00,1.04036,1.04083,1.03970,1.04016,4373
2025-01-29 12:00:00,1.04016,1.04049,1.03936,1.04040,5500
2025-01-29 13:00:00,1.04040,1.04058,1.03823,1.03876,8409
2025-01-29 14:00:00,1.03876,1.04016,1.03862,1.04014,6966
2025-01-29 15:00:00,1.04013,1.04271,1.03947,1.04194,8749
2025-01-29 16:00:00,1.04194,1.04241,1.04114,1.04158,7447
2025-01-29 17:00:00,1.04158,1.04285,1.04151,1.04213,5466
2025-01-29 18:00:00,1.04213,1.04246,1.04150,1.04182,3433
2025-01-29 19:00:00,1.04182,1.04288,1.03881,1.04158,21940
2025-01-29 20:00:00,1.04158,1.04256,1.04046,1.04105,9927
2025-01-29 21:00:00,1.04104,1.04216,1.04089,1.04208,1728
2025-01-29 22:00:00,1.04173,1.04212,1.04165,1.04207,888
2025-01-29 23:00:00,1.04207,1.04275,1.04184,1.04246,2013
2025-01-30 00:00:00,1.04246,1.04289,1.04238,1.04260,2274
2025-01-30 01:00:00,1.04260,1.04261,1.04189,1.04200,2635
2025-01-30 02:00:00,1.04199,1.04269,1.04198,1.04231,2433
2025-01-30 03:00:00,1.04231,1.04265,1.04221,1.04252,2402
2025-01-30 04:00:00,1.04252,1.04277,1.04176,1.04191,2153
2025-01-30 05:00:00,1.04191,1.04221,1.04176,1.04220,1930
2025-01-30 06:00:00,1.04220,1.04227,1.04108,1.04140,2560
2025-01-30 07:00:00,1.04140,1.04240,1.04095,1.04237,4027
2025-01-30 08:00:00,1.04228,1.04291,1.04161,1.04218,5945
2025-01-30 09:00:00,1.04218,1.04227,1.04021,1.04076,7103
2025-01-30 10:00:00,1.04076,1.04122,1.03958,1.04008,5618
2025-01-30 11:00:00,1.04008,1.04008,1.03912,1.03917,4642
2025-01-30 12:00:00,1.03917,1.04060,1.03903,1.04033,4678
2025-01-30 13:00:00,1.04033,1.04599,1.04013,1.04561,12699
2025-01-30 14:00:00,1.04561,1.04679,1.04193,1.04282,14133
2025-01-30 15:00:00,1.04282,1.04420,1.04269,1.04313,9336
2025-01-30 16:00:00,1.04313,1.04348,1.04170,1.04196,6332
2025-01-30 17:00:00,1.04196,1.04235,1.04094,1.04171,4672
2025-01-30 18:00:00,1.04172,1.04257,1.04156,1.04250,2533
2025-01-30 19:00:00,1.04250,1.04302,1.04230,1.04280,2148
2025-01-30 20:00:00,1.04280,1.04324,1.03860,1.04074,10001
2025-01-30 21:00:00,1.04074,1.04143,1.03871,1.03883,5036
2025-01-30 22:00:00,1.03842,1.03943,1.03842,1.03868,723
2025-01-30 23:00:00,1.03875,1.03983,1.03849,1.03969,2003
2025-01-31 00:00:00,1.03969,1.04024,1.03850,1.03866,2747
2025-01-31 01:00:00,1.03866,1.03926,1.03761,1.03889,4463
2025-01-31 02:00:00,1.03889,1.03950,1.03867,1.03898,3105
2025-01-31 03:00:00,1.03898,1.03915,1.03836,1.03849,2355
2025-01-31 04:00:00,1.03849,1.03898,1.03827,1.03875,1826
2025-01-31 05:00:00,1.03875,1.03908,1.03846,1.03888,2396
2025-01-31 06:00:00,1.03888,1.03955,1.03873,1.03945,2494
2025-01-31 07:00:00,1.03945,1.04129,1.03913,1.04040,5965
2025-01-31 08:00:00,1.04040,1.04067,1.03806,1.03843,6580
2025-01-31 09:00:00,1.03839,1.03850,1.03652,1.03836,9644
2025-01-31 10:00:00,1.03836,1.03841,1.03737,1.03764,5980
2025-01-31 11:00:00,1.03764,1.03801,1.03720,1.03759,4381
2025-01-31 12:00:00,1.03759,1.03857,1.03746,1.03824,4640
2025-01-31 13:00:00,1.03824,1.03954,1.03767,1.03822,9563
2025-01-31 14:00:00,1.03822,1.03826,1.03664,1.03687,8578
2025-01-31 15:00:00,1.03687,1.04006,1.03602,1.03965,9498
2025-01-31 16:00:00,1.03965,1.04076,1.03861,1.03999,7568
2025-01-31 17:00:00,1.03999,1.04340,1.03900,1.04200,15357
2025-01-31 18:00:00,1.04200,1.04218,1.03613,1.03697,13244
2025-01-31 19:00:00,1.03697,1.03792,1.03644,1.03766,7455
2025-01-31 20:00:00,1.03766,1.03821,1.03629,1.03736,7947
2025-01-31 21:00:00,1.03736,1.03874,1.03500,1.03585,7828
2025-02-02 22:00:00,1.02380,1.02570,1.02380,1.02497,1802
2025-02-02 23:00:00,1.02497,1.02705,1.02346,1.02471,12269
2025-02-03 00:00:00,1.02471,1.02673,1.02104,1.02319,16502
2025-02-03 01:00:00,1.02319,1.02523,1.02220,1.02378,10469
2025-02-03 02:00:00,1.02378,1.02379,1.02209,1.02236,8161
2025-02-03 03:00:00,1.02236,1.02249,1.02122,1.02215,4696
2025-02-03 04:00:00,1.02215,1.02401,1.02205,1.02266,8101
2025-02-03 05:00:00,1.02266,1.02435,1.02257,1.02405,4797
2025-02-03 06:00:00,1.02405,1.02517,1.02395,1.02431,5829
2025-02-03 07:00:00,1.02431,1.02495,1.02219,1.02249,8935
2025-02-03 08:00:00,1.02249,1.02514,1.02128,1.02438,10333
2025-02-03 09:00:00,1.02438,1.02544,1.02255,1.02303,7173
2025-02-03 10:00:00,1.02303,1.02446,1.02300,1.02436,5910
2025-02-03 11:00:00,1.02436,1.02560,1.02364,1.02523,5378
2025-02-03 12:00:00,1.02523,1.02784,1.02514,1.02578,8521
2025-02-03 13:00:00,1.02578,1.02881,1.02575,1.02640,10024
2025-02-03 14:00:00,1.02639,1.02661,1.02469,1.02506,11157
2025-02-03 15:00:00,1.02506,1.03360,1.02418,1.03163,28867
2025-02-03 16:00:00,1.03163,1.03215,1.02727,1.02760,19121
2025-02-03 17:00:00,1.02760,1.03027,1.02714,1.02796,10527
2025-02-03 18:00:00,1.02796,1.02878,1.02702,1.02785,6946
2025-02-03 19:00:00,1.02785,1.02971,1.02784,1.02846,4110
2025-02-03 20:00:00,1.02846,1.02993,1.02828,1.02955,3693
2025-02-03 21:00:00,1.02956,1.03500,1.02930,1.03441,8131
2025-02-03 22:00:00,1.03346,1.03470,1.03326,1.03421,1543
2025-02-03 23:00:00,1.03421,1.03508,1.03264,1.03281,5038
2025-02-04 00:00:00,1.03281,1.03310,1.03161,1.03179,3858
2025-02-04 01:00:00,1.03179,1.03227,1.03086,1.03221,4583
2025-02-04 02:00:00,1.03221,1.03240,1.03165,1.03220,3383
2025-02-04 03:00:00,1.03220,1.03241,1.03117,1.03147,3347
2025-02-04 04:00:00,1.03147,1.03151,1.03058,1.03059,2746
2025-02-04 05:00:00,1.03059,1.03059,1.02721,1.02931,9996
2025-02-04 06:00:00,1.02931,1.03076,1.02922,1.03067,4645
2025-02-04 07:00:00,1.03067,1.03172,1.03000,1.03115,5717
2025-02-04 08:00:00,1.03115,1.03356,1.03083,1.03344,9173
2025-02-04 09:00:00,1.03344,1.03496,1.03324,1.03387,5735
2025-02-04 10:00:00,1.03387,1.03435,1.03254,1.03350,4246
2025-02-04 11:00:00,1.03350,1.03352,1.03219,1.03221,3750
2025-02-04 12:00:00,1.03221,1.03286,1.03200,1.03252,4520
2025-02-04 13:00:00,1.03252,1.03406,1.03239,1.03405,6070
2025-02-04 14:00:00,1.03405,1.03663,1.03401,1.03601,8953
2025-02-04 15:00:00,1.03601,1.03860,1.03576,1.03801,13853
2025-02-04 16:00:00,1.03801,1.03875,1.03734,1.03785,6971
2025-02-04 17:00:00,1.03785,1.03788,1.03656,1.03767,6237
2025-02-04 18:00:00,1.03767,1.03863,1.03744,1.03812,3896
2025-02-04 19:00:00,1.03812,1.03855,1.03771,1.03817,3689
2025-02-04 20:00:00,1.03817,1.03858,1.03793,1.03854,3550
2025-02-04 21:00:00,1.03854,1.03877,1.03777,1.03786,1584
2025-02-04 22:00:00,1.03739,1.03815,1.03728,1.03775,1191
2025-02-04 23:00:00,1.03775,1.03804,1.03708,1.03716,1848
2025-02-05 00:00:00,1.03716,1.03821,1.03695,1.03788,3105
2025-02-05 01:00:00,1.03788,1.03867,1.03723,1.03733,4715
2025-02-05 02:00:00,1.03733,1.03849,1.03729,1.03846,3866
2025-02-05 03:00:00,1.03846,1.03863,1.03794,1.03795,2529
2025-02-05 04:00:00,1.03795,1.03824,1.03763,1.03786,1922
2025-02-05 05:00:00,1.03786,1.03787,1.03732,1.03778,2535
2025-02-05 06:00:00,1.03778,1.03942,1.03741,1.03850,3538
2025-02-05 07:00:00,1.03850,1.04097,1.03821,1.04026,6472
2025-02-05 08:00:00,1.04026,1.04087,1.03901,1.04040,7976
2025-02-05 09:00:00,1.04040,1.04178,1.04016,1.04038,7045
2025-02-05 10:00:00,1.04038,1.04305,1.04018,1.04251,5913
2025-02-05 11:00:00,1.04251,1.04254,1.04117,1.04147,4126
2025-02-05 12:00:00,1.04147,1.04220,1.04108,1.04192,4342
2025-02-05 13:00:00,1.04192,1.04258,1.04015,1.04078,8623
2025-02-05 14:00:00,1.04078,1.04264,1.04061,1.04215,7685
2025-02-05 15:00:00,1.04246,1.04428,1.04151,1.04222,13155
2025-02-05 16:00:00,1.04222,1.04248,1.04102,1.04181,6317
2025-02-05 17:00:00,1.04181,1.04243,1.04103,1.04198,4037
2025-02-05 18:00:00,1.04198,1.04216,1.04143,1.04155,3004
2025-02-05 19:00:00,1.04156,1.04169,1.04047,1.04072,3190
2025-02-05 20:00:00,1.04072,1.04072,1.04011,1.04048,2645
2025-02-05 21:00:00,1.04048,1.04066,1.03968,1.04019,1622
2025-02-05 22:00:00,1.04016,1.04038,1.04006,1.04032,516
2025-02-05 23:00:00,1.04036,1.04058,1.03972,1.03987,1529
2025-02-06 00:00:00,1.03987,1.04024,1.03947,1.03974,2647
2025-02-06 01:00:00,1.03974,1.04047,1.03953,1.04023,3962
2025-02-06 02:00:00,1.04023,1.04056,1.03909,1.03951,2954
2025-02-06 03:00:00,1.03951,1.03963,1.03895,1.03920,2559
2025-02-06 04:00:00,1.03920,1.03938,1.03851,1.03871,1888
2025-02-06 05:00:00,1.03871,1.03903,1.03859,1.03865,2496
2025-02-06 06:00:00,1.03865,1.03925,1.03856,1.03901,2416
2025-02-06 07:00:00,1.03901,1.03915,1.03779,1.03800,4315
2025-02-06 08:00:00,1.03800,1.03809,1.03561,1.03651,6994
2025-02-06 09:00:00,1.03651,1.03679,1.03562,1.03593,4919
2025-02-06 10:00:00,1.03594,1.03664,1.03558,1.03625,4292
2025-02-06 11:00:00,1.03625,1.03677,1.03580,1.03619,4136
2025-02-06 12:00:00,1.03619,1.03636,1.03525,1.03619,7887
2025-02-06 13:00:00,1.03619,1.03673,1.03534,1.03603,8252
2025-02-06 14:00:00,1.03603,1.03748,1.03598,1.03622,6451
2025-02-06 15:00:00,1.03622,1.03765,1.03609,1.03695,8243
2025-02-06 16:00:00,1.03695,1.03764,1.03667,1.03669,5042
2025-02-06 17:00:00,1.03669,1.03806,1.03658,1.03793,3029
2025-02-06 18:00:00,1.03793,1.03968,1.03737,1.03895,4561
2025-02-06 19:00:00,1.03895,1.03914,1.03802,1.03848,2967
2025-02-06 20:00:00,1.03847,1.03909,1.03839,1.03885,2308
2025-02-06 21:00:00,1.03884,1.03894,1.03820,1.03830,1057
2025-02-06 22:00:00,1.03809,1.03849,1.03809,1.03824,588
2025-02-06 23:00:00,1.03824,1.03868,1.03824,1.03852,1273
2025-02-07 00:00:00,1.03852,1.03910,1.03773,1.03777,2354
2025-02-07 01:00:00,1.03777,1.03870,1.03744,1.03839,3638
2025-02-07 02:00:00,1.03839,1.03861,1.03809,1.03842,2730
2025-02-07 03:00:00,1.03842,1.03849,1.03772,1.03798,2143
2025-02-07 04:00:00,1.03798,1.03835,1.03758,1.03812,1997
2025-02-07 05:00:00,1.03812,1.03815,1.03738,1.03752,2100
2025-02-07 06:00:00,1.03752,1.03773,1.03726,1.03761,2286
2025-02-07 07:00:00,1.03761,1.03903,1.03742,1.03892,3577
2025-02-07 08:00:00,1.03892,1.04000,1.03855,1.03978,4101
2025-02-07 09:00:00,1.03977,1.03992,1.03899,1.03911,3719
2025-02-07 10:00:00,1.03911,1.03915,1.03791,1.03814,3093
2025-02-07 11:00:00,1.03814,1.03842,1.03773,1.03824,2849
2025-02-07 12:00:00,1.03824,1.03825,1.03683,1.03744,3728
2025-02-07 13:00:00,1.03744,1.04125,1.03489,1.03636,16386
2025-02-07 14:00:00,1.03636,1.03888,1.03608,1.03858,9525
2025-02-07 15:00:00,1.03858,1.03878,1.03274,1.03550,14424
2025-02-07 16:00:00,1.03550,1.03552,1.03214,1.03279,16388
2025-02-07 17:00:00,1.03279,1.03610,1.03051,1.03217,13088
2025-02-07 18:00:00,1.03217,1.03360,1.03210,1.03252,3585
2025-02-07 19:00:00,1.03252,1.03370,1.03238,1.03323,3424
2025-02-07 20:00:00,1.03324,1.03384,1.03214,1.03278,3297
2025-02-07 21:00:00,1.03278,1.03324,1.03252,1.03258,1664
2025-02-09 22:00:00,1.02794,1.03015,1.02794,1.02909,1628
2025-02-09 23:00:00,1.02909,1.03137,1.02909,1.03098,3580
2025-02-10 00:00:00,1.03098,1.03186,1.03091,1.03102,3132
2025-02-10 01:00:00,1.03102,1.03147,1.03000,1.03032,3952
2025-02-10 02:00:00,1.03032,1.03069,1.02986,1.02997,2345
2025-02-10 03:00:00,1.02997,1.03118,1.02997,1.03117,1892
2025-02-10 04:00:00,1.03117,1.03159,1.03113,1.03132,1552
2025-02-10 05:00:00,1.03132,1.03217,1.03132,1.03162,1697
2025-02-10 06:00:00,1.03162,1.03200,1.03120,1.03190,2412
2025-02-10 07:00:00,1.03190,1.03257,1.03100,1.03128,5227
2025-02-10 08:00:00,1.03128,1.03232,1.03067,1.03223,6705
2025-02-10 09:00:00,1.03223,1.03349,1.03210,1.03268,4912
2025-02-10 10:00:00,1.03268,1.03337,1.03235,1.03300,3394
2025-02-10 11:00:00,1.03300,1.03365,1.03201,1.03206,3755
2025-02-10 12:00:00,1.03206,1.03221,1.03086,1.03137,4795
2025-02-10 13:00:00,1.03137,1.03264,1.03137,1.03217,4529
2025-02-10 14:00:00,1.03217,1.03239,1.03043,1.03112,6319
2025-02-10 15:00:00,1.03114,1.03200,1.03106,1.03152,5345
2025-02-10 16:00:00,1.03152,1.03182,1.03045,1.03116,4577
2025-02-10 17:00:00,1.03116,1.03148,1.03066,1.03124,2823
2025-02-10 18:00:00,1.03124,1.03160,1.03060,1.03072,2472
2025-02-10 19:00:00,1.03072,1.03110,1.03052,1.03069,2062
2025-02-10 20:00:00,1.03069,1.03084,1.03050,1.03069,1540
2025-02-10 21:00:00,1.03069,1.03085,1.03050,1.03065,692
2025-02-10 22:00:00,1.03051,1.03084,1.03031,1.03053,913
2025-02-10 23:00:00,1.03053,1.03076,1.02984,1.03006,2166
2025-02-11 00:00:00,1.03006,1.03068,1.02996,1.03047,1655
2025-02-11 01:00:00,1.03047,1.03048,1.03000,1.03021,2898
2025-02-11 02:00:00,1.03021,1.03030,1.02922,1.02931,2805
2025-02-11 03:00:00,1.02931,1.03007,1.02921,1.02982,2053
2025-02-11 04:00:00,1.02982,1.03043,1.02976,1.03042,1513
2025-02-11 05:00:00,1.03042,1.03059,1.03021,1.03047,1567
2025-02-11 06:00:00,1.03048,1.03105,1.03041,1.03052,2537
2025-02-11 07:00:00,1.03052,1.03079,1.03009,1.03032,3854
2025-02-11 08:00:00,1.03032,1.03200,1.02998,1.03183,4593
2025-02-11 09:00:00,1.03183,1.03221,1.03126,1.03180,4176
2025-02-11 10:00:00,1.03181,1.03252,1.03145,1.03162,3396
2025-02-11 11:00:00,1.03162,1.03228,1.03159,1.03219,2638
2025-02-11 12:00:00,1.03219,1.03286,1.03205,1.03221,3720
2025-02-11 13:00:00,1.03221,1.03262,1.03166,1.03225,4672
2025-02-11 14:00:00,1.03225,1.03372,1.03218,1.03326,4881
2025-02-11 15:00:00,1.03326,1.03432,1.03281,1.03398,6857
2025-02-11 16:00:00,1.03398,1.03515,1.03390,1.03457,5565
2025-02-11 17:00:00,1.03457,1.03486,1.03435,1.03454,2944
2025-02-11 18:00:00,1.03454,1.03516,1.03446,1.03455,2351
2025-02-11 19:00:00,1.03455,1.03817,1.03420,1.03582,5074
2025-02-11 20:00:00,1.03582,1.03675,1.03577,1.03631,3362
2025-02-11 21:00:00,1.03631,1.03642,1.03587,1.03609,1535
2025-02-11 22:00:00,1.03579,1.03635,1.03579,1.03617,475
2025-02-11 23:00:00,1.03617,1.03677,1.03605,1.03632,1286
2025-02-12 00:00:00,1.03632,1.03643,1.03563,1.03574,1904
2025-02-12 01:00:00,1.03573,1.03641,1.03539,1.03605,3183
2025-02-12 02:00:00,1.03605,1.03679,1.03605,1.03625,2463
2025-02-12 03:00:00,1.03625,1.03656,1.03587,1.03621,2427
2025-02-12 04:00:00,1.03621,1.03636,1.03561,1.03563,2086
2025-02-12 05:00:00,1.03563,1.03593,1.03548,1.03585,2050
2025-02-12 06:00:00,1.03585,1.03602,1.03568,1.03590,2131
2025-02-12 07:00:00,1.03590,1.03793,1.03583,1.03760,4696
2025-02-12 08:00:00,1.03759,1.03800,1.03679,1.03711,5634
2025-02-12 09:00:00,1.03711,1.03741,1.03646,1.03737,3963
2025-02-12 10:00:00,1.03737,1.03774,1.03701,1.03755,3941
2025-02-12 11:00:00,1.03755,1.03857,1.03738,1.03752,3922
2025-02-12 12:00:00,1.03752,1.03789,1.03720,1.03729,3789
2025-02-12 13:00:00,1.03729,1.03762,1.03168,1.03331,16155
2025-02-12 14:00:00,1.03331,1.03538,1.03253,1.03502,11482
2025-02-12 15:00:00,1.03502,1.03828,1.03380,1.03745,14087
2025-02-12 16:00:00,1.03745,1.04037,1.03504,1.03913,10380
2025-02-12 17:00:00,1.03913,1.04274,1.03904,1.04262,11618
2025-02-12 18:00:00,1.04262,1.04298,1.03873,1.03894,7461
2025-02-12 19:00:00,1.03893,1.03934,1.03846,1.03910,3776
2025-02-12 20:00:00,1.03910,1.03975,1.03880,1.03917,3299
2025-02-12 21:00:00,1.03917,1.03925,1.03807,1.03819,2046
2025-02-12 22:00:00,1.03819,1.03861,1.03813,1.03834,1093
2025-02-12 23:00:00,1.03834,1.03923,1.03834,1.03923,1764
2025-02-13 00:00:00,1.03923,1.04006,1.03881,1.03896,2344
2025-02-13 01:00:00,1.03896,1.04020,1.03872,1.03998,4105
2025-02-13 02:00:00,1.03998,1.04078,1.03965,1.04040,3211
2025-02-13 03:00:00,1.04040,1.04220,1.04034,1.04190,2994
2025-02-13 04:00:00,1.04190,1.04356,1.04186,1.04346,3662
2025-02-13 05:00:00,1.04347,1.04384,1.04305,1.04350,3423
2025-02-13 06:00:00,1.04350,1.04401,1.04286,1.04309,4257
2025-02-13 07:00:00,1.04309,1.04367,1.04224,1.04256,6092
2025-02-13 08:00:00,1.04256,1.04265,1.04100,1.04137,6811
2025-02-13 09:00:00,1.04137,1.04264,1.04110,1.04232,5113
2025-02-13 10:00:00,1.04232,1.04292,1.04131,1.04157,4359
2025-02-13 11:00:00,1.04157,1.04275,1.03925,1.04030,6799
2025-02-13 12:00:00,1.04030,1.04034,1.03858,1.03900,6809
2025-02-13 13:00:00,1.03899,1.04072,1.03748,1.03926,12768
2025-02-13 14:00:00,1.03926,1.04015,1.03818,1.03997,10060
2025-02-13 15:00:00,1.03997,1.04384,1.03997,1.04334,16118
2025-02-13 16:00:00,1.04334,1.04455,1.04243,1.04273,7387
2025-02-13 17:00:00,1.04273,1.04391,1.04250,1.04255,4649
2025-02-13 18:00:00,1.04254,1.04317,1.03731,1.04094,15176
2025-02-13 19:00:00,1.04094,1.04427,1.04085,1.04372,6524
2025-02-13 20:00:00,1.04372,1.04659,1.04355,1.04617,3580
2025-02-13 21:00:00,1.04617,1.04672,1.04571,1.04636,1713
2025-02-13 22:00:00,1.04630,1.04681,1.04622,1.04658,853
2025-02-13 23:00:00,1.04660,1.04675,1.04560,1.04616,2258
2025-02-14 00:00:00,1.04616,1.04670,1.04577,1.04609,3216
2025-02-14 01:00:00,1.04609,1.04671,1.04582,1.04592,4116
2025-02-14 02:00:00,1.04592,1.04611,1.04552,1.04568,2795
2025-02-14 03:00:00,1.04568,1.04617,1.04538,1.04587,2306
2025-02-14 04:00:00,1.04587,1.04638,1.04547,1.04548,1771
2025-02-14 05:00:00,1.04548,1.04559,1.04472,1.04527,2300
2025-02-14 06:00:00,1.04528,1.04609,1.04519,1.04587,3308
2025-02-14 07:00:00,1.04587,1.04723,1.04579,1.04648,5298
2025-02-14 08:00:00,1.04648,1.04865,1.04636,1.04768,6985
2025-02-14 09:00:00,1.04768,1.04878,1.04759,1.04813,5038
2025-02-14 10:00:00,1.04813,1.04829,1.04643,1.04671,4329
2025-02-14 11:00:00,1.04671,1.04695,1.04629,1.04674,3790
2025-02-14 12:00:00,1.04674,1.04750,1.04569,1.04717,4306
2025-02-14 13:00:00,1.04718,1.04979,1.04711,1.04883,10352
2025-02-14 14:00:00,1.04883,1.05143,1.04873,1.05087,8901
2025-02-14 15:00:00,1.05086,1.05128,1.04909,1.05083,8563
2025-02-14 16:00:00,1.05083,1.05101,1.04969,1.04975,5730
2025-02-14 17:00:00,1.04975,1.05088,1.04940,1.05073,3192
2025-02-14 18:00:00,1.05073,1.05082,1.04996,1.05045,2658
2025-02-14 19:00:00,1.05045,1.05052,1.04949,1.04987,2853
2025-02-14 20:00:00,1.04985,1.04985,1.04912,1.04920,2686
2025-02-14 21:00:00,1.04920,1.04946,1.04883,1.04887,2081
2025-02-16 22:00:00,1.04846,1.04893,1.04846,1.04885,589
2025-02-16 23:00:00,1.04885,1.04944,1.04846,1.04886,3262
2025-02-17 00:00:00,1.04886,1.04934,1.04855,1.04924,2454
2025-02-17 01:00:00,1.04924,1.05066,1.04896,1.05054,3293
2025-02-17 02:00:00,1.05054,1.05055,1.04958,1.05012,2936
2025-02-17 03:00:00,1.05012,1.05036,1.04942,1.04948,3150
2025-02-17 04:00:00,1.04948,1.04974,1.04893,1.04955,2061
2025-02-17 05:00:00,1.04955,1.04982,1.04848,1.04898,3453
2025-02-17 06:00:00,1.04898,1.04934,1.04880,1.04917,3007
2025-02-17 07:00:00,1.04917,1.04957,1.04805,1.04826,4765
2025-02-17 08:00:00,1.04826,1.04850,1.04710,1.04744,5988
2025-02-17 09:00:00,1.04744,1.04814,1.04712,1.04742,4040
2025-02-17 10:00:00,1.04742,1.04893,1.04732,1.04889,3446
2025-02-17 11:00:00,1.04889,1.04892,1.04778,1.04819,2930
2025-02-17 12:00:00,1.04819,1.04850,1.04685,1.04722,3643
2025-02-17 13:00:00,1.04722,1.04765,1.04671,1.04743,2986
2025-02-17 14:00:00,1.04743,1.04794,1.04713,1.04784,2627
2025-02-17 15:00:00,1.04784,1.04842,1.04742,1.04796,2965
2025-02-17 16:00:00,1.04797,1.04833,1.04769,1.04787,2406
2025-02-17 17:00:00,1.04787,1.04847,1.04779,1.04826,1364
2025-02-17 18:00:00,1.04826,1.04826,1.04792,1.04822,597
2025-02-17 19:00:00,1.04822,1.04838,1.04797,1.04816,950
2025-02-17 20:00:00,1.04816,1.04838,1.04808,1.04835,927
2025-02-17 21:00:00,1.04835,1.04851,1.04826,1.04837,788
2025-02-17 22:00:00,1.04755,1.04840,1.04728,1.04800,1009
2025-02-17 23:00:00,1.04800,1.04858,1.04764,1.04849,1354
2025-02-18 00:00:00,1.04849,1.04863,1.04727,1.04750,2451
2025-02-18 01:00:00,1.04750,1.04757,1.04619,1.04661,3173
2025-02-18 02:00:00,1.04662,1.04708,1.04656,1.04677,2491
2025-02-18 03:00:00,1.04677,1.04725,1.04619,1.04630,3142
2025-02-18 04:00:00,1.04630,1.04641,1.04553,1.04572,2129
2025-02-18 05:00:00,1.04572,1.04592,1.04522,1.04551,2436
2025-02-18 06:00:00,1.04551,1.04633,1.04546,1.04613,2803
2025-02-18 07:00:00,1.04613,1.04692,1.04586,1.04636,4270
2025-02-18 08:00:00,1.04636,1.04694,1.04547,1.04568,5090
2025-02-18 09:00:00,1.04568,1.04652,1.04556,1.04641,4050
2025-02-18 10:00:00,1.04639,1.04674,1.04589,1.04623,3500
2025-02-18 11:00:00,1.04623,1.04649,1.04612,1.04628,2480
2025-02-18 12:00:00,1.04628,1.04670,1.04528,1.04553,3873
2025-02-18 13:00:00,1.04552,1.04571,1.04417,1.04447,4855
2025-02-18 14:00:00,1.04447,1.04549,1.04417,1.04524,5176
2025-02-18 15:00:00,1.04524,1.04671,1.04516,1.04664,6175
2025-02-18 16:00:00,1.04664,1.04696,1.04539,1.04567,4550
2025-02-18 17:00:00,1.04567,1.04567,1.04391,1.04459,3292
2025-02-18 18:00:00,1.04459,1.04479,1.04350,1.04440,2783
2025-02-18 19:00:00,1.04440,1.04498,1.04406,1.04452,1959
2025-02-18 20:00:00,1.04452,1.04478,1.04413,1.04478,1918
2025-02-18 21:00:00,1.04478,1.04495,1.04445,1.04455,1446
2025-02-18 22:00:00,1.04430,1.04511,1.04430,1.04501,1357
2025-02-18 23:00:00,1.04501,1.04510,1.04451,1.04482,1171
2025-02-19 00:00:00,1.04482,1.04492,1.04439,1.04458,2071
2025-02-19 01:00:00,1.04458,1.04480,1.04409,1.04465,3326
2025-02-19 02:00:00,1.04465,1.04522,1.04448,1.04518,2621
2025-02-19 03:00:00,1.04518,1.04522,1.04476,1.04513,1974
2025-02-19 04:00:00,1.04513,1.04532,1.04482,1.04523,1819
2025-02-19 05:00:00,1.04523,1.04564,1.04487,1.04564,1859
2025-02-19 06:00:00,1.04564,1.04614,1.04544,1.04553,2513
2025-02-19 07:00:00,1.04553,1.04593,1.04486,1.04512,3870
2025-02-19 08:00:00,1.04512,1.04562,1.04386,1.04405,4287
2025-02-19 09:00:00,1.04405,1.04437,1.04281,1.04290,4190
2025-02-19 10:00:00,1.04290,1.04297,1.04187,1.04240,4126
2025-02-19 11:00:00,1.04240,1.04333,1.04202,1.04246,5843
2025-02-19 12:00:00,1.04246,1.04319,1.04218,1.04281,4045
2025-02-19 13:00:00,1.04282,1.04354,1.04251,1.04341,4232
2025-02-19 14:00:00,1.04341,1.04378,1.04275,1.04343,4846
2025-02-19 15:00:00,1.04343,1.04413,1.04215,1.04241,7664
2025-02-19 16:00:00,1.04241,1.04251,1.04042,1.04046,5492
2025-02-19 17:00:00,1.04046,1.04133,1.04008,1.04098,3290
2025-02-19 18:00:00,1.04098,1.04218,1.04085,1.04196,2767
2025-02-19 19:00:00,1.04196,1.04326,1.04182,1.04258,4104
2025-02-19 20:00:00,1.04258,1.04265,1.04208,1.04254,2506
2025-02-19 21:00:00,1.04253,1.04264,1.04220,1.04220,983
2025-02-19 22:00:00,1.04220,1.04258,1.04148,1.04244,713
2025-02-19 23:00:00,1.04244,1.04257,1.04199,1.04207,1302
2025-02-20 00:00:00,1.04207,1.04302,1.04197,1.04293,2890
2025-02-20 01:00:00,1.04293,1.04327,1.04187,1.04213,3628
2025-02-20 02:00:00,1.04213,1.04377,1.04202,1.04357,4765
2025-02-20 03:00:00,1.04357,1.04361,1.04267,1.04312,2817
2025-02-20 04:00:00,1.04312,1.04318,1.04241,1.04302,2100
2025-02-20 05:00:00,1.04302,1.04343,1.04269,1.04275,2115
2025-02-20 06:00:00,1.04275,1.04343,1.04244,1.04249,2801
2025-02-20 07:00:00,1.04249,1.04336,1.04235,1.04316,4059
2025-02-20 08:00:00,1.04316,1.04421,1.04294,1.04333,5072
2025-02-20 09:00:00,1.04333,1.04385,1.04286,1.04370,3736
2025-02-20 10:00:00,1.04369,1.04442,1.04342,1.04423,3485
2025-02-20 11:00:00,1.04423,1.04464,1.04308,1.04384,3095
2025-02-20 12:00:00,1.04384,1.04438,1.04333,1.04356,5236
2025-02-20 13:00:00,1.04356,1.04549,1.04348,1.04482,5948
2025-02-20 14:00:00,1.04482,1.04607,1.04421,1.04466,7127
2025-02-20 15:00:00,1.04466,1.04757,1.04417,1.04740,8183
2025-02-20 16:00:00,1.04740,1.04784,1.04642,1.04750,5335
2025-02-20 17:00:00,1.04750,1.04946,1.04710,1.04892,4561
2025-02-20 18:00:00,1.04892,1.04986,1.04854,1.04980,3109
2025-02-20 19:00:00,1.04980,1.05035,1.04893,1.05016,2925
2025-02-20 20:00:00,1.05016,1.05032,1.04954,1.05028,2041
2025-02-20 21:00:00,1.05028,1.05035,1.05001,1.05008,873
2025-02-20 22:00:00,1.05011,1.05011,1.04915,1.04972,895
2025-02-20 23:00:00,1.04972,1.05058,1.04972,1.05005,1811
2025-02-21 00:00:00,1.05005,1.05005,1.04892,1.04901,2751
2025-02-21 01:00:00,1.04901,1.04933,1.04844,1.04868,3535
2025-02-21 02:00:00,1.04868,1.05031,1.04864,1.05026,3805
2025-02-21 03:00:00,1.05026,1.05046,1.04991,1.05026,2723
2025-02-21 04:00:00,1.05025,1.05050,1.04974,1.04990,1531
2025-02-21 05:00:00,1.04990,1.05007,1.04915,1.04928,2468
2025-02-21 06:00:00,1.04928,1.04941,1.04879,1.04884,3104
2025-02-21 07:00:00,1.04884,1.04998,1.04884,1.04920,4033
2025-02-21 08:00:00,1.04921,1.04941,1.04679,1.04765,7578
2025-02-21 09:00:00,1.04765,1.04811,1.04666,1.04691,5132
2025-02-21 10:00:00,1.04691,1.04722,1.04645,1.04651,3645
2025-02-21 11:00:00,1.04651,1.04740,1.04631,1.04692,3051
2025-02-21 12:00:00,1.04692,1.04710,1.04594,1.04618,3118
2025-02-21 13:00:00,1.04618,1.04779,1.04614,1.04752,4389
2025-02-21 14:00:00,1.04752,1.04928,1.04702,1.04810,7887
2025-02-21 15:00:00,1.04811,1.04861,1.04525,1.04541,9535
2025-02-21 16:00:00,1.04541,1.04579,1.04493,1.04547,4708
2025-02-21 17:00:00,1.04547,1.04645,1.04520,1.04631,3628
2025-02-21 18:00:00,1.04631,1.04679,1.04508,1.04597,5137
2025-02-21 19:00:00,1.04597,1.04666,1.04573,1.04621,3717
2025-02-21 20:00:00,1.04621,1.04646,1.04574,1.04607,2919
2025-02-21 21:00:00,1.04608,1.04622,1.04585,1.04592,1487
2025-02-23 22:00:00,1.04674,1.04811,1.04608,1.04744,1870
2025-02-23 23:00:00,1.04744,1.04848,1.04713,1.04739,2768
2025-02-24 00:00:00,1.04739,1.05073,1.04717,1.05043,4896
2025-02-24 01:00:00,1.05044,1.05209,1.05022,1.05179,6942
2025-02-24 02:00:00,1.05179,1.05283,1.05156,1.05228,5814
2025-02-24 03:00:00,1.05228,1.05258,1.05163,1.05195,3437
2025-02-24 04:00:00,1.05195,1.05208,1.05112,1.05156,2391
2025-02-24 05:00:00,1.05157,1.05197,1.05101,1.05165,3368
2025-02-24 06:00:00,1.05165,1.05165,1.05011,1.05089,3143
2025-02-24 07:00:00,1.05089,1.05150,1.04867,1.04911,6694
2025-02-24 08:00:00,1.04911,1.04927,1.04697,1.04800,7118
2025-02-24 09:00:00,1.04800,1.04849,1.04689,1.04720,5741
2025-02-24 10:00:00,1.04720,1.04807,1.04669,1.04802,4672
2025-02-24 11:00:00,1.04802,1.04814,1.04637,1.04684,3370
2025-02-24 12:00:00,1.04684,1.04726,1.04601,1.04689,3544
2025-02-24 13:00:00,1.04689,1.04757,1.04648,1.04669,4595
2025-02-24 14:00:00,1.04669,1.04698,1.04528,1.04606,5786
2025-02-24 15:00:00,1.04606,1.04706,1.04601,1.04691,7373
2025-02-24 16:00:00,1.04691,1.04802,1.04656,1.04778,4938
2025-02-24 17:00:00,1.04778,1.04838,1.04681,1.04724,4773
2025-02-24 18:00:00,1.04724,1.04858,1.04707,1.04806,3302
2025-02-24 19:00:00,1.04806,1.04843,1.04728,1.04753,3664
2025-02-24 20:00:00,1.04753,1.04794,1.04646,1.04650,4326
2025-02-24 21:00:00,1.04650,1.04682,1.04619,1.04674,1482
2025-02-24 22:00:00,1.04674,1.04697,1.04657,1.04681,693
2025-02-24 23:00:00,1.04681,1.04690,1.04604,1.04614,1580
2025-02-25 00:00:00,1.04608,1.04642,1.04597,1.04634,2249
2025-02-25 01:00:00,1.04633,1.04657,1.04607,1.04652,2854
2025-02-25 02:00:00,1.04652,1.04750,1.04651,1.04744,3312
2025-02-25 03:00:00,1.04744,1.04764,1.04714,1.04732,2586
2025-02-25 04:00:00,1.04732,1.04773,1.04725,1.04730,1873
2025-02-25 05:00:00,1.04730,1.04783,1.04722,1.04769,1947
2025-02-25 06:00:00,1.04769,1.04801,1.04727,1.04770,2573
2025-02-25 07:00:00,1.04770,1.04778,1.04635,1.04643,5568
2025-02-25 08:00:00,1.04643,1.04790,1.04562,1.04702,6952
2025-02-25 09:00:00,1.04702,1.04788,1.04685,1.04731,4965
2025-02-25 10:00:00,1.04731,1.04741,1.04652,1.04728,3803
2025-02-25 11:00:00,1.04728,1.04898,1.04715,1.04894,3877
2025-02-25 12:00:00,1.04894,1.05004,1.04881,1.04937,5032
2025-02-25 13:00:00,1.04937,1.05098,1.04935,1.05003,5479
2025-02-25 14:00:00,1.05003,1.05052,1.04917,1.05026,6322
2025-02-25 15:00:00,1.05026,1.05194,1.04948,1.04985,8993
2025-02-25 16:00:00,1.04985,1.05061,1.04947,1.04977,7162
2025-02-25 17:00:00,1.04977,1.05024,1.04839,1.05023,4316
2025-02-25 18:00:00,1.05023,1.05183,1.05022,1.05085,3795
2025-02-25 19:00:00,1.05085,1.05128,1.05045,1.05105,3503
2025-02-25 20:00:00,1.05105,1.05191,1.05092,1.05163,3431
2025-02-25 21:00:00,1.05163,1.05177,1.05128,1.05129,1801
2025-02-25 22:00:00,1.05104,1.05138,1.05104,1.05132,625
2025-02-25 23:00:00,1.05132,1.05229,1.05116,1.05204,2130
2025-02-26 00:00:00,1.05204,1.05250,1.05196,1.05228,2416
2025-02-26 01:00:00,1.05228,1.05237,1.05139,1.05153,3329
2025-02-26 02:00:00,1.05153,1.05170,1.05042,1.05064,3082
2025-02-26 03:00:00,1.05064,1.05087,1.05012,1.05044,2413
2025-02-26 04:00:00,1.05043,1.05054,1.04967,1.04971,1637
2025-02-26 05:00:00,1.04971,1.04980,1.04903,1.04915,2583
2025-02-26 06:00:00,1.04915,1.04964,1.04872,1.04945,2641
2025-02-26 07:00:00,1.04945,1.05015,1.04925,1.04938,4968
2025-02-26 08:00:00,1.04938,1.05116,1.04916,1.05026,5900
2025-02-26 09:00:00,1.05026,1.05032,1.04948,1.04970,4485
2025-02-26 10:00:00,1.04970,1.05008,1.04912,1.04978,4220
2025-02-26 11:00:00,1.04978,1.05022,1.04866,1.04916,3482
2025-02-26 12:00:00,1.04916,1.04950,1.04749,1.04768,4079
2025-02-26 13:00:00,1.04768,1.04947,1.04766,1.04842,5292
2025-02-26 14:00:00,1.04842,1.04927,1.04822,1.04898,6850
2025-02-26 15:00:00,1.04898,1.05091,1.04793,1.05059,8433
2025-02-26 16:00:00,1.05059,1.05157,1.05020,1.05137,6695
2025-02-26 17:00:00,1.05136,1.05289,1.04829,1.04924,10818
2025-02-26 18:00:00,1.04924,1.05004,1.04849,1.04881,6233
2025-02-26 19:00:00,1.04881,1.04934,1.04820,1.04911,4836
2025-02-26 20:00:00,1.04911,1.04911,1.04807,1.04861,2964
2025-02-26 21:00:00,1.04861,1.04879,1.04786,1.04838,1782
2025-02-26 22:00:00,1.04779,1.04876,1.04779,1.04870,403
2025-02-26 23:00:00,1.04870,1.04926,1.04863,1.04879,1162
2025-02-27 00:00:00,1.04879,1.04879,1.04767,1.04773,2277
2025-02-27 01:00:00,1.04773,1.04834,1.04729,1.04784,2887
2025-02-27 02:00:00,1.04784,1.04806,1.04703,1.04709,2917
2025-02-27 03:00:00,1.04709,1.04744,1.04647,1.04656,2288
2025-02-27 04:00:00,1.04656,1.04695,1.04590,1.04630,2804
2025-02-27 05:00:00,1.04630,1.04655,1.04616,1.04651,2404
2025-02-27 06:00:00,1.04651,1.04732,1.04639,1.04717,2793
2025-02-27 07:00:00,1.04717,1.04801,1.04685,1.04754,3759
2025-02-27 08:00:00,1.04754,1.04803,1.04703,1.04785,4961
2025-02-27 09:00:00,1.04785,1.04852,1.04751,1.04842,3924
2025-02-27 10:00:00,1.04842,1.04844,1.04738,1.04817,3545
2025-02-27 11:00:00,1.04817,1.04874,1.04758,1.04759,3236
2025-02-27 12:00:00,1.04759,1.04841,1.04731,1.04767,4498
2025-02-27 13:00:00,1.04767,1.04898,1.04192,1.04236,12113
2025-02-27 14:00:00,1.04234,1.04418,1.04139,1.04203,13218
2025-02-27 15:00:00,1.04203,1.04278,1.04095,1.04150,10165
2025-02-27 16:00:00,1.04150,1.04161,1.04033,1.04137,6517
2025-02-27 17:00:00,1.04137,1.04181,1.04003,1.04074,4439
2025-02-27 18:00:00,1.04074,1.04176,1.04074,1.04172,3696
2025-02-27 19:00:00,1.04172,1.04178,1.04033,1.04045,3653
2025-02-27 20:00:00,1.04045,1.04083,1.04015,1.04053,3337
2025-02-27 21:00:00,1.04053,1.04055,1.03967,1.03976,2043
2025-02-27 22:00:00,1.03982,1.03987,1.03883,1.03938,790
2025-02-27 23:00:00,1.03938,1.04006,1.03922,1.03937,1843
2025-02-28 00:00:00,1.03937,1.04029,1.03935,1.04024,2786
2025-02-28 01:00:00,1.04025,1.04042,1.03845,1.03850,4434
2025-02-28 02:00:00,1.03850,1.03916,1.03803,1.03825,3954
2025-02-28 03:00:00,1.03825,1.03895,1.03813,1.03884,3000
2025-02-28 04:00:00,1.03884,1.03909,1.03861,1.03866,2229
2025-02-28 05:00:00,1.03866,1.03902,1.03842,1.03889,2497
2025-02-28 06:00:00,1.03889,1.03892,1.03825,1.03879,3263
2025-02-28 07:00:00,1.03879,1.04007,1.03856,1.03962,4802
2025-02-28 08:00:00,1.03962,1.04044,1.03951,1.04012,4828
2025-02-28 09:00:00,1.04012,1.04081,1.03945,1.03953,4493
2025-02-28 10:00:00,1.03953,1.04060,1.03924,1.03993,3236
2025-02-28 11:00:00,1.03993,1.04012,1.03935,1.03987,2962
2025-02-28 12:00:00,1.03987,1.04080,1.03980,1.04070,3861
2025-02-28 13:00:00,1.04070,1.04163,1.04052,1.04069,6750
2025-02-28 14:00:00,1.04069,1.04144,1.04010,1.04100,6664
2025-02-28 15:00:00,1.04100,1.04200,1.03933,1.03999,8546
2025-02-28 16:00:00,1.03999,1.04116,1.03981,1.04017,9030
2025-02-28 17:00:00,1.04017,1.04101,1.03900,1.03966,6663
2025-02-28 18:00:00,1.03966,1.03983,1.03626,1.03636,9325
2025-02-28 19:00:00,1.03636,1.03738,1.03598,1.03677,5332
2025-02-28 20:00:00,1.03677,1.03772,1.03622,1.03750,5281
2025-02-28 21:00:00,1.03750,1.03770,1.03686,1.03756,2047
2025-03-02 22:00:00,1.04020,1.04046,1.03989,1.04027,874
2025-03-02 23:00:00,1.04027,1.04211,1.03997,1.04121,4244
2025-03-03 00:00:00,1.04116,1.04202,1.04023,1.04094,4451
2025-03-03 01:00:00,1.04094,1.04234,1.04073,1.04198,4850
2025-03-03 02:00:00,1.04198,1.04233,1.04149,1.04200,3151
2025-03-03 03:00:00,1.04200,1.04200,1.04099,1.04171,3291
2025-03-03 04:00:00,1.04171,1.04206,1.04166,1.04179,1678
2025-03-03 05:00:00,1.04179,1.04195,1.04125,1.04143,2191
2025-03-03 06:00:00,1.04143,1.04163,1.04068,1.04084,3372
2025-03-03 07:00:00,1.04084,1.04103,1.04019,1.04056,5142
2025-03-03 08:00:00,1.04057,1.04068,1.03886,1.04012,6027
2025-03-03 09:00:00,1.04012,1.04291,1.04012,1.04274,4904
2025-03-03 10:00:00,1.04274,1.04449,1.04274,1.04420,6828
2025-03-03 11:00:00,1.04420,1.04579,1.04406,1.04526,5991
2025-03-03 12:00:00,1.04526,1.04763,1.04525,1.04704,7594
2025-03-03 13:00:00,1.04704,1.04764,1.04594,1.04720,5706
2025-03-03 14:00:00,1.04720,1.04910,1.04688,1.04805,7152
2025-03-03 15:00:00,1.04805,1.05037,1.04765,1.04846,11788
2025-03-03 16:00:00,1.04845,1.05015,1.04841,1.04962,6477
2025-03-03 17:00:00,1.04962,1.04969,1.04867,1.04904,3635
2025-03-03 18:00:00,1.04904,1.05040,1.04818,1.04871,5261
2025-03-03 19:00:00,1.04871,1.04937,1.04723,1.04729,6471
2025-03-03 20:00:00,1.04729,1.04851,1.04665,1.04823,9828
2025-03-03 21:00:00,1.04822,1.04928,1.04805,1.04860,2755
2025-03-03 22:00:00,1.04868,1.04881,1.04819,1.04871,753
2025-03-03 23:00:00,1.04871,1.04925,1.04765,1.04856,2829
2025-03-04 00:00:00,1.04856,1.04888,1.04767,1.04880,4623
2025-03-04 01:00:00,1.04880,1.04961,1.04825,1.04883,6128
2025-03-04 02:00:00,1.04883,1.04900,1.04802,1.04808,3557
2025-03-04 03:00:00,1.04808,1.04839,1.04749,1.04773,3239
2025-03-04 04:00:00,1.04773,1.04806,1.04713,1.04781,3133
2025-03-04 05:00:00,1.04780,1.04863,1.04710,1.04836,4667
2025-03-04 06:00:00,1.04836,1.04897,1.04790,1.04860,3464
2025-03-04 07:00:00,1.04860,1.05007,1.04809,1.04930,6971
2025-03-04 08:00:00,1.04930,1.05241,1.04862,1.05188,9773
2025-03-04 09:00:00,1.05188,1.05273,1.05095,1.05121,7139
2025-03-04 10:00:00,1.05121,1.05196,1.05025,1.05115,6305
2025-03-04 11:00:00,1.05115,1.05446,1.05097,1.05442,5688
2025-03-04 12:00:00,1.05442,1.05571,1.05361,1.05530,8374
2025-03-04 13:00:00,1.05532,1.05597,1.05307,1.05391,10011
2025-03-04 14:00:00,1.05391,1.05487,1.05206,1.05214,11766
2025-03-04 15:00:00,1.05214,1.05282,1.04959,1.05265,11791
2025-03-04 16:00:00,1.05265,1.05393,1.05153,1.05336,10008
2025-03-04 17:00:00,1.05336,1.05440,1.05306,1.05419,8297
2025-03-04 18:00:00,1.05418,1.05911,1.05378,1.05907,9985
2025-03-04 19:00:00,1.05907,1.06020,1.05865,1.06008,6354
2025-03-04 20:00:00,1.06008,1.06239,1.06007,1.06085,7629
2025-03-04 21:00:00,1.06087,1.06274,1.06081,1.06258,5556
2025-03-04 22:00:00,1.06184,1.06247,1.06167,1.06191,1013
2025-03-04 23:00:00,1.06191,1.06373,1.06191,1.06232,3169
2025-03-05 00:00:00,1.06232,1.06273,1.06108,1.06211,4961
2025-03-05 01:00:00,1.06211,1.06274,1.06086,1.06127,8196
2025-03-05 02:00:00,1.06127,1.06156,1.06038,1.06040,5349
2025-03-05 03:00:00,1.06041,1.06205,1.06019,1.06182,5566
2025-03-05 04:00:00,1.06182,1.06260,1.06154,1.06188,3102
2025-03-05 05:00:00,1.06188,1.06324,1.06188,1.06316,2723
2025-03-05 06:00:00,1.06316,1.06392,1.06242,1.06324,4809
2025-03-05 07:00:00,1.06324,1.06765,1.06297,1.06746,10280
2025-03-05 08:00:00,1.06743,1.06998,1.06586,1.06981,12381
2025-03-05 09:00:00,1.06981,1.07224,1.06957,1.07119,10442
2025-03-05 10:00:00,1.07119,1.07152,1.06836,1.06971,7457
2025-03-05 11:00:00,1.06971,1.06987,1.06764,1.06787,5985
2025-03-05 12:00:00,1.06787,1.07141,1.06787,1.06958,8412
2025-03-05 13:00:00,1.06958,1.07228,1.06858,1.07157,14170
2025-03-05 14:00:00,1.07157,1.07770,1.07138,1.07695,16195
2025-03-05 15:00:00,1.07690,1.07716,1.07411,1.07652,20369
2025-03-05 16:00:00,1.07652,1.07868,1.07611,1.07669,14573
2025-03-05 17:00:00,1.07669,1.07879,1.07624,1.07851,9386
2025-03-05 18:00:00,1.07851,1.07889,1.07637,1.07737,10253
2025-03-05 19:00:00,1.07738,1.07908,1.07699,1.07901,5873
2025-03-05 20:00:00,1.07901,1.07968,1.07878,1.07922,3779
2025-03-05 21:00:00,1.07922,1.07927,1.07855,1.07885,2668
2025-03-05 22:00:00,1.07898,1.07921,1.07884,1.07898,519
2025-03-05 23:00:00,1.07898,1.07951,1.07872,1.07942,1800
2025-03-06 00:00:00,1.07942,1.08029,1.07872,1.07945,3670
2025-03-06 01:00:00,1.07945,1.08203,1.07896,1.08152,5149
2025-03-06 02:00:00,1.08152,1.08192,1.07978,1.08051,5226
2025-03-06 03:00:00,1.08051,1.08054,1.07880,1.07895,3995
2025-03-06 04:00:00,1.07897,1.08045,1.07842,1.08035,2799
2025-03-06 05:00:00,1.08036,1.08117,1.08000,1.08104,3641
2025-03-06 06:00:00,1.08105,1.08201,1.07991,1.08028,4894
2025-03-06 07:00:00,1.08028,1.08223,1.07919,1.07991,11643
2025-03-06 08:00:00,1.07991,1.08170,1.07930,1.08011,15158
2025-03-06 09:00:00,1.08011,1.08070,1.07802,1.07999,10830
2025-03-06 10:00:00,1.08000,1.08036,1.07828,1.07918,7755
2025-03-06 11:00:00,1.07918,1.08012,1.07832,1.07991,6137
2025-03-06 12:00:00,1.07991,1.08070,1.07881,1.08000,6126
2025-03-06 13:00:00,1.08000,1.08453,1.07894,1.08260,16158
2025-03-06 14:00:00,1.08260,1.08414,1.08111,1.08372,19388
2025-03-06 15:00:00,1.08372,1.08540,1.08114,1.08172,17309
2025-03-06 16:00:00,1.08172,1.08380,1.08153,1.08175,13749
2025-03-06 17:00:00,1.08175,1.08222,1.07915,1.07971,8780
2025-03-06 18:00:00,1.07971,1.08018,1.07657,1.07838,6478
2025-03-06 19:00:00,1.07838,1.08115,1.07828,1.08017,5968
2025-03-06 20:00:00,1.08017,1.08034,1.07855,1.07865,4586
2025-03-06 21:00:00,1.07868,1.07905,1.07751,1.07812,2633
2025-03-06 22:00:00,1.07758,1.07906,1.07758,1.07894,1169
2025-03-06 23:00:00,1.07894,1.07964,1.07846,1.07873,1964
2025-03-07 00:00:00,1.07873,1.07954,1.07864,1.07875,3124
2025-03-07 01:00:00,1.07875,1.07929,1.07812,1.07901,4180
2025-03-07 02:00:00,1.07901,1.07994,1.07845,1.07993,3878
2025-03-07 03:00:00,1.07993,1.08148,1.07964,1.08057,3024
2025-03-07 04:00:00,1.08056,1.08133,1.08030,1.08131,2085
2025-03-07 05:00:00,1.08131,1.08177,1.08075,1.08133,2435
2025-03-07 06:00:00,1.08133,1.08251,1.08080,1.08234,3910
2025-03-07 07:00:00,1.08234,1.08408,1.08200,1.08298,6903
2025-03-07 08:00:00,1.08298,1.08553,1.08261,1.08508,7437
2025-03-07 09:00:00,1.08508,1.08714,1.08446,1.08614,7371
2025-03-07 10:00:00,1.08613,1.08671,1.08574,1.08606,6228
2025-03-07 11:00:00,1.08606,1.08606,1.08444,1.08495,5931
2025-03-07 12:00:00,1.08495,1.08572,1.08412,1.08545,7657
2025-03-07 13:00:00,1.08545,1.08889,1.08428,1.08445,19584
2025-03-07 14:00:00,1.08445,1.08820,1.08443,1.08538,19067
2025-03-07 15:00:00,1.08538,1.08868,1.08354,1.08702,16039
2025-03-07 16:00:00,1.08701,1.08728,1.08374,1.08588,10342
2025-03-07 17:00:00,1.08588,1.08644,1.08319,1.08433,10023
2025-03-07 18:00:00,1.08433,1.08444,1.08256,1.08400,5672
2025-03-07 19:00:00,1.08400,1.08442,1.08332,1.08426,4676
2025-03-07 20:00:00,1.08426,1.08491,1.08400,1.08473,3532
2025-03-07 21:00:00,1.08473,1.08514,1.08348,1.08359,1702
2025-03-09 21:00:00,1.08292,1.08394,1.08245,1.08394,373
2025-03-09 22:00:00,1.08394,1.08597,1.08390,1.08495,3162
2025-03-09 23:00:00,1.08495,1.08655,1.08483,1.08602,2931
2025-03-10 00:00:00,1.08602,1.08674,1.08527,1.08643,3846
2025-03-10 01:00:00,1.08643,1.08713,1.08526,1.08530,4858
2025-03-10 02:00:00,1.08530,1.08559,1.08358,1.08369,3921
2025-03-10 03:00:00,1.08369,1.08387,1.08301,1.08316,3251
2025-03-10 04:00:00,1.08316,1.08378,1.08303,1.08307,2089
2025-03-10 05:00:00,1.08307,1.08358,1.08278,1.08350,2897
2025-03-10 06:00:00,1.08350,1.08449,1.08345,1.08373,4484
2025-03-10 07:00:00,1.08372,1.08441,1.08110,1.08227,6925
2025-03-10 08:00:00,1.08227,1.08244,1.08049,1.08100,9840
2025-03-10 09:00:00,1.08100,1.08567,1.08087,1.08511,9366
2025-03-10 10:00:00,1.08511,1.08747,1.08506,1.08610,8650
2025-03-10 11:00:00,1.08610,1.08645,1.08124,1.08507,10718
2025-03-10 12:00:00,1.08507,1.08600,1.08421,1.08440,7795
2025-03-10 13:00:00,1.08440,1.08508,1.08332,1.08352,7656
2025-03-10 14:00:00,1.08351,1.08467,1.08314,1.08453,8397
2025-03-10 15:00:00,1.08452,1.08481,1.08208,1.08371,10176
2025-03-10 16:00:00,1.08371,1.08420,1.08279,1.08303,6274
2025-03-10 17:00:00,1.08303,1.08457,1.08257,1.08298,5703
2025-03-10 18:00:00,1.08298,1.08353,1.08176,1.08296,5661
2025-03-10 19:00:00,1.08297,1.08326,1.08175,1.08317,4575
2025-03-10 20:00:00,1.08317,1.08363,1.08257,1.08344,2365
2025-03-10 21:00:00,1.08293,1.08354,1.08293,1.08343,390
2025-03-10 22:00:00,1.08344,1.08416,1.08331,1.08349,1181
2025-03-10 23:00:00,1.08349,1.08437,1.08349,1.08392,2195
2025-03-11 00:00:00,1.08392,1.08536,1.08388,1.08516,4433
2025-03-11 01:00:00,1.08516,1.08588,1.08436,1.08581,5365
2025-03-11 02:00:00,1.08581,1.08606,1.08501,1.08559,4694
2025-03-11 03:00:00,1.08559,1.08599,1.08488,1.08545,3702
2025-03-11 04:00:00,1.08545,1.08617,1.08505,1.08545,2382
2025-03-11 05:00:00,1.08545,1.08558,1.08355,1.08384,3586
2025-03-11 06:00:00,1.08384,1.08760,1.08366,1.08566,7833
2025-03-11 07:00:00,1.08566,1.09015,1.08554,1.08906,10762
2025-03-11 08:00:00,1.08906,1.09192,1.08848,1.09172,10723
2025-03-11 09:00:00,1.09172,1.09210,1.08961,1.09084,7899
2025-03-11 10:00:00,1.09084,1.09084,1.08824,1.08905,6517
2025-03-11 11:00:00,1.08905,1.09048,1.08811,1.09046,5553
2025-03-11 12:00:00,1.09046,1.09207,1.09021,1.09181,7793
2025-03-11 13:00:00,1.09181,1.09307,1.09116,1.09199,8264
2025-03-11 14:00:00,1.09199,1.09204,1.08950,1.09193,15500
2025-03-11 15:00:00,1.09193,1.09287,1.09123,1.09273,10207
2025-03-11 16:00:00,1.09273,1.09296,1.09179,1.09251,6402
2025-03-11 17:00:00,1.09251,1.09351,1.09239,1.09341,5144
2025-03-11 18:00:00,1.09341,1.09473,1.09252,1.09309,9109
2025-03-11 19:00:00,1.09309,1.09340,1.09197,1.09199,5710
2025-03-11 20:00:00,1.09199,1.09210,1.09100,1.09185,1699
2025-03-11 21:00:00,1.09169,1.09191,1.09079,1.09111,773
2025-03-11 22:00:00,1.09111,1.09188,1.09109,1.09158,1119
2025-03-11 23:00:00,1.09158,1.09178,1.09131,1.09140,1153
2025-03-12 00:00:00,1.09140,1.09157,1.09055,1.09089,2857
2025-03-12 01:00:00,1.09089,1.09154,1.09060,1.09065,3996
2025-03-12 02:00:00,1.09065,1.09116,1.09032,1.09037,3320
2025-03-12 03:00:00,1.09037,1.09047,1.08960,1.08972,2295
2025-03-12 04:00:00,1.08972,1.09027,1.08958,1.08989,2273
2025-03-12 05:00:00,1.08989,1.09044,1.08951,1.09036,2988
2025-03-12 06:00:00,1.09036,1.09089,1.08919,1.08922,3658
2025-03-12 07:00:00,1.08922,1.09032,1.08874,1.09016,6786
2025-03-12 08:00:00,1.09017,1.09218,1.08977,1.09214,11105
2025-03-12 09:00:00,1.09214,1.09266,1.09134,1.09145,8263
2025-03-12 10:00:00,1.09146,1.09210,1.09045,1.09063,5621
2025-03-12 11:00:00,1.09063,1.09129,1.08994,1.09008,5995
2025-03-12 12:00:00,1.09008,1.09318,1.08762,1.08781,18579
2025-03-12 13:00:00,1.08781,1.08964,1.08757,1.08822,15363
2025-03-12 14:00:00,1.08822,1.09137,1.08811,1.09129,10793
2025-03-12 15:00:00,1.09128,1.09243,1.09100,1.09243,8518
2025-03-12 16:00:00,1.09243,1.09279,1.09057,1.09058,6319
2025-03-12 17:00:00,1.09057,1.09142,1.09032,1.09068,4886
2025-03-12 18:00:00,1.09068,1.09097,1.08796,1.08846,4425
2025-03-12 19:00:00,1.08846,1.08978,1.08830,1.08903,4225
2025-03-12 20:00:00,1.08903,1.08936,1.08862,1.08874,2066
2025-03-12 21:00:00,1.08860,1.08894,1.08858,1.08860,283
2025-03-12 22:00:00,1.08861,1.08900,1.08861,1.08890,882
2025-03-12 23:00:00,1.08890,1.08899,1.08833,1.08853,1061
2025-03-13 00:00:00,1.08853,1.08919,1.08826,1.08916,2077
2025-03-13 01:00:00,1.08916,1.08934,1.08864,1.08894,3331
2025-03-13 02:00:00,1.08894,1.08973,1.08883,1.08955,2590
2025-03-13 03:00:00,1.08955,1.08956,1.08850,1.08851,2004
2025-03-13 04:00:00,1.08850,1.08935,1.08818,1.08933,1915
2025-03-13 05:00:00,1.08933,1.08935,1.08792,1.08853,2888
2025-03-13 06:00:00,1.08853,1.08857,1.08693,1.08746,4122
2025-03-13 07:00:00,1.08746,1.08853,1.08596,1.08654,6825
2025-03-13 08:00:00,1.08654,1.08841,1.08590,1.08733,10200
2025-03-13 09:00:00,1.08732,1.08855,1.08687,1.08793,6011
2025-03-13 10:00:00,1.08796,1.08828,1.08624,1.08701,5622
2025-03-13 11:00:00,1.08701,1.08750,1.08446,1.08563,8829
2025-03-13 12:00:00,1.08563,1.08785,1.08261,1.08349,14778
2025-03-13 13:00:00,1.08349,1.08532,1.08225,1.08473,9910
2025-03-13 14:00:00,1.08473,1.08699,1.08460,1.08651,9823
2025-03-13 15:00:00,1.08651,1.08719,1.08544,1.08586,11256
2025-03-13 16:00:00,1.08586,1.08783,1.08551,1.08726,7068
2025-03-13 17:00:00,1.08725,1.08736,1.08543,1.08547,6060
2025-03-13 18:00:00,1.08547,1.08580,1.08520,1.08537,4161
2025-03-13 19:00:00,1.08537,1.08569,1.08476,1.08482,3146
2025-03-13 20:00:00,1.08483,1.08557,1.08464,1.08522,1555
2025-03-13 21:00:00,1.08467,1.08525,1.08461,1.08524,622
2025-03-13 22:00:00,1.08524,1.08556,1.08513,1.08523,823
2025-03-13 23:00:00,1.08523,1.08550,1.08501,1.08549,1544
2025-03-14 00:00:00,1.08549,1.08586,1.08482,1.08491,2870
2025-03-14 01:00:00,1.08492,1.08493,1.08405,1.08408,3053
2025-03-14 02:00:00,1.08408,1.08430,1.08342,1.08402,2428
2025-03-14 03:00:00,1.08402,1.08460,1.08378,1.08457,2563
2025-03-14 04:00:00,1.08456,1.08463,1.08377,1.08410,1937
2025-03-14 05:00:00,1.08410,1.08516,1.08409,1.08507,2497
2025-03-14 06:00:00,1.08507,1.08507,1.08352,1.08386,3103
2025-03-14 07:00:00,1.08386,1.08473,1.08305,1.08395,6669
2025-03-14 08:00:00,1.08394,1.08569,1.08353,1.08540,6105
2025-03-14 09:00:00,1.08540,1.08622,1.08469,1.08523,5429
2025-03-14 10:00:00,1.08523,1.09127,1.08515,1.08949,10947
2025-03-14 11:00:00,1.08949,1.09096,1.08876,1.08968,12256
2025-03-14 12:00:00,1.08968,1.09115,1.08901,1.08947,7806
2025-03-14 13:00:00,1.08947,1.08980,1.08702,1.08738,8289
2025-03-14 14:00:00,1.08738,1.08865,1.08655,1.08779,10422
2025-03-14 15:00:00,1.08779,1.08868,1.08668,1.08715,8387
2025-03-14 16:00:00,1.08715,1.08900,1.08705,1.08831,4725
2025-03-14 17:00:00,1.08831,1.08880,1.08791,1.08822,3607
2025-03-14 18:00:00,1.08822,1.08864,1.08732,1.08801,3342
2025-03-14 19:00:00,1.08801,1.08846,1.08783,1.08830,2522
2025-03-14 20:00:00,1.08830,1.08858,1.08812,1.08817,1238
2025-03-16 21:00:00,1.08781,1.08807,1.08766,1.08802,346
2025-03-16 22:00:00,1.08802,1.08854,1.08747,1.08815,1696
2025-03-16 23:00:00,1.08815,1.08852,1.08792,1.08797,1416
2025-03-17 00:00:00,1.08797,1.08827,1.08755,1.08794,2038
2025-03-17 01:00:00,1.08794,1.08903,1.08743,1.08829,2993
2025-03-17 02:00:00,1.08829,1.08858,1.08794,1.08812,2351
2025-03-17 03:00:00,1.08812,1.08863,1.08769,1.08833,1520
2025-03-17 04:00:00,1.08833,1.08938,1.08776,1.08821,2208
2025-03-17 05:00:00,1.08821,1.08823,1.08737,1.08775,1941
2025-03-17 06:00:00,1.08775,1.08843,1.08734,1.08779,2608
2025-03-17 07:00:00,1.08778,1.08845,1.08685,1.08763,5329
2025-03-17 08:00:00,1.08763,1.08869,1.08706,1.08838,6323
2025-03-17 09:00:00,1.08838,1.09006,1.08770,1.09000,5339
2025-03-17 10:00:00,1.09000,1.09099,1.08963,1.09078,3588
2025-03-17 11:00:00,1.09078,1.09120,1.08960,1.09020,3983
2025-03-17 12:00:00,1.09020,1.09092,1.08874,1.09018,9883
2025-03-17 13:00:00,1.09018,1.09065,1.08971,1.09048,7995
2025-03-17 14:00:00,1.09048,1.09187,1.09021,1.09161,6805
2025-03-17 15:00:00,1.09161,1.09298,1.09158,1.09214,5632
2025-03-17 16:00:00,1.09214,1.09263,1.09144,1.09211,4028
2025-03-17 17:00:00,1.09211,1.09239,1.09116,1.09140,3345
2025-03-17 18:00:00,1.09140,1.09264,1.09127,1.09255,3129
2025-03-17 19:00:00,1.09255,1.09255,1.09184,1.09206,2181
2025-03-17 20:00:00,1.09206,1.09279,1.09203,1.09223,1499
2025-03-17 21:00:00,1.09203,1.09225,1.09178,1.09216,450
2025-03-17 22:00:00,1.09216,1.09228,1.09192,1.09212,630
2025-03-17 23:00:00,1.09212,1.09216,1.09181,1.09181,900
2025-03-18 00:00:00,1.09181,1.09211,1.09149,1.09161,1944
2025-03-18 01:00:00,1.09161,1.09191,1.09123,1.09134,2287
2025-03-18 02:00:00,1.09134,1.09160,1.09078,1.09087,1955
2025-03-18 03:00:00,1.09087,1.09111,1.09063,1.09084,1461
2025-03-18 04:00:00,1.09084,1.09115,1.09079,1.09110,1272
2025-03-18 05:00:00,1.09110,1.09134,1.09073,1.09079,1548
2025-03-18 06:00:00,1.09079,1.09214,1.09035,1.09207,2892
2025-03-18 07:00:00,1.09207,1.09367,1.09163,1.09352,4497
2025-03-18 08:00:00,1.09352,1.09548,1.09330,1.09516,5841
2025-03-18 09:00:00,1.09516,1.09532,1.09394,1.09505,4600
2025-03-18 10:00:00,1.09505,1.09523,1.09317,1.09342,5641
2025-03-18 11:00:00,1.09342,1.09373,1.09141,1.09163,4619
2025-03-18 12:00:00,1.09163,1.09239,1.08925,1.09116,5914
2025-03-18 13:00:00,1.09116,1.09208,1.09015,1.09125,6931
2025-03-18 14:00:00,1.09125,1.09196,1.09070,1.09167,6739
2025-03-18 15:00:00,1.09168,1.09342,1.08966,1.09266,8730
2025-03-18 16:00:00,1.09266,1.09400,1.09235,1.09387,4823
2025-03-18 17:00:00,1.09387,1.09518,1.09386,1.09499,4896
2025-03-18 18:00:00,1.09501,1.09513,1.09407,1.09442,2618
2025-03-18 19:00:00,1.09440,1.09497,1.09415,1.09463,2388
2025-03-18 20:00:00,1.09463,1.09488,1.09424,1.09442,1050
2025-03-18 21:00:00,1.09439,1.09457,1.09414,1.09443,622
2025-03-18 22:00:00,1.09443,1.09462,1.09404,1.09419,840
2025-03-18 23:00:00,1.09419,1.09437,1.09376,1.09385,1108
2025-03-19 00:00:00,1.09385,1.09390,1.09318,1.09347,2382
2025-03-19 01:00:00,1.09347,1.09374,1.09335,1.09370,1684
2025-03-19 02:00:00,1.09371,1.09451,1.09355,1.09409,1651
2025-03-19 03:00:00,1.09409,1.09438,1.09328,1.09383,1536
2025-03-19 04:00:00,1.09383,1.09383,1.09279,1.09299,1496
2025-03-19 05:00:00,1.09299,1.09362,1.09297,1.09312,1731
2025-03-19 06:00:00,1.09312,1.09325,1.09206,1.09206,2689
2025-03-19 07:00:00,1.09207,1.09231,1.08731,1.08928,9337
2025-03-19 08:00:00,1.08927,1.09107,1.08922,1.09072,7398
2025-03-19 09:00:00,1.09072,1.09102,1.08955,1.09025,4767
2025-03-19 10:00:00,1.09025,1.09043,1.08914,1.08998,3889
2025-03-19 11:00:00,1.08998,1.09132,1.08939,1.09083,3815
2025-03-19 12:00:00,1.09083,1.09177,1.08992,1.09011,6065
2025-03-19 13:00:00,1.09011,1.09039,1.08928,1.08944,6056
2025-03-19 14:00:00,1.08944,1.09006,1.08817,1.08839,5131
2025-03-19 15:00:00,1.08839,1.08880,1.08754,1.08770,5192
2025-03-19 16:00:00,1.08770,1.08864,1.08760,1.08851,3512
2025-03-19 17:00:00,1.08851,1.08854,1.08605,1.08670,4066
2025-03-19 18:00:00,1.08630,1.09134,1.08622,1.09076,15399
2025-03-19 19:00:00,1.09074,1.09129,1.08850,1.08989,9622
2025-03-19 20:00:00,1.08987,1.09059,1.08958,1.09023,1432
2025-03-19 21:00:00,1.09022,1.09048,1.09022,1.09047,292
2025-03-19 22:00:00,1.09048,1.09132,1.09037,1.09086,1029
2025-03-19 23:00:00,1.09086,1.09119,1.09052,1.09117,1356
2025-03-20 00:00:00,1.09117,1.09165,1.09037,1.09124,3174
2025-03-20 01:00:00,1.09124,1.09131,1.09036,1.09058,3265
2025-03-20 02:00:00,1.09058,1.09174,1.09054,1.09091,3257
2025-03-20 03:00:00,1.09091,1.09142,1.09069,1.09097,2217
2025-03-20 04:00:00,1.09097,1.09106,1.09003,1.09034,1689
2025-03-20 05:00:00,1.09034,1.09034,1.08908,1.08956,1788
2025-03-20 06:00:00,1.08955,1.08989,1.08897,1.08935,2817
2025-03-20 07:00:00,1.08934,1.08943,1.08646,1.08794,5398
2025-03-20 08:00:00,1.08794,1.08858,1.08629,1.08654,6364
2025-03-20 09:00:00,1.08653,1.08684,1.08382,1.08522,7325
2025-03-20 10:00:00,1.08522,1.08547,1.08334,1.08459,7326
2025-03-20 11:00:00,1.08459,1.08519,1.08393,1.08494,4920
2025-03-20 12:00:00,1.08494,1.08556,1.08307,1.08338,6727
2025-03-20 13:00:00,1.08338,1.08392,1.08146,1.08254,7374
2025-03-20 14:00:00,1.08251,1.08388,1.08227,1.08295,6514
2025-03-20 15:00:00,1.08294,1.08493,1.08234,1.08473,5887
2025-03-20 16:00:00,1.08473,1.08523,1.08422,1.08487,4480
2025-03-20 17:00:00,1.08487,1.08519,1.08391,1.08446,2868
2025-03-20 18:00:00,1.08446,1.08496,1.08419,1.08484,2396
2025-03-20 19:00:00,1.08484,1.08542,1.08471,1.08531,2038
2025-03-20 20:00:00,1.08531,1.08591,1.08492,1.08496,949
2025-03-20 21:00:00,1.08432,1.08544,1.08432,1.08541,335
2025-03-20 22:00:00,1.08542,1.08589,1.08533,1.08572,890
2025-03-20 23:00:00,1.08572,1.08576,1.08532,1.08533,1153
2025-03-21 00:00:00,1.08533,1.08588,1.08507,1.08531,2356
2025-03-21 01:00:00,1.08531,1.08556,1.08484,1.08523,2674
2025-03-21 02:00:00,1.08523,1.08551,1.08422,1.08442,2558
2025-03-21 03:00:00,1.08442,1.08464,1.08334,1.08347,2024
2025-03-21 04:00:00,1.08347,1.08366,1.08275,1.08303,1833
2025-03-21 05:00:00,1.08303,1.08303,1.08199,1.08286,2804
2025-03-21 06:00:00,1.08286,1.08374,1.08243,1.08341,2923
2025-03-21 07:00:00,1.08341,1.08418,1.08269,1.08390,4100
2025-03-21 08:00:00,1.08390,1.08456,1.08240,1.08361,5449
2025-03-21 09:00:00,1.08361,1.08390,1.08247,1.08257,3492
2025-03-21 10:00:00,1.08257,1.08389,1.08257,1.08370,3595
2025-03-21 11:00:00,1.08370,1.08514,1.08351,1.08508,4149
2025-03-21 12:00:00,1.08508,1.08615,1.08298,1.08322,6527
2025-03-21 13:00:00,1.08322,1.08361,1.08252,1.08320,6858
2025-03-21 14:00:00,1.08320,1.08356,1.08185,1.08236,5985
2025-03-21 15:00:00,1.08236,1.08294,1.07970,1.08062,6873
2025-03-21 16:00:00,1.08062,1.08250,1.08045,1.08183,6680
2025-03-21 17:00:00,1.08182,1.08256,1.08052,1.08226,3998
2025-03-21 18:00:00,1.08226,1.08269,1.08147,1.08209,3241
2025-03-21 19:00:00,1.08209,1.08244,1.08152,1.08177,2501
2025-03-21 20:00:00,1.08177,1.08177,1.08115,1.08129,1330
2025-03-23 21:00:00,1.08118,1.08173,1.08118,1.08170,398
2025-03-23 22:00:00,1.08170,1.08303,1.08167,1.08198,1766
2025-03-23 23:00:00,1.08198,1.08371,1.08188,1.08360,1871
2025-03-24 00:00:00,1.08360,1.08400,1.08326,1.08373,2656
2025-03-24 01:00:00,1.08373,1.08376,1.08228,1.08260,3454
2025-03-24 02:00:00,1.08260,1.08321,1.08245,1.08250,2878
2025-03-24 03:00:00,1.08251,1.08294,1.08200,1.08203,2321
2025-03-24 04:00:00,1.08204,1.08245,1.08171,1.08228,1721
2025-03-24 05:00:00,1.08228,1.08307,1.08182,1.08291,2240
2025-03-24 06:00:00,1.08291,1.08448,1.08281,1.08397,3523
2025-03-24 07:00:00,1.08397,1.08500,1.08331,1.08382,4279
2025-03-24 08:00:00,1.08382,1.08583,1.08374,1.08432,7419
2025-03-24 09:00:00,1.08432,1.08451,1.08285,1.08393,5544
2025-03-24 10:00:00,1.08393,1.08548,1.08366,1.08481,4238
2025-03-24 11:00:00,1.08481,1.08494,1.08323,1.08326,3801
2025-03-24 12:00:00,1.08326,1.08346,1.08216,1.08298,4787
2025-03-24 13:00:00,1.08298,1.08307,1.07926,1.07933,7023
2025-03-24 14:00:00,1.07933,1.08204,1.07904,1.07996,8310
2025-03-24 15:00:00,1.07996,1.08054,1.07907,1.07939,6990
2025-03-24 16:00:00,1.07939,1.08073,1.07816,1.07918,5267
2025-03-24 17:00:00,1.07920,1.07964,1.07848,1.07877,3725
2025-03-24 18:00:00,1.07877,1.08133,1.07840,1.08052,3922
2025-03-24 19:00:00,1.08052,1.08071,1.07971,1.08023,1690
2025-03-24 20:00:00,1.08022,1.08063,1.07999,1.08007,1057
2025-03-24 21:00:00,1.08003,1.08013,1.07956,1.07998,560
2025-03-24 22:00:00,1.07998,1.08028,1.07950,1.08025,717
2025-03-24 23:00:00,1.08025,1.08038,1.08004,1.08025,765
2025-03-25 00:00:00,1.08025,1.08029,1.07961,1.08002,1697
2025-03-25 01:00:00,1.08002,1.08084,1.07998,1.08023,2331
2025-03-25 02:00:00,1.08023,1.08051,1.07941,1.07965,2253
2025-03-25 03:00:00,1.07965,1.08035,1.07958,1.08030,1763
2025-03-25 04:00:00,1.08030,1.08090,1.08026,1.08033,1450
2025-03-25 05:00:00,1.08033,1.08072,1.08012,1.08029,1634
2025-03-25 06:00:00,1.08029,1.08046,1.07929,1.07947,2323
2025-03-25 07:00:00,1.07947,1.08022,1.07851,1.07874,3892
2025-03-25 08:00:00,1.07874,1.07923,1.07769,1.07906,5386
2025-03-25 09:00:00,1.07906,1.08042,1.07876,1.08006,5236
2025-03-25 10:00:00,1.08006,1.08245,1.08000,1.08202,5071
2025-03-25 11:00:00,1.08202,1.08278,1.08109,1.08180,4745
2025-03-25 12:00:00,1.08180,1.08302,1.08158,1.08253,5122
2025-03-25 13:00:00,1.08253,1.08279,1.08140,1.08169,6261
2025-03-25 14:00:00,1.08169,1.08220,1.08020,1.08127,8069
2025-03-25 15:00:00,1.08127,1.08198,1.07973,1.08033,6399
2025-03-25 16:00:00,1.08033,1.08133,1.08020,1.08066,4515
2025-03-25 17:00:00,1.08066,1.08170,1.08060,1.08098,2878
2025-03-25 18:00:00,1.08095,1.08095,1.07970,1.07985,2649
2025-03-25 19:00:00,1.07985,1.08020,1.07910,1.07955,2845
2025-03-25 20:00:00,1.07955,1.07958,1.07899,1.07905,1248
2025-03-25 21:00:00,1.07893,1.07924,1.07892,1.07908,346
2025-03-25 22:00:00,1.07908,1.07936,1.07880,1.07887,846
2025-03-25 23:00:00,1.07887,1.07890,1.07854,1.07888,972
2025-03-26 00:00:00,1.07888,1.07922,1.07836,1.07845,2146
2025-03-26 01:00:00,1.07845,1.07956,1.07781,1.07937,3436
2025-03-26 02:00:00,1.07937,1.07972,1.07903,1.07953,1983
2025-03-26 03:00:00,1.07953,1.07963,1.07839,1.07860,1914
2025-03-26 04:00:00,1.07860,1.07877,1.07812,1.07842,1476
2025-03-26 05:00:00,1.07842,1.07870,1.07778,1.07852,2000
2025-03-26 06:00:00,1.07852,1.07884,1.07822,1.07871,2570
2025-03-26 07:00:00,1.07868,1.07915,1.07812,1.07861,5226
2025-03-26 08:00:00,1.07861,1.07998,1.07851,1.07993,6724
2025-03-26 09:00:00,1.07993,1.08027,1.07929,1.07959,4577
2025-03-26 10:00:00,1.07959,1.08017,1.07867,1.07919,3501
2025-03-26 11:00:00,1.07919,1.07979,1.07887,1.07923,3511
2025-03-26 12:00:00,1.07923,1.07937,1.07818,1.07844,6512
2025-03-26 13:00:00,1.07844,1.07907,1.07676,1.07747,7078
2025-03-26 14:00:00,1.07747,1.07954,1.07731,1.07908,7827
2025-03-26 15:00:00,1.07908,1.07945,1.07676,1.07808,5963
2025-03-26 16:00:00,1.07808,1.07918,1.07770,1.07877,5055
2025-03-26 17:00:00,1.07877,1.07894,1.07519,1.07567,6766
2025-03-26 18:00:00,1.07567,1.07615,1.07532,1.07552,3585
2025-03-26 19:00:00,1.07552,1.07558,1.07440,1.07516,2814
2025-03-26 20:00:00,1.07516,1.07566,1.07502,1.07537,1338
2025-03-26 21:00:00,1.07514,1.07568,1.07345,1.07371,1212
2025-03-26 22:00:00,1.07371,1.07446,1.07329,1.07374,2484
2025-03-26 23:00:00,1.07373,1.07445,1.07357,1.07411,2482
2025-03-27 00:00:00,1.07411,1.07576,1.07406,1.07555,2528
2025-03-27 01:00:00,1.07555,1.07689,1.07552,1.07653,3295
2025-03-27 02:00:00,1.07653,1.07803,1.07651,1.07760,2521
2025-03-27 03:00:00,1.07760,1.07797,1.07730,1.07783,1390
2025-03-27 04:00:00,1.07783,1.07871,1.07770,1.07805,1623
2025-03-27 05:00:00,1.07805,1.07814,1.07638,1.07692,2018
2025-03-27 06:00:00,1.07692,1.07828,1.07683,1.07731,3673
2025-03-27 07:00:00,1.07731,1.07745,1.07542,1.07648,7322
2025-03-27 08:00:00,1.07648,1.07769,1.07557,1.07759,8502
2025-03-27 09:00:00,1.07759,1.07792,1.07612,1.07709,5680
2025-03-27 10:00:00,1.07709,1.07819,1.07666,1.07819,3841
2025-03-27 11:00:00,1.07819,1.07997,1.07787,1.07870,4140
2025-03-27 12:00:00,1.07870,1.07983,1.07833,1.07871,4874
2025-03-27 13:00:00,1.07871,1.07973,1.07765,1.07804,5926
2025-03-27 14:00:00,1.07804,1.07949,1.07773,1.07892,5605
2025-03-27 15:00:00,1.07892,1.08213,1.07855,1.07998,7753
2025-03-27 16:00:00,1.07998,1.08000,1.07918,1.07989,4758
2025-03-27 17:00:00,1.07990,1.08088,1.07894,1.07898,3240
2025-03-27 18:00:00,1.07898,1.07984,1.07893,1.07909,2253
2025-03-27 19:00:00,1.07909,1.07998,1.07884,1.07948,1867
2025-03-27 20:00:00,1.07948,1.08021,1.07940,1.08008,824
2025-03-27 21:00:00,1.07958,1.07988,1.07956,1.07969,223
2025-03-27 22:00:00,1.07970,1.07988,1.07955,1.07964,502
2025-03-27 23:00:00,1.07964,1.08015,1.07963,1.08010,694
2025-03-28 00:00:00,1.08010,1.08010,1.07882,1.07950,1738
2025-03-28 01:00:00,1.07950,1.07991,1.07915,1.07937,2114
2025-03-28 02:00:00,1.07937,1.07969,1.07903,1.07947,1797
2025-03-28 03:00:00,1.07947,1.07969,1.07909,1.07920,1578
2025-03-28 04:00:00,1.07920,1.07932,1.07844,1.07886,1449
2025-03-28 05:00:00,1.07886,1.07931,1.07865,1.07909,1513
2025-03-28 06:00:00,1.07909,1.07923,1.07828,1.07852,1510
2025-03-28 07:00:00,1.07852,1.07999,1.07816,1.07873,3466
2025-03-28 08:00:00,1.07873,1.07966,1.07753,1.07783,4470
2025-03-28 09:00:00,1.07783,1.07805,1.07689,1.07737,3090
2025-03-28 10:00:00,1.07737,1.07787,1.07674,1.07688,2825
2025-03-28 11:00:00,1.07688,1.07750,1.07645,1.07719,2569
2025-03-28 12:00:00,1.07719,1.07921,1.07651,1.07891,5227
2025-03-28 13:00:00,1.07891,1.08170,1.07848,1.08098,8260
2025-03-28 14:00:00,1.08098,1.08316,1.08087,1.08231,7820
2025-03-28 15:00:00,1.08231,1.08448,1.08193,1.08252,6653
2025-03-28 16:00:00,1.08252,1.08332,1.08200,1.08217,3886
2025-03-28 17:00:00,1.08217,1.08289,1.08121,1.08196,2877
2025-03-28 18:00:00,1.08196,1.08279,1.08137,1.08245,2996
2025-03-28 19:00:00,1.08245,1.08287,1.08232,1.08256,2186
2025-03-28 20:00:00,1.08256,1.08362,1.08253,1.08300,933
2025-03-30 21:00:00,1.08220,1.08283,1.08144,1.08157,564
2025-03-30 22:00:00,1.08157,1.08223,1.08054,1.08208,2700
2025-03-30 23:00:00,1.08208,1.08296,1.08105,1.08235,3118
2025-03-31 00:00:00,1.08235,1.08417,1.08228,1.08416,3398
2025-03-31 01:00:00,1.08415,1.08454,1.08310,1.08327,3467
2025-03-31 02:00:00,1.08327,1.08460,1.08290,1.08406,2684
2025-03-31 03:00:00,1.08405,1.08416,1.08324,1.08331,2028
2025-03-31 04:00:00,1.08331,1.08361,1.08312,1.08343,1684
2025-03-31 05:00:00,1.08343,1.08431,1.08313,1.08343,2284
2025-03-31 06:00:00,1.08343,1.08449,1.08249,1.08375,5600
2025-03-31 07:00:00,1.08374,1.08494,1.08208,1.08318,7521
2025-03-31 08:00:00,1.08317,1.08344,1.08116,1.08274,5745
2025-03-31 09:00:00,1.08274,1.08305,1.08147,1.08161,3855
2025-03-31 10:00:00,1.08161,1.08210,1.08055,1.08185,3690
2025-03-31 11:00:00,1.08185,1.08293,1.08153,1.08197,3947
2025-03-31 12:00:00,1.08197,1.08211,1.08010,1.08038,4283
2025-03-31 13:00:00,1.08038,1.08215,1.08028,1.08080,5398
2025-03-31 14:00:00,1.08077,1.08088,1.07841,1.08021,7464
2025-03-31 15:00:00,1.08021,1.08167,1.07906,1.07943,8442
2025-03-31 16:00:00,1.07943,1.08162,1.07851,1.08118,4179
2025-03-31 17:00:00,1.08118,1.08177,1.08079,1.08148,2409
2025-03-31 18:00:00,1.08148,1.08180,1.08071,1.08147,2271
2025-03-31 19:00:00,1.08148,1.08199,1.08118,1.08142,2064
2025-03-31 20:00:00,1.08142,1.08189,1.08096,1.08161,1218
2025-03-31 21:00:00,1.08173,1.08195,1.08164,1.08191,425
2025-03-31 22:00:00,1.08191,1.08191,1.08161,1.08184,866
2025-03-31 23:00:00,1.08184,1.08198,1.08139,1.08177,998
2025-04-01 00:00:00,1.08177,1.08267,1.08169,1.08253,2280
2025-04-01 01:00:00,1.08253,1.08269,1.08168,1.08207,2469
2025-04-01 02:00:00,1.08207,1.08285,1.08201,1.08241,2139
2025-04-01 03:00:00,1.08241,1.08278,1.08211,1.08270,2076
2025-04-01 04:00:00,1.08270,1.08302,1.08250,1.08251,1684
2025-04-01 05:00:00,1.08251,1.08254,1.08064,1.08069,2467
2025-04-01 06:00:00,1.08069,1.08106,1.07991,1.08084,3982
2025-04-01 07:00:00,1.08084,1.08126,1.07992,1.08018,5558
2025-04-01 08:00:00,1.08018,1.08182,1.08001,1.08177,3337
2025-04-01 09:00:00,1.08177,1.08293,1.08148,1.08174,3978
2025-04-01 10:00:00,1.08174,1.08186,1.07901,1.07981,6026
2025-04-01 11:00:00,1.07981,1.07985,1.07783,1.07812,5689
2025-04-01 12:00:00,1.07812,1.07954,1.07812,1.07872,4667
2025-04-01 13:00:00,1.07872,1.07955,1.07793,1.07873,5290
2025-04-01 14:00:00,1.07873,1.08124,1.07827,1.08076,8928
2025-04-01 15:00:00,1.08076,1.08124,1.07985,1.07994,6077
2025-04-01 16:00:00,1.07994,1.08031,1.07927,1.07998,3591
2025-04-01 17:00:00,1.07998,1.08046,1.07913,1.07930,2223
2025-04-01 18:00:00,1.07930,1.07948,1.07852,1.07870,2289
2025-04-01 19:00:00,1.07870,1.07909,1.07855,1.07900,1820
2025-04-01 20:00:00,1.07900,1.08018,1.07881,1.07927,1278
2025-04-01 21:00:00,1.07872,1.07946,1.07872,1.07930,659
2025-04-01 22:00:00,1.07930,1.08082,1.07921,1.07992,1721
2025-04-01 23:00:00,1.07992,1.07999,1.07942,1.07943,1018
2025-04-02 00:00:00,1.07943,1.07951,1.07889,1.07905,2265
2025-04-02 01:00:00,1.07905,1.07950,1.07871,1.07948,2054
2025-04-02 02:00:00,1.07948,1.08019,1.07941,1.07943,1923
2025-04-02 03:00:00,1.07943,1.08000,1.07937,1.07958,1432
2025-04-02 04:00:00,1.07958,1.07975,1.07926,1.07927,1079
2025-04-02 05:00:00,1.07927,1.07927,1.07860,1.07896,1869
2025-04-02 06:00:00,1.07896,1.07964,1.07875,1.07928,3098
2025-04-02 07:00:00,1.07928,1.07948,1.07802,1.07917,4047
2025-04-02 08:00:00,1.07918,1.08019,1.07906,1.07975,2895
2025-04-02 09:00:00,1.07975,1.08084,1.07958,1.08061,2930
2025-04-02 10:00:00,1.08061,1.08068,1.07860,1.07948,3926
2025-04-02 11:00:00,1.07948,1.08062,1.07911,1.08025,3353
2025-04-02 12:00:00,1.08025,1.08196,1.07963,1.08192,4797
2025-04-02 13:00:00,1.08192,1.08294,1.08147,1.08266,5559
2025-04-02 14:00:00,1.08264,1.08616,1.08190,1.08585,8110
2025-04-02 15:00:00,1.08585,1.08734,1.08509,1.08674,6375
2025-04-02 16:00:00,1.08674,1.08676,1.08469,1.08523,3933
2025-04-02 17:00:00,1.08523,1.08596,1.08500,1.08519,2611
2025-04-02 18:00:00,1.08519,1.08593,1.08478,1.08542,2700
2025-04-02 19:00:00,1.08542,1.08560,1.08469,1.08499,2363
2025-04-02 20:00:00,1.08499,1.09243,1.08105,1.08506,22255
2025-04-02 21:00:00,1.08398,1.08551,1.08103,1.08270,1429
2025-04-02 22:00:00,1.08270,1.08398,1.08051,1.08389,8343
2025-04-02 23:00:00,1.08389,1.09109,1.08378,1.09043,10831
2025-04-03 00:00:00,1.09043,1.09074,1.08797,1.08906,10305
2025-04-03 01:00:00,1.08906,1.09233,1.08865,1.09133,7339
2025-04-03 02:00:00,1.09133,1.09246,1.09091,1.09122,4988
2025-04-03 03:00:00,1.09122,1.09212,1.09075,1.09151,4106
2025-04-03 04:00:00,1.09151,1.09167,1.09058,1.09067,3646
2025-04-03 05:00:00,1.09067,1.09521,1.09064,1.09445,5987
2025-04-03 06:00:00,1.09445,1.09901,1.09347,1.09897,13523
2025-04-03 07:00:00,1.09897,1.09904,1.09428,1.09708,11872
2025-04-03 08:00:00,1.09708,1.10209,1.09702,1.10093,8651
2025-04-03 09:00:00,1.10093,1.10476,1.10037,1.10308,9723
2025-04-03 10:00:00,1.10308,1.11465,1.10279,1.10525,20778
2025-04-03 11:00:00,1.10525,1.11013,1.10389,1.10875,12143
2025-04-03 12:00:00,1.10876,1.11096,1.10727,1.10817,14280
2025-04-03 13:00:00,1.10817,1.11352,1.10701,1.10796,17915
2025-04-03 14:00:00,1.10796,1.11276,1.10796,1.11184,15468
2025-04-03 15:00:00,1.11185,1.11191,1.10411,1.10506,12602
2025-04-03 16:00:00,1.10506,1.10559,1.10328,1.10387,7913
2025-04-03 17:00:00,1.10387,1.10397,1.10180,1.10245,5725
2025-04-03 18:00:00,1.10245,1.10408,1.10194,1.10373,4285
2025-04-03 19:00:00,1.10373,1.10373,1.10159,1.10274,3392
2025-04-03 20:00:00,1.10274,1.10526,1.10222,1.10512,2321
2025-04-03 21:00:00,1.10475,1.10515,1.10475,1.10513,436
2025-04-03 22:00:00,1.10512,1.10714,1.10496,1.10642,2355
2025-04-03 23:00:00,1.10642,1.10648,1.10420,1.10453,3335
2025-04-04 00:00:00,1.10453,1.10641,1.10366,1.10606,5322
2025-04-04 01:00:00,1.10606,1.10733,1.10573,1.10678,4869
2025-04-04 02:00:00,1.10678,1.10794,1.10607,1.10633,4926
2025-04-04 03:00:00,1.10633,1.10986,1.10574,1.10937,5277
2025-04-04 04:00:00,1.10937,1.10983,1.10821,1.10874,4825
2025-04-04 05:00:00,1.10874,1.11078,1.10784,1.10842,5344
2025-04-04 06:00:00,1.10842,1.10862,1.10499,1.10506,7465
2025-04-04 07:00:00,1.10506,1.10671,1.09998,1.10042,10784
2025-04-04 08:00:00,1.10041,1.10096,1.09755,1.09963,13436
2025-04-04 09:00:00,1.09963,1.09977,1.09714,1.09846,10614
2025-04-04 10:00:00,1.09846,1.10499,1.09645,1.10303,18538
2025-04-04 11:00:00,1.10303,1.10800,1.10221,1.10602,21415
2025-04-04 12:00:00,1.10602,1.10897,1.10077,1.10200,30409
2025-04-04 13:00:00,1.10200,1.10482,1.10052,1.10058,24473
2025-04-04 14:00:00,1.10056,1.10150,1.09602,1.09862,23697
2025-04-04 15:00:00,1.09862,1.10171,1.09664,1.10139,27032
2025-04-04 16:00:00,1.10139,1.10198,1.09617,1.09712,13127
2025-04-04 17:00:00,1.09712,1.09770,1.09242,1.09474,14264
2025-04-04 18:00:00,1.09474,1.09673,1.09393,1.09445,9374
2025-04-04 19:00:00,1.09445,1.09646,1.09276,1.09430,8209
2025-04-04 20:00:00,1.09430,1.09634,1.09327,1.09624,3612
2025-04-06 21:00:00,1.08894,1.09219,1.08802,1.09151,1580
2025-04-06 22:00:00,1.09151,1.09947,1.09151,1.09826,12995
2025-04-06 23:00:00,1.09826,1.10013,1.09811,1.09833,13431
2025-04-07 00:00:00,1.09833,1.09837,1.09447,1.09670,14495
2025-04-07 01:00:00,1.09670,1.09803,1.09542,1.09679,11933
2025-04-07 02:00:00,1.09679,1.09680,1.09198,1.09354,7661
2025-04-07 03:00:00,1.09354,1.09547,1.09300,1.09503,4508
2025-04-07 04:00:00,1.09503,1.09875,1.09481,1.09848,4389
2025-04-07 05:00:00,1.09848,1.10207,1.09778,1.10182,8877
2025-04-07 06:00:00,1.10182,1.10231,1.09937,1.10030,15328
2025-04-07 07:00:00,1.10032,1.10500,1.09979,1.10010,20499
2025-04-07 08:00:00,1.10010,1.10219,1.09679,1.09921,17259
2025-04-07 09:00:00,1.09920,1.09965,1.09498,1.09627,13127
2025-04-07 10:00:00,1.09627,1.09909,1.09577,1.09589,13958
2025-04-07 11:00:00,1.09589,1.09695,1.09349,1.09695,14639
2025-04-07 12:00:00,1.09695,1.09916,1.09392,1.09736,17495
2025-04-07 13:00:00,1.09736,1.09772,1.09374,1.09416,17421
2025-04-07 14:00:00,1.09416,1.09822,1.09167,1.09220,36073
2025-04-07 15:00:00,1.09220,1.09364,1.09006,1.09115,23787
2025-04-07 16:00:00,1.09115,1.09328,1.09040,1.09322,10896
2025-04-07 17:00:00,1.09322,1.09502,1.09295,1.09390,9470
2025-04-07 18:00:00,1.09389,1.09528,1.09236,1.09336,7495
2025-04-07 19:00:00,1.09337,1.09485,1.09137,1.09161,7548
2025-04-07 20:00:00,1.09161,1.09197,1.09016,1.09066,3567
2025-04-07 21:00:00,1.09018,1.09140,1.09018,1.09116,394
2025-04-07 22:00:00,1.09116,1.09209,1.09080,1.09172,2228
2025-04-07 23:00:00,1.09172,1.09193,1.09078,1.09148,2626
2025-04-08 00:00:00,1.09148,1.09501,1.09143,1.09398,5980
2025-04-08 01:00:00,1.09398,1.09618,1.09378,1.09599,7429
2025-04-08 02:00:00,1.09599,1.09803,1.09597,1.09711,4993
2025-04-08 03:00:00,1.09711,1.09719,1.09608,1.09635,3665
2025-04-08 04:00:00,1.09635,1.09797,1.09622,1.09759,3660
2025-04-08 05:00:00,1.09759,1.09760,1.09540,1.09682,4618
2025-04-08 06:00:00,1.09682,1.09920,1.09614,1.09767,8865
2025-04-08 07:00:00,1.09771,1.09805,1.09215,1.09236,13970
2025-04-08 08:00:00,1.09236,1.09489,1.09223,1.09366,10493
2025-04-08 09:00:00,1.09365,1.09375,1.09112,1.09197,9848
2025-04-08 10:00:00,1.09197,1.09393,1.09135,1.09276,8100
2025-04-08 11:00:00,1.09276,1.09448,1.09250,1.09342,10374
2025-04-08 12:00:00,1.09341,1.09685,1.09341,1.09484,9792
2025-04-08 13:00:00,1.09484,1.09558,1.09269,1.09357,14610
2025-04-08 14:00:00,1.09357,1.09359,1.08883,1.09102,15893
2025-04-08 15:00:00,1.09102,1.09195,1.08959,1.09117,10647
2025-04-08 16:00:00,1.09117,1.09325,1.08984,1.09297,9412
2025-04-08 17:00:00,1.09297,1.09487,1.09262,1.09338,11076
2025-04-08 18:00:00,1.09338,1.09693,1.09297,1.09522,8648
2025-04-08 19:00:00,1.09521,1.09779,1.09509,1.09541,8075
2025-04-08 20:00:00,1.09541,1.09628,1.09389,1.09563,3043
2025-04-08 21:00:00,1.09519,1.09575,1.09477,1.09560,287
2025-04-08 22:00:00,1.09560,1.09777,1.09557,1.09683,3112
2025-04-08 23:00:00,1.09683,1.09851,1.09665,1.09776,4035
2025-04-09 00:00:00,1.09776,1.10166,1.09712,1.10147,10205
2025-04-09 01:00:00,1.10147,1.10400,1.10138,1.10202,12471
2025-04-09 02:00:00,1.10202,1.10288,1.10095,1.10198,8092
2025-04-09 03:00:00,1.10198,1.10360,1.10127,1.10197,7507
2025-04-09 04:00:00,1.10197,1.10690,1.10190,1.10685,12704
2025-04-09 05:00:00,1.10685,1.10685,1.10291,1.10616,11699
2025-04-09 06:00:00,1.10616,1.10897,1.10427,1.10728,19816
2025-04-09 07:00:00,1.10728,1.10796,1.10095,1.10154,22356
2025-04-09 08:00:00,1.10154,1.10351,1.09979,1.10275,15989
2025-04-09 09:00:00,1.10274,1.10503,1.10093,1.10441,11469
2025-04-09 10:00:00,1.10441,1.10580,1.10253,1.10332,11195
2025-04-09 11:00:00,1.10332,1.10570,1.10216,1.10355,21367
2025-04-09 12:00:00,1.10355,1.10951,1.10348,1.10755,17653
2025-04-09 13:00:00,1.10755,1.10820,1.10328,1.10451,18404
2025-04-09 14:00:00,1.10451,1.10513,1.10260,1.10407,13983
2025-04-09 15:00:00,1.10407,1.10694,1.10366,1.10382,9958
2025-04-09 16:00:00,1.10382,1.10428,1.10135,1.10202,6639
2025-04-09 17:00:00,1.10202,1.10645,1.09464,1.09749,32420
2025-04-09 18:00:00,1.09777,1.09831,1.09133,1.09638,24287
2025-04-09 19:00:00,1.09638,1.09768,1.09326,1.09336,13579
2025-04-09 20:00:00,1.09336,1.09622,1.09288,1.09485,7104
2025-04-09 21:00:00,1.09484,1.09540,1.09481,1.09501,294
2025-04-09 22:00:00,1.09501,1.09630,1.09495,1.09604,4812
2025-04-09 23:00:00,1.09604,1.09611,1.09430,1.09509,4722
2025-04-10 00:00:00,1.09509,1.09867,1.09495,1.09863,9614
2025-04-10 01:00:00,1.09863,1.09877,1.09693,1.09718,6684
2025-04-10 02:00:00,1.09719,1.09792,1.09614,1.09719,5791
2025-04-10 03:00:00,1.09719,1.09892,1.09703,1.09816,4831
2025-04-10 04:00:00,1.09816,1.09850,1.09771,1.09828,3898
2025-04-10 05:00:00,1.09828,1.09957,1.09777,1.09856,4068
2025-04-10 06:00:00,1.09856,1.09889,1.09628,1.09830,9581
2025-04-10 07:00:00,1.09830,1.10308,1.09673,1.10264,14184
2025-04-10 08:00:00,1.10264,1.10479,1.10163,1.10376,11915
2025-04-10 09:00:00,1.10376,1.10600,1.10336,1.10593,10123
2025-04-10 10:00:00,1.10593,1.10810,1.10547,1.10796,9903
2025-04-10 11:00:00,1.10796,1.10888,1.10672,1.10703,9570
2025-04-10 12:00:00,1.10699,1.11318,1.10680,1.10972,17226
2025-04-10 13:00:00,1.10972,1.11344,1.10909,1.11271,13297
2025-04-10 14:00:00,1.11271,1.11865,1.11245,1.11854,15407
2025-04-10 15:00:00,1.11854,1.12291,1.11537,1.11908,20715
2025-04-10 16:00:00,1.11908,1.12103,1.11775,1.11968,13695
2025-04-10 17:00:00,1.11968,1.12109,1.11742,1.12100,10993
2025-04-10 18:00:00,1.12100,1.12416,1.12012,1.12155,10153
2025-04-10 19:00:00,1.12152,1.12179,1.11588,1.12068,9930
2025-04-10 20:00:00,1.12046,1.12050,1.11811,1.11956,4494
2025-04-10 21:00:00,1.11899,1.11991,1.11878,1.11910,644
2025-04-10 22:00:00,1.11909,1.12354,1.11892,1.12350,6165
2025-04-10 23:00:00,1.12350,1.12626,1.12134,1.12577,10605
2025-04-11 00:00:00,1.12577,1.13845,1.12513,1.13103,24865
2025-04-11 01:00:00,1.13103,1.13230,1.12757,1.13059,19848
2025-04-11 02:00:00,1.13059,1.13230,1.12952,1.13027,12491
2025-04-11 03:00:00,1.13027,1.13544,1.13020,1.13409,8844
2025-04-11 04:00:00,1.13410,1.13413,1.13102,1.13225,6335
2025-04-11 05:00:00,1.13225,1.13235,1.12707,1.12857,8912
2025-04-11 06:00:00,1.12857,1.12903,1.12464,1.12866,15516
2025-04-11 07:00:00,1.12866,1.13692,1.12839,1.13643,20525
2025-04-11 08:00:00,1.13643,1.14739,1.13492,1.14273,25147
2025-04-11 09:00:00,1.14272,1.14272,1.13847,1.13855,18669
2025-04-11 10:00:00,1.13855,1.13855,1.13201,1.13369,16358
2025-04-11 11:00:00,1.13369,1.13716,1.13235,1.13287,14126
2025-04-11 12:00:00,1.13287,1.13990,1.13246,1.13954,19565
2025-04-11 13:00:00,1.13954,1.14123,1.13238,1.13601,25709
2025-04-11 14:00:00,1.13614,1.13822,1.13271,1.13402,26380
2025-04-11 15:00:00,1.13402,1.13501,1.13120,1.13247,16578
2025-04-11 16:00:00,1.13247,1.13270,1.12765,1.13059,10944
2025-04-11 17:00:00,1.13059,1.13271,1.12822,1.12855,8290
2025-04-11 18:00:00,1.12855,1.13212,1.12845,1.13125,8169
2025-04-11 19:00:00,1.13125,1.13438,1.13090,1.13416,5537
2025-04-11 20:00:00,1.13416,1.13534,1.13365,1.13508,2879
2025-04-13 21:00:00,1.13140,1.13202,1.13134,1.13181,357
2025-04-13 22:00:00,1.13191,1.13552,1.13184,1.13344,7407
2025-04-13 23:00:00,1.13344,1.13492,1.13241,1.13422,5590
2025-04-14 00:00:00,1.13422,1.13708,1.13409,1.13655,8365
2025-04-14 01:00:00,1.13655,1.14091,1.13643,1.13857,9891
2025-04-14 02:00:00,1.13857,1.14014,1.13710,1.13724,6887
2025-04-14 03:00:00,1.13721,1.13838,1.13578,1.13716,5671
2025-04-14 04:00:00,1.13716,1.13852,1.13656,1.13676,3960
2025-04-14 05:00:00,1.13676,1.13881,1.13528,1.13853,5383
2025-04-14 06:00:00,1.13853,1.14240,1.13765,1.14169,11872
2025-04-14 07:00:00,1.14169,1.14248,1.13833,1.13900,12067
2025-04-14 08:00:00,1.13900,1.14099,1.13784,1.13876,10684
2025-04-14 09:00:00,1.13876,1.14077,1.13866,1.13868,9007
2025-04-14 10:00:00,1.13868,1.13923,1.13716,1.13873,7255
2025-04-14 11:00:00,1.13873,1.14060,1.13725,1.13839,6018
2025-04-14 12:00:00,1.13839,1.13888,1.13345,1.13387,10375
2025-04-14 13:00:00,1.13386,1.13414,1.12959,1.13275,16051
2025-04-14 14:00:00,1.13275,1.13682,1.13199,1.13676,10075
2025-04-14 15:00:00,1.13676,1.13820,1.13526,1.13572,10641
2025-04-14 16:00:00,1.13572,1.13705,1.13302,1.13308,7678
2025-04-14 17:00:00,1.13308,1.13478,1.13283,1.13385,6020
2025-04-14 18:00:00,1.13385,1.13573,1.13380,1.13546,4817
2025-04-14 19:00:00,1.13546,1.13698,1.13501,1.13550,3292
2025-04-14 20:00:00,1.13550,1.13586,1.13432,1.13496,2709
2025-04-14 21:00:00,1.13413,1.13539,1.13413,1.13522,523
2025-04-14 22:00:00,1.13522,1.13613,1.13450,1.13539,2063
2025-04-14 23:00:00,1.13539,1.13544,1.13331,1.13362,2652
2025-04-15 00:00:00,1.13362,1.13390,1.13171,1.13287,5213
2025-04-15 01:00:00,1.13287,1.13352,1.13158,1.13243,4139
2025-04-15 02:00:00,1.13243,1.13523,1.13243,1.13496,3808
2025-04-15 03:00:00,1.13496,1.13531,1.13434,1.13475,2879
2025-04-15 04:00:00,1.13475,1.13632,1.13448,1.13569,3631
2025-04-15 05:00:00,1.13569,1.13680,1.13489,1.13505,3576
2025-04-15 06:00:00,1.13505,1.13646,1.13277,1.13322,7501
2025-04-15 07:00:00,1.13322,1.13599,1.13205,1.13571,8872
2025-04-15 08:00:00,1.13571,1.13791,1.13436,1.13470,8458
2025-04-15 09:00:00,1.13470,1.13561,1.13330,1.13387,6160
2025-04-15 10:00:00,1.13387,1.13494,1.13322,1.13445,5011
2025-04-15 11:00:00,1.13445,1.13445,1.13140,1.13266,6562
2025-04-15 12:00:00,1.13266,1.13415,1.13087,1.13130,9931
2025-04-15 13:00:00,1.13130,1.13285,1.13046,1.13176,10114
2025-04-15 14:00:00,1.13176,1.13295,1.12854,1.13289,14447
2025-04-15 15:00:00,1.13289,1.13292,1.12822,1.12887,8674
2025-04-15 16:00:00,1.12887,1.12920,1.12637,1.12745,5943
2025-04-15 17:00:00,1.12745,1.12828,1.12668,1.12727,4557
2025-04-15 18:00:00,1.12727,1.12768,1.12661,1.12735,3654
2025-04-15 19:00:00,1.12735,1.12876,1.12715,1.12824,2608
2025-04-15 20:00:00,1.12824,1.12898,1.12794,1.12804,1785
2025-04-15 21:00:00,1.12802,1.12846,1.12794,1.12803,488
2025-04-15 22:00:00,1.12803,1.12995,1.12803,1.12957,2065
2025-04-15 23:00:00,1.12957,1.12989,1.12833,1.12936,3049
2025-04-16 00:00:00,1.12936,1.13215,1.12923,1.13170,6526
2025-04-16 01:00:00,1.13170,1.13307,1.13164,1.13236,4981
2025-04-16 02:00:00,1.13236,1.13320,1.13178,1.13276,3914
2025-04-16 03:00:00,1.13276,1.13433,1.13245,1.13432,3381
2025-04-16 04:00:00,1.13432,1.13480,1.13329,1.13461,3166
2025-04-16 05:00:00,1.13461,1.13855,1.13411,1.13807,5437
2025-04-16 06:00:00,1.13807,1.13828,1.13606,1.13608,7304
2025-04-16 07:00:00,1.13607,1.13923,1.13592,1.13871,7488
2025-04-16 08:00:00,1.13873,1.13882,1.13381,1.13701,12632
2025-04-16 09:00:00,1.13701,1.13779,1.13559,1.13602,8211
2025-04-16 10:00:00,1.13601,1.13742,1.13523,1.13574,7496
2025-04-16 11:00:00,1.13574,1.13740,1.13549,1.13632,7051
2025-04-16 12:00:00,1.13632,1.13657,1.13404,1.13517,11052
2025-04-16 13:00:00,1.13517,1.13739,1.13497,1.13674,10939
2025-04-16 14:00:00,1.13674,1.13842,1.13540,1.13840,10705
2025-04-16 15:00:00,1.13840,1.13866,1.13572,1.13816,7795
2025-04-16 16:00:00,1.13816,1.13870,1.13701,1.13750,4888
2025-04-16 17:00:00,1.13750,1.13901,1.13590,1.13753,7073
2025-04-16 18:00:00,1.13753,1.13885,1.13651,1.13864,6638
2025-04-16 19:00:00,1.13864,1.14130,1.13849,1.13866,5864
2025-04-16 20:00:00,1.13865,1.13995,1.13817,1.13983,2318
2025-04-16 21:00:00,1.13921,1.14004,1.13921,1.13967,826
2025-04-16 22:00:00,1.13972,1.14009,1.13950,1.13996,1812
2025-04-16 23:00:00,1.13996,1.14094,1.13941,1.13954,2522
2025-04-17 00:00:00,1.13954,1.13970,1.13650,1.13678,6467
2025-04-17 01:00:00,1.13679,1.13694,1.13554,1.13568,3725
2025-04-17 02:00:00,1.13722,1.13819,1.13686,1.13783,3277
2025-04-17 03:00:00,1.13783,1.13810,1.13640,1.13643,2923
2025-04-17 04:00:00,1.13643,1.13697,1.13602,1.13622,2102
2025-04-17 05:00:00,1.13622,1.13712,1.13440,1.13523,3442
2025-04-17 06:00:00,1.13523,1.13710,1.13433,1.13589,5945
2025-04-17 07:00:00,1.13588,1.13792,1.13530,1.13767,6950
2025-04-17 08:00:00,1.13767,1.13886,1.13682,1.13786,5939
2025-04-17 09:00:00,1.13786,1.13809,1.13701,1.13725,5054
2025-04-17 10:00:00,1.13725,1.13767,1.13575,1.13596,6715
2025-04-17 11:00:00,1.13596,1.13704,1.13558,1.13565,5092
2025-04-17 12:00:00,1.13565,1.13681,1.13351,1.13566,13109
2025-04-17 13:00:00,1.13566,1.13779,1.13509,1.13613,13178
2025-04-17 14:00:00,1.13613,1.13858,1.13384,1.13495,10909
2025-04-17 15:00:00,1.13495,1.13766,1.13476,1.13632,7841
2025-04-17 16:00:00,1.13632,1.13710,1.13399,1.13505,6990
2025-04-17 17:00:00,1.13505,1.13538,1.13410,1.13512,3931
2025-04-17 18:00:00,1.13512,1.13753,1.13430,1.13734,4142
2025-04-17 19:00:00,1.13733,1.13761,1.13684,1.13732,2988
2025-04-17 20:00:00,1.13732,1.13766,1.13617,1.13637,1702
2025-04-17 21:00:00,1.13626,1.13681,1.13588,1.13671,350
2025-04-17 22:00:00,1.13671,1.13708,1.13651,1.13682,3341
2025-04-17 23:00:00,1.13682,1.13736,1.13666,1.13723,440
2025-04-18 00:00:00,1.13723,1.13860,1.13633,1.13748,7543
2025-04-18 01:00:00,1.13747,1.13770,1.13686,1.13715,7898
2025-04-18 02:00:00,1.13715,1.13792,1.13698,1.13727,6935
2025-04-18 03:00:00,1.13727,1.13763,1.13698,1.13735,7921
2025-04-18 04:00:00,1.13735,1.13747,1.13690,1.13696,6313
2025-04-18 05:00:00,1.13696,1.13745,1.13656,1.13709,6493
2025-04-18 06:00:00,1.13709,1.13763,1.13621,1.13621,9993
2025-04-18 07:00:00,1.13621,1.13759,1.13589,1.13697,19735
2025-04-18 08:00:00,1.13697,1.13718,1.13669,1.13712,15331
2025-04-18 09:00:00,1.13712,1.13728,1.13678,1.13690,10168
2025-04-18 10:00:00,1.13690,1.13751,1.13684,1.13740,10462
2025-04-18 11:00:00,1.13740,1.13834,1.13718,1.13810,22293
2025-04-18 12:00:00,1.13809,1.13861,1.13807,1.13827,12012
2025-04-18 13:00:00,1.13823,1.13828,1.13764,1.13799,4813
2025-04-18 14:00:00,1.13799,1.13978,1.13788,1.13969,9702
2025-04-18 15:00:00,1.13969,1.13972,1.13875,1.13926,9470
2025-04-18 16:00:00,1.13926,1.13952,1.13865,1.13946,5445
2025-04-18 17:00:00,1.13946,1.13950,1.13905,1.13926,3801
2025-04-18 18:00:00,1.13923,1.13954,1.13911,1.13947,4724
2025-04-18 19:00:00,1.13947,1.13974,1.13925,1.13936,1100
2025-04-18 20:00:00,1.13936,1.13951,1.13909,1.13927,1824
2025-04-20 21:00:00,1.13949,1.14252,1.13943,1.14106,1353
2025-04-20 22:00:00,1.14102,1.14386,1.13956,1.14331,5053
2025-04-20 23:00:00,1.14331,1.14586,1.14331,1.14490,4277
2025-04-21 00:00:00,1.14490,1.14863,1.14484,1.14663,7850
2025-04-21 01:00:00,1.14663,1.14790,1.14651,1.14766,5445
2025-04-21 02:00:00,1.14766,1.15322,1.14720,1.15044,6830
2025-04-21 03:00:00,1.15044,1.15248,1.15044,1.15151,3471
2025-04-21 04:00:00,1.15151,1.15174,1.14989,1.15173,3038
2025-04-21 05:00:00,1.15173,1.15346,1.15149,1.15312,4119
2025-04-21 06:00:00,1.15312,1.15347,1.15049,1.15158,5737
2025-04-21 07:00:00,1.15158,1.15677,1.15095,1.15556,7435
2025-04-21 08:00:00,1.15556,1.15647,1.15377,1.15581,7063
2025-04-21 09:00:00,1.15581,1.15734,1.15449,1.15472,6036
2025-04-21 10:00:00,1.15471,1.15485,1.15215,1.15235,5195
2025-04-21 11:00:00,1.15235,1.15477,1.15131,1.15428,5813
2025-04-21 12:00:00,1.15428,1.15501,1.15213,1.15426,7204
2025-04-21 13:00:00,1.15425,1.15429,1.15016,1.15192,8222
2025-04-21 14:00:00,1.15192,1.15249,1.14896,1.14976,8596
2025-04-21 15:00:00,1.14976,1.15078,1.14818,1.15071,6873
2025-04-21 16:00:00,1.15071,1.15134,1.15004,1.15094,4706
2025-04-21 17:00:00,1.15094,1.15146,1.14935,1.15139,4026
2025-04-21 18:00:00,1.15139,1.15253,1.15121,1.15222,3810
2025-04-21 19:00:00,1.15222,1.15269,1.15125,1.15127,3583
2025-04-21 20:00:00,1.15127,1.15160,1.15050,1.15132,2138
2025-04-21 21:00:00,1.15120,1.15137,1.15066,1.15072,464
2025-04-21 22:00:00,1.15072,1.15253,1.15070,1.15233,1527
2025-04-21 23:00:00,1.15233,1.15240,1.15073,1.15141,2161
2025-04-22 00:00:00,1.15141,1.15142,1.14819,1.14905,5755
2025-04-22 01:00:00,1.14905,1.14984,1.14856,1.14945,5180
2025-04-22 02:00:00,1.14945,1.15206,1.14939,1.15206,3791
2025-04-22 03:00:00,1.15206,1.15403,1.15191,1.15347,5168
2025-04-22 04:00:00,1.15347,1.15400,1.15272,1.15301,2798
2025-04-22 05:00:00,1.15301,1.15474,1.15183,1.15423,6299
2025-04-22 06:00:00,1.15423,1.15459,1.14961,1.15008,9798
2025-04-22 07:00:00,1.15008,1.15092,1.14832,1.15058,10027
2025-04-22 08:00:00,1.15058,1.15151,1.14946,1.14998,8846
2025-04-22 09:00:00,1.14998,1.15078,1.14878,1.14906,7195
2025-04-22 10:00:00,1.14906,1.15007,1.14881,1.14884,6764
2025-04-22 11:00:00,1.14884,1.15007,1.14840,1.14857,5861
2025-04-22 12:00:00,1.14857,1.14904,1.14614,1.14703,9317
2025-04-22 13:00:00,1.14704,1.14851,1.14560,1.14743,8795
2025-04-22 14:00:00,1.14743,1.14921,1.14613,1.14780,8400
2025-04-22 15:00:00,1.14780,1.14856,1.14637,1.14651,6770
2025-04-22 16:00:00,1.14651,1.14689,1.14331,1.14339,8177
2025-04-22 17:00:00,1.14339,1.14541,1.14309,1.14502,6307
2025-04-22 18:00:00,1.14502,1.14502,1.14226,1.14272,3659
2025-04-22 19:00:00,1.14272,1.14341,1.14199,1.14209,2979
2025-04-22 20:00:00,1.14209,1.14302,1.14173,1.14208,1639
2025-04-22 21:00:00,1.14218,1.14258,1.13613,1.13616,1450
2025-04-22 22:00:00,1.13617,1.13703,1.13079,1.13377,11300
2025-04-22 23:00:00,1.13377,1.13627,1.13296,1.13505,7394
2025-04-23 00:00:00,1.13505,1.13981,1.13491,1.13975,8749
2025-04-23 01:00:00,1.13974,1.14153,1.13845,1.14072,7204
2025-04-23 02:00:00,1.14071,1.14107,1.13902,1.14047,5423
2025-04-23 03:00:00,1.14047,1.14053,1.13732,1.13791,4565
2025-04-23 04:00:00,1.13791,1.13918,1.13708,1.13900,3749
2025-04-23 05:00:00,1.13901,1.13998,1.13711,1.13768,4988
2025-04-23 06:00:00,1.13768,1.13964,1.13748,1.13850,9403
2025-04-23 07:00:00,1.13850,1.14091,1.13784,1.13860,11419
2025-04-23 08:00:00,1.13860,1.14154,1.13798,1.14130,7767
2025-04-23 09:00:00,1.14130,1.14399,1.14129,1.14182,7003
2025-04-23 10:00:00,1.14181,1.14193,1.13902,1.14022,5049
2025-04-23 11:00:00,1.14022,1.14161,1.13862,1.14109,5454
2025-04-23 12:00:00,1.14109,1.14198,1.14020,1.14055,6926
2025-04-23 13:00:00,1.14055,1.14123,1.13332,1.13333,15778
2025-04-23 14:00:00,1.13333,1.13820,1.13280,1.13534,18895
2025-04-23 15:00:00,1.13534,1.13836,1.13440,1.13487,13882
2025-04-23 16:00:00,1.13487,1.13658,1.13367,1.13398,7567
2025-04-23 17:00:00,1.13398,1.13441,1.13251,1.13298,4575
2025-04-23 18:00:00,1.13298,1.13302,1.13152,1.13239,4056
2025-04-23 19:00:00,1.13239,1.13324,1.13183,1.13275,3581
2025-04-23 20:00:00,1.13275,1.13283,1.13105,1.13128,2420
2025-04-23 21:00:00,1.13135,1.13223,1.13135,1.13216,585
2025-04-23 22:00:00,1.13218,1.13474,1.13212,1.13323,3354
2025-04-23 23:00:00,1.13323,1.13388,1.13261,1.13296,2961
2025-04-24 00:00:00,1.13296,1.13470,1.13214,1.13437,5506
2025-04-24 01:00:00,1.13437,1.13576,1.13401,1.13499,5624
2025-04-24 02:00:00,1.13499,1.13572,1.13464,1.13552,3563
2025-04-24 03:00:00,1.13552,1.13561,1.13364,1.13381,2248
2025-04-24 04:00:00,1.13381,1.13423,1.13324,1.13391,2196
2025-04-24 05:00:00,1.13391,1.13457,1.13304,1.13364,3556
2025-04-24 06:00:00,1.13364,1.13544,1.13359,1.13522,5548
2025-04-24 07:00:00,1.13523,1.13805,1.13511,1.13799,6587
2025-04-24 08:00:00,1.13799,1.13928,1.13631,1.13805,7654
2025-04-24 09:00:00,1.13805,1.13912,1.13752,1.13845,4442
2025-04-24 10:00:00,1.13845,1.13946,1.13762,1.13792,4225
2025-04-24 11:00:00,1.13792,1.13902,1.13685,1.13729,5078
2025-04-24 12:00:00,1.13729,1.13786,1.13580,1.13766,7661
2025-04-24 13:00:00,1.13766,1.13841,1.13635,1.13759,6918
2025-04-24 14:00:00,1.13759,1.13874,1.13631,1.13729,8661
2025-04-24 15:00:00,1.13729,1.13759,1.13475,1.13609,7572
2025-04-24 16:00:00,1.13609,1.13806,1.13579,1.13798,5186
2025-04-24 17:00:00,1.13799,1.13857,1.13674,1.13693,3618
2025-04-24 18:00:00,1.13693,1.13795,1.13637,1.13781,3002
2025-04-24 19:00:00,1.13781,1.13975,1.13776,1.13845,2754
2025-04-24 20:00:00,1.13845,1.13976,1.13820,1.13844,1960
2025-04-24 21:00:00,1.13816,1.13907,1.13816,1.13852,1429
2025-04-24 22:00:00,1.13852,1.13911,1.13841,1.13865,1657
2025-04-24 23:00:00,1.13865,1.13883,1.13706,1.13728,1838
2025-04-25 00:00:00,1.13728,1.13728,1.13469,1.13474,4533
2025-04-25 01:00:00,1.13474,1.13552,1.13424,1.13440,4856
2025-04-25 02:00:00,1.13440,1.13517,1.13413,1.13480,3088
2025-04-25 03:00:00,1.13480,1.13593,1.13250,1.13259,6205
2025-04-25 04:00:00,1.13259,1.13360,1.13157,1.13351,4478
2025-04-25 05:00:00,1.13351,1.13417,1.13254,1.13313,4644
2025-04-25 06:00:00,1.13313,1.13576,1.13217,1.13419,6078
2025-04-25 07:00:00,1.13419,1.13685,1.13419,1.13599,7796
2025-04-25 08:00:00,1.13599,1.13645,1.13398,1.13505,5140
2025-04-25 09:00:00,1.13505,1.13609,1.13448,1.13461,4947
2025-04-25 10:00:00,1.13461,1.13596,1.13342,1.13560,5644
2025-04-25 11:00:00,1.13560,1.13667,1.13457,1.13493,4275
2025-04-25 12:00:00,1.13493,1.13604,1.13492,1.13525,4602
2025-04-25 13:00:00,1.13524,1.13555,1.13331,1.13536,7231
2025-04-25 14:00:00,1.13536,1.13806,1.13526,1.13684,7699
2025-04-25 15:00:00,1.13684,1.13824,1.13579,1.13804,4564
2025-04-25 16:00:00,1.13804,1.13887,1.13682,1.13687,3263
2025-04-25 17:00:00,1.13687,1.13827,1.13651,1.13767,3381
2025-04-25 18:00:00,1.13767,1.13809,1.13693,1.13797,2692
2025-04-25 19:00:00,1.13797,1.13811,1.13588,1.13593,2236
2025-04-25 20:00:00,1.13594,1.13646,1.13572,1.13598,1272
2025-04-27 21:00:00,1.13578,1.13648,1.13572,1.13602,190
2025-04-27 22:00:00,1.13602,1.13656,1.13399,1.13499,1897
2025-04-27 23:00:00,1.13499,1.13550,1.13412,1.13452,1433
2025-04-28 00:00:00,1.13452,1.13645,1.13442,1.13638,3632
2025-04-28 01:00:00,1.13638,1.13666,1.13496,1.13512,3609
2025-04-28 02:00:00,1.13511,1.13571,1.13430,1.13534,2818
2025-04-28 03:00:00,1.13535,1.13604,1.13511,1.13562,1974
2025-04-28 04:00:00,1.13562,1.13726,1.13525,1.13723,2621
2025-04-28 05:00:00,1.13723,1.13809,1.13718,1.13744,3004
2025-04-28 06:00:00,1.13744,1.13744,1.13295,1.13316,5617
2025-04-28 07:00:00,1.13316,1.13618,1.13309,1.13484,6108
2025-04-28 08:00:00,1.13483,1.13517,1.13354,1.13436,4977
2025-04-28 09:00:00,1.13436,1.13587,1.13421,1.13498,5067
2025-04-28 10:00:00,1.13499,1.13604,1.13460,1.13506,3883
2025-04-28 11:00:00,1.13506,1.13562,1.13411,1.13516,3701
2025-04-28 12:00:00,1.13516,1.13729,1.13502,1.13510,5572
2025-04-28 13:00:00,1.13510,1.13742,1.13396,1.13649,6895
2025-04-28 14:00:00,1.13649,1.14137,1.13574,1.13787,9109
2025-04-28 15:00:00,1.13787,1.13926,1.13711,1.13861,6875
2025-04-28 16:00:00,1.13861,1.14224,1.13851,1.14115,6089
2025-04-28 17:00:00,1.14115,1.14194,1.14004,1.14010,4756
2025-04-28 18:00:00,1.14010,1.14141,1.14003,1.14135,3359
2025-04-28 19:00:00,1.14136,1.14248,1.14132,1.14219,2705
2025-04-28 20:00:00,1.14219,1.14248,1.14167,1.14182,1528
2025-04-28 21:00:00,1.14186,1.14206,1.14180,1.14205,310
2025-04-28 22:00:00,1.14205,1.14220,1.14118,1.14129,1422
2025-04-28 23:00:00,1.14129,1.14219,1.14008,1.14080,2381
2025-04-29 00:00:00,1.14070,1.14163,1.13993,1.13998,3042
2025-04-29 01:00:00,1.13998,1.14087,1.13875,1.13926,3422
2025-04-29 02:00:00,1.13926,1.14200,1.13924,1.13983,4360
2025-04-29 03:00:00,1.13983,1.14002,1.13865,1.13907,3445
2025-04-29 04:00:00,1.13907,1.13939,1.13741,1.13783,2699
2025-04-29 05:00:00,1.13783,1.13882,1.13762,1.13870,3417
2025-04-29 06:00:00,1.13870,1.13996,1.13834,1.13897,5145
2025-04-29 07:00:00,1.13897,1.14123,1.13873,1.14037,7083
2025-04-29 08:00:00,1.14044,1.14084,1.13815,1.13855,6136
2025-04-29 09:00:00,1.13855,1.13977,1.13802,1.13802,4689
2025-04-29 10:00:00,1.13805,1.13855,1.13731,1.13780,4227
2025-04-29 11:00:00,1.13780,1.13871,1.13710,1.13746,3765
2025-04-29 12:00:00,1.13746,1.14146,1.13702,1.14107,5828
2025-04-29 13:00:00,1.14107,1.14174,1.13902,1.13965,8333
2025-04-29 14:00:00,1.13979,1.14175,1.13788,1.13832,11249
2025-04-29 15:00:00,1.13832,1.14046,1.13823,1.13961,6726
2025-04-29 16:00:00,1.13961,1.14189,1.13953,1.14032,4938
2025-04-29 17:00:00,1.14032,1.14047,1.13837,1.13860,3574
2025-04-29 18:00:00,1.13860,1.13932,1.13760,1.13825,3286
2025-04-29 19:00:00,1.13824,1.13885,1.13762,1.13818,2473
2025-04-29 20:00:00,1.13818,1.13921,1.13803,1.13819,1724
2025-04-29 21:00:00,1.13806,1.13875,1.13787,1.13842,1601
2025-04-29 22:00:00,1.13842,1.13957,1.13828,1.13918,1497
2025-04-29 23:00:00,1.13918,1.13933,1.13860,1.13903,1384
2025-04-30 00:00:00,1.13904,1.13953,1.13768,1.13826,3053
2025-04-30 01:00:00,1.13826,1.13866,1.13570,1.13588,3649
2025-04-30 02:00:00,1.13587,1.13725,1.13551,1.13706,3320
2025-04-30 03:00:00,1.13706,1.13797,1.13666,1.13687,2483
2025-04-30 04:00:00,1.13687,1.13782,1.13663,1.13734,2455
2025-04-30 05:00:00,1.13733,1.13844,1.13717,1.13829,2295
2025-04-30 06:00:00,1.13829,1.13995,1.13658,1.13902,4755
2025-04-30 07:00:00,1.13902,1.13904,1.13736,1.13779,5227
2025-04-30 08:00:00,1.13783,1.13854,1.13623,1.13715,5871
2025-04-30 09:00:00,1.13716,1.13795,1.13603,1.13623,4425
2025-04-30 10:00:00,1.13623,1.13697,1.13608,1.13620,3404
2025-04-30 11:00:00,1.13620,1.13806,1.13560,1.13735,4576
2025-04-30 12:00:00,1.13734,1.13887,1.13647,1.13734,10078
2025-04-30 13:00:00,1.13734,1.13777,1.13612,1.13690,8112
2025-04-30 14:00:00,1.13690,1.13792,1.13497,1.13670,11140
2025-04-30 15:00:00,1.13670,1.13751,1.13225,1.13482,11592
2025-04-30 16:00:00,1.13482,1.13592,1.13448,1.13555,4964
2025-04-30 17:00:00,1.13555,1.13648,1.13451,1.13458,3399
2025-04-30 18:00:00,1.13458,1.13585,1.13430,1.13488,4318
2025-04-30 19:00:00,1.13488,1.13534,1.13282,1.13298,3056
2025-04-30 20:00:00,1.13298,1.13312,1.13171,1.13276,2973
2025-04-30 21:00:00,1.13237,1.13309,1.13237,1.13250,317
2025-04-30 22:00:00,1.13250,1.13303,1.13223,1.13257,1907
2025-04-30 23:00:00,1.13257,1.13262,1.13189,1.13220,1915
2025-05-01 00:00:00,1.13220,1.13295,1.13205,1.13219,3009
2025-05-01 01:00:00,1.13219,1.13222,1.13031,1.13085,2710
2025-05-01 02:00:00,1.13085,1.13161,1.13060,1.13152,2191
2025-05-01 03:00:00,1.13152,1.13186,1.12997,1.13121,4113
2025-05-01 04:00:00,1.13121,1.13144,1.13023,1.13026,2545
2025-05-01 05:00:00,1.13026,1.13066,1.12879,1.13001,3881
2025-05-01 06:00:00,1.13001,1.13126,1.12984,1.13024,4737
2025-05-01 07:00:00,1.13024,1.13107,1.12875,1.13101,5464
2025-05-01 08:00:00,1.13101,1.13309,1.13091,1.13198,3958
2025-05-01 09:00:00,1.13198,1.13249,1.13133,1.13143,3203
2025-05-01 10:00:00,1.13143,1.13342,1.13118,1.13321,3305
2025-05-01 11:00:00,1.13321,1.13411,1.13163,1.13203,3933
2025-05-01 12:00:00,1.13203,1.13389,1.13083,1.13152,7754
2025-05-01 13:00:00,1.13152,1.13277,1.13107,1.13186,6879
2025-05-01 14:00:00,1.13180,1.13190,1.12701,1.12816,10298
2025-05-01 15:00:00,1.12816,1.12902,1.12659,1.12792,6634
2025-05-01 16:00:00,1.12792,1.12922,1.12727,1.12906,3717
2025-05-01 17:00:00,1.12906,1.12914,1.12797,1.12830,2427
2025-05-01 18:00:00,1.12830,1.12934,1.12751,1.12855,3316
2025-05-01 19:00:00,1.12855,1.12923,1.12811,1.12885,2932
2025-05-01 20:00:00,1.12884,1.12939,1.12846,1.12862,1921
2025-05-01 21:00:00,1.12842,1.12881,1.12842,1.12858,328
2025-05-01 22:00:00,1.12858,1.12993,1.12858,1.12952,1321
2025-05-01 23:00:00,1.12952,1.12978,1.12910,1.12958,1418
2025-05-02 00:00:00,1.12958,1.12993,1.12738,1.12823,4034
2025-05-02 01:00:00,1.12823,1.12957,1.12785,1.12957,4301
2025-05-02 02:00:00,1.12957,1.13034,1.12928,1.12941,3015
2025-05-02 03:00:00,1.12941,1.13157,1.12940,1.13128,2932
2025-05-02 04:00:00,1.13128,1.13139,1.13009,1.13041,3631
2025-05-02 05:00:00,1.13042,1.13142,1.13025,1.13078,3026
2025-05-02 06:00:00,1.13078,1.13292,1.13059,1.13259,5455
2025-05-02 07:00:00,1.13259,1.13379,1.13177,1.13283,5383
2025-05-02 08:00:00,1.13283,1.13348,1.13162,1.13312,5499
2025-05-02 09:00:00,1.13313,1.13549,1.13254,1.13502,5697
2025-05-02 10:00:00,1.13503,1.13520,1.13276,1.13312,4333
2025-05-02 11:00:00,1.13312,1.13504,1.13242,1.13465,4801
2025-05-02 12:00:00,1.13465,1.13474,1.13036,1.13188,12845
2025-05-02 13:00:00,1.13188,1.13798,1.13147,1.13726,12358
2025-05-02 14:00:00,1.13726,1.13810,1.13575,1.13685,10557
2025-05-02 15:00:00,1.13685,1.13686,1.13205,1.13291,7491
2025-05-02 16:00:00,1.13291,1.13389,1.13172,1.13199,7380
2025-05-02 17:00:00,1.13199,1.13203,1.12984,1.13041,5083
2025-05-02 18:00:00,1.13041,1.13087,1.12925,1.12998,3656
2025-05-02 19:00:00,1.12998,1.13090,1.12998,1.13045,2600
2025-05-02 20:00:00,1.13044,1.13053,1.12936,1.12986,1278
2025-05-04 21:00:00,1.12998,1.13069,1.12917,1.12976,460
2025-05-04 22:00:00,1.12980,1.13148,1.12980,1.13058,2793
2025-05-04 23:00:00,1.13058,1.13278,1.13021,1.13211,2327
2025-05-05 00:00:00,1.13211,1.13240,1.13143,1.13224,3368
2025-05-05 01:00:00,1.13224,1.13400,1.13224,1.13349,5033
2025-05-05 02:00:00,1.13349,1.13468,1.13316,1.13424,3367
2025-05-05 03:00:00,1.13424,1.13426,1.13282,1.13322,2316
2025-05-05 04:00:00,1.13322,1.13390,1.13286,1.13375,2235
2025-05-05 05:00:00,1.13375,1.13475,1.13303,1.13334,4389
2025-05-05 06:00:00,1.13334,1.13368,1.13181,1.13261,5887
2025-05-05 07:00:00,1.13261,1.13309,1.13128,1.13128,5325
2025-05-05 08:00:00,1.13128,1.13328,1.13113,1.13265,5581
2025-05-05 09:00:00,1.13265,1.13442,1.13263,1.13413,5245
2025-05-05 10:00:00,1.13413,1.13457,1.13331,1.13448,4193
2025-05-05 11:00:00,1.13448,1.13577,1.13401,1.13426,4236
2025-05-05 12:00:00,1.13426,1.13634,1.13403,1.13599,6298
2025-05-05 13:00:00,1.13599,1.13649,1.13515,1.13515,5649
2025-05-05 14:00:00,1.13513,1.13529,1.13306,1.13385,9641
2025-05-05 15:00:00,1.13385,1.13412,1.13126,1.13143,5612
2025-05-05 16:00:00,1.13143,1.13144,1.12992,1.13023,4284
2025-05-05 17:00:00,1.13023,1.13113,1.12975,1.13000,2533
2025-05-05 18:00:00,1.13000,1.13155,1.12972,1.13131,2317
2025-05-05 19:00:00,1.13131,1.13210,1.13108,1.13149,2561
2025-05-05 20:00:00,1.13149,1.13204,1.13119,1.13133,1128
2025-05-05 21:00:00,1.13127,1.13176,1.13127,1.13154,259
2025-05-05 22:00:00,1.13154,1.13199,1.13134,1.13146,846
2025-05-05 23:00:00,1.13146,1.13164,1.13098,1.13122,911
2025-05-06 00:00:00,1.13122,1.13124,1.12809,1.12862,3896
2025-05-06 01:00:00,1.12862,1.12967,1.12799,1.12937,4674
2025-05-06 02:00:00,1.12937,1.13140,1.12930,1.13072,4222
2025-05-06 03:00:00,1.13072,1.13174,1.13034,1.13152,2708
2025-05-06 04:00:00,1.13152,1.13276,1.13145,1.13246,2165
2025-05-06 05:00:00,1.13246,1.13256,1.13136,1.13184,2643
2025-05-06 06:00:00,1.13184,1.13355,1.13137,1.13260,4809
2025-05-06 07:00:00,1.13260,1.13479,1.13222,1.13391,7302
2025-05-06 08:00:00,1.13391,1.13496,1.13226,1.13272,7887
2025-05-06 09:00:00,1.13273,1.13299,1.13053,1.13118,5714
2025-05-06 10:00:00,1.13118,1.13276,1.13095,1.13259,4790
2025-05-06 11:00:00,1.13259,1.13350,1.13223,1.13272,4580
2025-05-06 12:00:00,1.13272,1.13438,1.13170,1.13404,5270
2025-05-06 13:00:00,1.13404,1.13578,1.13263,1.13533,6338
2025-05-06 14:00:00,1.13531,1.13698,1.13410,1.13411,8372
2025-05-06 15:00:00,1.13411,1.13499,1.13353,1.13436,5379
2025-05-06 16:00:00,1.13436,1.13557,1.13307,1.13487,4525
2025-05-06 17:00:00,1.13487,1.13704,1.13487,1.13644,3561
2025-05-06 18:00:00,1.13644,1.13724,1.13548,1.13717,2873
2025-05-06 19:00:00,1.13717,1.13813,1.13668,1.13727,2494
2025-05-06 20:00:00,1.13727,1.13797,1.13659,1.13686,2741
2025-05-06 21:00:00,1.13625,1.13725,1.13625,1.13704,463
2025-05-06 22:00:00,1.13718,1.13740,1.13260,1.13427,6117
2025-05-06 23:00:00,1.13427,1.13457,1.13334,1.13400,4048
2025-05-07 00:00:00,1.13400,1.13516,1.13253,1.13410,7617
2025-05-07 01:00:00,1.13410,1.13516,1.13263,1.13448,7745
2025-05-07 02:00:00,1.13448,1.13495,1.13356,1.13410,5491
2025-05-07 03:00:00,1.13410,1.13474,1.13366,1.13459,3205
2025-05-07 04:00:00,1.13459,1.13516,1.13429,1.13436,2302
2025-05-07 05:00:00,1.13436,1.13671,1.13430,1.13654,3403
2025-05-07 06:00:00,1.13654,1.13784,1.13594,1.13738,5182
2025-05-07 07:00:00,1.13738,1.13738,1.13551,1.13625,5780
2025-05-07 08:00:00,1.13625,1.13738,1.13540,1.13581,5196
2025-05-07 09:00:00,1.13581,1.13619,1.13473,1.13568,4562
2025-05-07 10:00:00,1.13569,1.13670,1.13560,1.13657,3570
2025-05-07 11:00:00,1.13657,1.13729,1.13561,1.13576,3512
2025-05-07 12:00:00,1.13576,1.13666,1.13558,1.13592,4841
2025-05-07 13:00:00,1.13592,1.13682,1.13531,1.13670,5107
2025-05-07 14:00:00,1.13670,1.13710,1.13545,1.13671,5193
2025-05-07 15:00:00,1.13668,1.13696,1.13415,1.13471,5389
2025-05-07 16:00:00,1.13471,1.13542,1.13371,1.13489,3329
2025-05-07 17:00:00,1.13489,1.13497,1.13350,1.13402,2751
2025-05-07 18:00:00,1.13413,1.13653,1.13201,1.13339,12110
2025-05-07 19:00:00,1.13339,1.13345,1.13004,1.13069,9273
2025-05-07 20:00:00,1.13069,1.13085,1.12917,1.12984,2290
2025-05-07 21:00:00,1.12998,1.13137,1.12998,1.13108,431
2025-05-07 22:00:00,1.13108,1.13123,1.12999,1.13014,1750
2025-05-07 23:00:00,1.13014,1.13103,1.13013,1.13029,1532
2025-05-08 00:00:00,1.13029,1.13225,1.13021,1.13101,3766
2025-05-08 01:00:00,1.13101,1.13329,1.13082,1.13318,6078
2025-05-08 02:00:00,1.13318,1.13354,1.13226,1.13228,4217
2025-05-08 03:00:00,1.13228,1.13361,1.13227,1.13275,2811
2025-05-08 04:00:00,1.13275,1.13310,1.13179,1.13181,2184
2025-05-08 05:00:00,1.13181,1.13184,1.12967,1.13039,4096
2025-05-08 06:00:00,1.13039,1.13076,1.12765,1.12823,6876
2025-05-08 07:00:00,1.12824,1.12977,1.12703,1.12973,6344
2025-05-08 08:00:00,1.12973,1.13032,1.12835,1.12878,5859
2025-05-08 09:00:00,1.12878,1.12979,1.12829,1.12848,4681
2025-05-08 10:00:00,1.12848,1.12996,1.12753,1.12874,4024
2025-05-08 11:00:00,1.12874,1.13049,1.12853,1.12960,5442
2025-05-08 12:00:00,1.12960,1.13202,1.12928,1.12996,7305
2025-05-08 13:00:00,1.12997,1.13118,1.12954,1.13065,7886
2025-05-08 14:00:00,1.13065,1.13164,1.12758,1.12782,9279
2025-05-08 15:00:00,1.12782,1.12897,1.12344,1.12481,11578
2025-05-08 16:00:00,1.12481,1.12495,1.12205,1.12261,7477
2025-05-08 17:00:00,1.12261,1.12297,1.12125,1.12268,4117
2025-05-08 18:00:00,1.12268,1.12307,1.12197,1.12246,2874
2025-05-08 19:00:00,1.12246,1.12284,1.12120,1.12262,3638
2025-05-08 20:00:00,1.12262,1.12297,1.12199,1.12239,1753
2025-05-08 21:00:00,1.12197,1.12269,1.12197,1.12269,260
2025-05-08 22:00:00,1.12269,1.12331,1.12263,1.12319,1033
2025-05-08 23:00:00,1.12319,1.12325,1.12220,1.12269,1729
2025-05-09 00:00:00,1.12269,1.12334,1.12133,1.12270,4068
2025-05-09 01:00:00,1.12270,1.12292,1.12108,1.12121,4220
2025-05-09 02:00:00,1.12121,1.12195,1.11966,1.12185,4100
2025-05-09 03:00:00,1.12185,1.12277,1.12183,1.12227,4005
2025-05-09 04:00:00,1.12227,1.12297,1.12227,1.12279,2770
2025-05-09 05:00:00,1.12279,1.12366,1.12183,1.12357,2704
2025-05-09 06:00:00,1.12357,1.12474,1.12322,1.12403,3771
2025-05-09 07:00:00,1.12403,1.12584,1.12371,1.12515,4591
2025-05-09 08:00:00,1.12514,1.12593,1.12422,1.12564,3738
2025-05-09 09:00:00,1.12564,1.12598,1.12450,1.12462,3198
2025-05-09 10:00:00,1.12462,1.12514,1.12423,1.12457,3138
2025-05-09 11:00:00,1.12457,1.12605,1.12436,1.12543,4313
2025-05-09 12:00:00,1.12543,1.12567,1.12471,1.12540,3280
2025-05-09 13:00:00,1.12540,1.12683,1.12532,1.12584,4032
2025-05-09 14:00:00,1.12584,1.12928,1.12558,1.12676,5860
2025-05-09 15:00:00,1.12676,1.12731,1.12602,1.12697,4483
2025-05-09 16:00:00,1.12697,1.12752,1.12575,1.12586,3220
2025-05-09 17:00:00,1.12586,1.12652,1.12528,1.12620,2049
2025-05-09 18:00:00,1.12620,1.12664,1.12546,1.12589,1806
2025-05-09 19:00:00,1.12589,1.12600,1.12487,1.12572,1441
2025-05-09 20:00:00,1.12573,1.12573,1.12466,1.12476,768
2025-05-11 21:00:00,1.11942,1.12233,1.11920,1.12110,532
2025-05-11 22:00:00,1.12106,1.12316,1.12080,1.12254,2928
2025-05-11 23:00:00,1.12254,1.12363,1.12230,1.12280,2127
2025-05-12 00:00:00,1.12280,1.12392,1.12251,1.12387,4218
2025-05-12 01:00:00,1.12387,1.12428,1.12223,1.12259,5014
2025-05-12 02:00:00,1.12259,1.12380,1.12251,1.12285,3030
2025-05-12 03:00:00,1.12285,1.12342,1.12251,1.12331,2504
2025-05-12 04:00:00,1.12331,1.12347,1.12262,1.12275,1745
2025-05-12 05:00:00,1.12275,1.12301,1.12137,1.12221,2598
2025-05-12 06:00:00,1.12221,1.12360,1.12156,1.12180,4478
2025-05-12 07:00:00,1.12180,1.12191,1.10976,1.11051,18407
2025-05-12 08:00:00,1.11051,1.11454,1.10825,1.11376,11289
2025-05-12 09:00:00,1.11376,1.11419,1.11146,1.11185,6544
2025-05-12 10:00:00,1.11185,1.11185,1.10722,1.10796,7986
2025-05-12 11:00:00,1.10796,1.11176,1.10770,1.11112,7337
2025-05-12 12:00:00,1.11112,1.11264,1.11006,1.11135,6225
2025-05-12 13:00:00,1.11135,1.11346,1.11102,1.11189,7050
2025-05-12 14:00:00,1.11189,1.11344,1.11074,1.11115,8893
2025-05-12 15:00:00,1.11115,1.11238,1.11003,1.11050,5353
2025-05-12 16:00:00,1.11050,1.11110,1.10838,1.10847,4119
2025-05-12 17:00:00,1.10847,1.10885,1.10726,1.10792,3006
2025-05-12 18:00:00,1.10792,1.10914,1.10654,1.10896,3477
2025-05-12 19:00:00,1.10896,1.10968,1.10824,1.10923,2641
2025-05-12 20:00:00,1.10923,1.10947,1.10830,1.10830,1682
2025-05-12 21:00:00,1.10832,1.10900,1.10827,1.10875,515
2025-05-12 22:00:00,1.10875,1.10947,1.10875,1.10937,1507
2025-05-12 23:00:00,1.10938,1.11002,1.10895,1.10958,1844
2025-05-13 00:00:00,1.10958,1.11066,1.10951,1.11046,3924
2025-05-13 01:00:00,1.11046,1.11092,1.10996,1.11066,4434
2025-05-13 02:00:00,1.11065,1.11114,1.10993,1.11029,2964
2025-05-13 03:00:00,1.11029,1.11169,1.10992,1.11165,2198
2025-05-13 04:00:00,1.11165,1.11171,1.11089,1.11169,2151
2025-05-13 05:00:00,1.11169,1.11195,1.11087,1.11105,2670
2025-05-13 06:00:00,1.11105,1.11186,1.11015,1.11114,4378
2025-05-13 07:00:00,1.11113,1.11244,1.11024,1.11160,5645
2025-05-13 08:00:00,1.11160,1.11178,1.11028,1.11119,4205
2025-05-13 09:00:00,1.11119,1.11155,1.11025,1.11071,3476
2025-05-13 10:00:00,1.11071,1.11096,1.10970,1.11047,3321
2025-05-13 11:00:00,1.11047,1.11122,1.11034,1.11069,2475
2025-05-13 12:00:00,1.11069,1.11314,1.11068,1.11307,6440
2025-05-13 13:00:00,1.11307,1.11487,1.11275,1.11356,7759
2025-05-13 14:00:00,1.11356,1.11643,1.11302,1.11615,7666
2025-05-13 15:00:00,1.11615,1.11778,1.11569,1.11750,5843
2025-05-13 16:00:00,1.11750,1.11830,1.11646,1.11758,3454
2025-05-13 17:00:00,1.11758,1.11798,1.11677,1.11770,2229
2025-05-13 18:00:00,1.11770,1.11860,1.11752,1.11850,2264
2025-05-13 19:00:00,1.11850,1.11917,1.11828,1.11897,1832
2025-05-13 20:00:00,1.11897,1.11947,1.11835,1.11847,1318
2025-05-13 21:00:00,1.11850,1.11863,1.11826,1.11850,343
2025-05-13 22:00:00,1.11850,1.11973,1.11850,1.11972,1033
2025-05-13 23:00:00,1.11972,1.11972,1.11849,1.11858,1444
2025-05-14 00:00:00,1.11858,1.11967,1.11823,1.11921,3198
2025-05-14 01:00:00,1.11921,1.11977,1.11836,1.11884,4695
2025-05-14 02:00:00,1.11885,1.11926,1.11830,1.11888,3248
2025-05-14 03:00:00,1.11888,1.11962,1.11845,1.11953,2296
2025-05-14 04:00:00,1.11953,1.12004,1.11878,1.11886,2748
2025-05-14 05:00:00,1.11886,1.11926,1.11847,1.11865,2416
2025-05-14 06:00:00,1.11865,1.11984,1.11802,1.11879,4162
2025-05-14 07:00:00,1.11879,1.12166,1.11813,1.12150,5391
2025-05-14 08:00:00,1.12150,1.12522,1.12126,1.12387,9755
2025-05-14 09:00:00,1.12387,1.12659,1.12311,1.12522,6975
2025-05-14 10:00:00,1.12522,1.12531,1.12272,1.12311,4047
2025-05-14 11:00:00,1.12311,1.12348,1.12134,1.12174,3959
2025-05-14 12:00:00,1.12174,1.12355,1.12094,1.12253,5773
2025-05-14 13:00:00,1.12253,1.12348,1.12103,1.12201,6875
2025-05-14 14:00:00,1.12201,1.12237,1.12027,1.12120,7196
2025-05-14 15:00:00,1.12120,1.12150,1.11976,1.12052,5777
2025-05-14 16:00:00,1.12052,1.12133,1.11758,1.11891,5865
2025-05-14 17:00:00,1.11891,1.11970,1.11814,1.11893,3272
2025-05-14 18:00:00,1.11893,1.11898,1.11713,1.11783,2967
2025-05-14 19:00:00,1.11783,1.11783,1.11656,1.11674,2491
2025-05-14 20:00:00,1.11674,1.11750,1.11646,1.11724,1731
2025-05-14 21:00:00,1.11670,1.11789,1.11670,1.11765,381
2025-05-14 22:00:00,1.11765,1.11845,1.11765,1.11826,949
2025-05-14 23:00:00,1.11826,1.11881,1.11804,1.11815,1503
2025-05-15 00:00:00,1.11815,1.11944,1.11760,1.11916,3094
2025-05-15 01:00:00,1.11916,1.11997,1.11908,1.11934,3632
2025-05-15 02:00:00,1.11934,1.11965,1.11889,1.11949,2667
2025-05-15 03:00:00,1.11949,1.12014,1.11924,1.11968,2118
2025-05-15 04:00:00,1.11968,1.11999,1.11918,1.11929,1835
2025-05-15 05:00:00,1.11929,1.11992,1.11855,1.11932,2834
2025-05-15 06:00:00,1.11932,1.12280,1.11895,1.12273,4446
2025-05-15 07:00:00,1.12273,1.12279,1.11916,1.11974,5272
2025-05-15 08:00:00,1.11974,1.12115,1.11924,1.12103,3627
2025-05-15 09:00:00,1.12103,1.12132,1.12007,1.12023,2861
2025-05-15 10:00:00,1.12023,1.12115,1.11981,1.12003,3078
2025-05-15 11:00:00,1.12003,1.12031,1.11794,1.11831,3515
2025-05-15 12:00:00,1.11831,1.12140,1.11824,1.12099,6896
2025-05-15 13:00:00,1.12099,1.12240,1.11948,1.12007,7532
2025-05-15 14:00:00,1.12007,1.12110,1.11758,1.11864,7361
2025-05-15 15:00:00,1.11864,1.11969,1.11729,1.11881,4858
2025-05-15 16:00:00,1.11881,1.11908,1.11727,1.11809,2887
2025-05-15 17:00:00,1.11809,1.11893,1.11704,1.11711,2691
2025-05-15 18:00:00,1.11712,1.11796,1.11710,1.11771,2026
2025-05-15 19:00:00,1.11771,1.11864,1.11727,1.11837,1900
2025-05-15 20:00:00,1.11837,1.11878,1.11810,1.11871,1301
2025-05-15 21:00:00,1.11832,1.11895,1.11790,1.11876,611
2025-05-15 22:00:00,1.11877,1.11932,1.11852,1.11921,995
2025-05-15 23:00:00,1.11921,1.11940,1.11896,1.11920,1054
2025-05-16 00:00:00,1.11920,1.12084,1.11902,1.12049,3434
2025-05-16 01:00:00,1.12049,1.12088,1.11983,1.12034,2284
2025-05-16 02:00:00,1.12034,1.12085,1.11994,1.12023,2589
2025-05-16 03:00:00,1.12023,1.12059,1.11989,1.12006,2126
2025-05-16 04:00:00,1.12006,1.12046,1.11963,1.12031,1774
2025-05-16 05:00:00,1.12033,1.12189,1.12012,1.12156,2472
2025-05-16 06:00:00,1.12156,1.12197,1.12072,1.12123,3437
2025-05-16 07:00:00,1.12123,1.12174,1.12061,1.12090,4162
2025-05-16 08:00:00,1.12090,1.12093,1.11972,1.11991,3497
2025-05-16 09:00:00,1.11990,1.12090,1.11917,1.11945,3260
2025-05-16 10:00:00,1.11945,1.12001,1.11882,1.12001,2731
2025-05-16 11:00:00,1.12001,1.12082,1.11903,1.11943,2661
2025-05-16 12:00:00,1.11943,1.11989,1.11910,1.11972,3393
2025-05-16 13:00:00,1.11972,1.12057,1.11882,1.11996,4415
2025-05-16 14:00:00,1.11996,1.12022,1.11519,1.11550,8139
2025-05-16 15:00:00,1.11550,1.11587,1.11401,1.11403,4238
2025-05-16 16:00:00,1.11403,1.11477,1.11311,1.11451,3573
2025-05-16 17:00:00,1.11451,1.11478,1.11395,1.11450,1966
2025-05-16 18:00:00,1.11450,1.11551,1.11432,1.11526,1874
2025-05-16 19:00:00,1.11526,1.11586,1.11480,1.11493,2027
2025-05-16 20:00:00,1.11493,1.11618,1.11445,1.11604,1636
2025-05-18 21:00:00,1.11705,1.11823,1.11693,1.11698,748
2025-05-18 22:00:00,1.11698,1.11943,1.11690,1.11903,2285
2025-05-18 23:00:00,1.11903,1.11942,1.11817,1.11890,1758
2025-05-19 00:00:00,1.11890,1.11987,1.11801,1.11974,4077
2025-05-19 01:00:00,1.11974,1.11992,1.11731,1.11761,3984
2025-05-19 02:00:00,1.11762,1.11884,1.11724,1.11823,2984
2025-05-19 03:00:00,1.11823,1.11854,1.11785,1.11812,2079
2025-05-19 04:00:00,1.11812,1.11874,1.11771,1.11840,1604
2025-05-19 05:00:00,1.11840,1.11882,1.11764,1.11851,2402
2025-05-19 06:00:00,1.11851,1.12123,1.11818,1.12093,4882
2025-05-19 07:00:00,1.12093,1.12450,1.12057,1.12382,6545
2025-05-19 08:00:00,1.12382,1.12593,1.12359,1.12574,5334
2025-05-19 09:00:00,1.12574,1.12808,1.12550,1.12799,6306
2025-05-19 10:00:00,1.12799,1.12883,1.12687,1.12783,5033
2025-05-19 11:00:00,1.12783,1.12798,1.12619,1.12728,4327
2025-05-19 12:00:00,1.12728,1.12734,1.12566,1.12571,4152
2025-05-19 13:00:00,1.12571,1.12653,1.12473,1.12514,6570
2025-05-19 14:00:00,1.12514,1.12579,1.12416,1.12538,5535
2025-05-19 15:00:00,1.12538,1.12598,1.12337,1.12362,4803
2025-05-19 16:00:00,1.12362,1.12396,1.12286,1.12354,2965
2025-05-19 17:00:00,1.12354,1.12388,1.12242,1.12302,2170
2025-05-19 18:00:00,1.12302,1.12369,1.12247,1.12350,1921
2025-05-19 19:00:00,1.12350,1.12420,1.12330,1.12402,1216
2025-05-19 20:00:00,1.12402,1.12449,1.12379,1.12379,1180
2025-05-19 21:00:00,1.12330,1.12430,1.12330,1.12427,469
2025-05-19 22:00:00,1.12429,1.12438,1.12350,1.12352,888
2025-05-19 23:00:00,1.12352,1.12363,1.12316,1.12324,927
2025-05-20 00:00:00,1.12324,1.12324,1.12179,1.12280,2559
2025-05-20 01:00:00,1.12280,1.12513,1.12280,1.12384,3579
2025-05-20 02:00:00,1.12384,1.12463,1.12260,1.12322,2509
2025-05-20 03:00:00,1.12322,1.12474,1.12295,1.12450,2574
2025-05-20 04:00:00,1.12450,1.12507,1.12404,1.12422,2475
2025-05-20 05:00:00,1.12422,1.12585,1.12417,1.12546,4146
2025-05-20 06:00:00,1.12546,1.12627,1.12508,1.12576,4744
2025-05-20 07:00:00,1.12576,1.12780,1.12529,1.12764,5384
2025-05-20 08:00:00,1.12761,1.12763,1.12475,1.12584,4277
2025-05-20 09:00:00,1.12584,1.12672,1.12500,1.12555,3835
2025-05-20 10:00:00,1.12555,1.12580,1.12431,1.12445,3195
2025-05-20 11:00:00,1.12445,1.12519,1.12438,1.12458,3247
2025-05-20 12:00:00,1.12458,1.12473,1.12238,1.12345,4321
2025-05-20 13:00:00,1.12345,1.12497,1.12249,1.12459,5920
2025-05-20 14:00:00,1.12459,1.12692,1.12457,1.12684,7069
2025-05-20 15:00:00,1.12685,1.12699,1.12497,1.12532,4236
2025-05-20 16:00:00,1.12532,1.12580,1.12453,1.12568,2755
2025-05-20 17:00:00,1.12568,1.12776,1.12548,1.12739,2417
2025-05-20 18:00:00,1.12739,1.12806,1.12712,1.12725,2741
2025-05-20 19:00:00,1.12725,1.12826,1.12719,1.12805,1584
2025-05-20 20:00:00,1.12805,1.12854,1.12784,1.12819,1323
2025-05-20 21:00:00,1.12814,1.12838,1.12795,1.12817,627
2025-05-20 22:00:00,1.12816,1.12872,1.12803,1.12808,1749
2025-05-20 23:00:00,1.12808,1.12901,1.12806,1.12883,1344
2025-05-21 00:00:00,1.12883,1.13015,1.12876,1.12955,3298
2025-05-21 01:00:00,1.12955,1.13027,1.12869,1.12985,3208
2025-05-21 02:00:00,1.12985,1.13260,1.12974,1.13219,4675
2025-05-21 03:00:00,1.13219,1.13397,1.13190,1.13341,3146
2025-05-21 04:00:00,1.13341,1.13369,1.13256,1.13291,2545
2025-05-21 05:00:00,1.13291,1.13381,1.13267,1.13321,3401
2025-05-21 06:00:00,1.13321,1.13531,1.13222,1.13328,6414
2025-05-21 07:00:00,1.13327,1.13340,1.13144,1.13234,5864
2025-05-21 08:00:00,1.13234,1.13339,1.13123,1.13225,4197
2025-05-21 09:00:00,1.13225,1.13349,1.13149,1.13349,3456
2025-05-21 10:00:00,1.13349,1.13622,1.13316,1.13388,5323
2025-05-21 11:00:00,1.13388,1.13448,1.13192,1.13239,3888
2025-05-21 12:00:00,1.13239,1.13349,1.13175,1.13348,5419
2025-05-21 13:00:00,1.13347,1.13391,1.13233,1.13370,5895
2025-05-21 14:00:00,1.13370,1.13544,1.13324,1.13408,6916
2025-05-21 15:00:00,1.13408,1.13484,1.13325,1.13427,4742
2025-05-21 16:00:00,1.13427,1.13521,1.13390,1.13404,2706
2025-05-21 17:00:00,1.13404,1.13629,1.13377,1.13482,5637
2025-05-21 18:00:00,1.13482,1.13489,1.13317,1.13333,3001
2025-05-21 19:00:00,1.13333,1.13393,1.13184,1.13190,3350
2025-05-21 20:00:00,1.13190,1.13316,1.13157,1.13272,1349
2025-05-21 21:00:00,1.13212,1.13292,1.13212,1.13280,307
2025-05-21 22:00:00,1.13280,1.13298,1.13151,1.13153,2486
2025-05-21 23:00:00,1.13152,1.13325,1.13111,1.13320,2134
2025-05-22 00:00:00,1.13320,1.13435,1.13261,1.13273,5396
2025-05-22 01:00:00,1.13273,1.13407,1.13173,1.13379,4791
2025-05-22 02:00:00,1.13379,1.13450,1.13285,1.13388,4285
2025-05-22 03:00:00,1.13388,1.13421,1.13307,1.13332,3126
2025-05-22 04:00:00,1.13332,1.13345,1.13247,1.13331,2852
2025-05-22 05:00:00,1.13331,1.13353,1.13249,1.13335,3152
2025-05-22 06:00:00,1.13335,1.13421,1.13173,1.13225,5481
2025-05-22 07:00:00,1.13225,1.13247,1.12953,1.13201,7635
2025-05-22 08:00:00,1.13201,1.13349,1.13013,1.13019,7064
2025-05-22 09:00:00,1.13019,1.13034,1.12911,1.12943,5419
2025-05-22 10:00:00,1.12943,1.12998,1.12903,1.12921,3773
2025-05-22 11:00:00,1.12921,1.13130,1.12920,1.13086,4391
2025-05-22 12:00:00,1.13086,1.13150,1.12849,1.12951,6213
2025-05-22 13:00:00,1.12951,1.13090,1.12817,1.12832,7374
2025-05-22 14:00:00,1.12832,1.12979,1.12750,1.12772,7596
2025-05-22 15:00:00,1.12772,1.12884,1.12660,1.12804,5408
2025-05-22 16:00:00,1.12804,1.12879,1.12684,1.12694,3693
2025-05-22 17:00:00,1.12695,1.12709,1.12553,1.12680,3886
2025-05-22 18:00:00,1.12680,1.12809,1.12675,1.12781,1967
2025-05-22 19:00:00,1.12781,1.12858,1.12780,1.12787,2043
2025-05-22 20:00:00,1.12787,1.12837,1.12776,1.12785,1104
2025-05-22 21:00:00,1.12765,1.12807,1.12765,1.12798,304
2025-05-22 22:00:00,1.12798,1.12873,1.12795,1.12863,1360
2025-05-22 23:00:00,1.12863,1.12891,1.12811,1.12823,1159
2025-05-23 00:00:00,1.12823,1.13000,1.12790,1.12971,3528
2025-05-23 01:00:00,1.12971,1.13188,1.12952,1.13141,3793
2025-05-23 02:00:00,1.13141,1.13181,1.13082,1.13148,2506
2025-05-23 03:00:00,1.13148,1.13175,1.13111,1.13115,1933
2025-05-23 04:00:00,1.13116,1.13209,1.13078,1.13180,2091
2025-05-23 05:00:00,1.13180,1.13259,1.13083,1.13229,2533
2025-05-23 06:00:00,1.13229,1.13268,1.13102,1.13123,3833
2025-05-23 07:00:00,1.13123,1.13442,1.13094,1.13395,4895
2025-05-23 08:00:00,1.13395,1.13447,1.13328,1.13421,3358
2025-05-23 09:00:00,1.13421,1.13540,1.13385,1.13492,3752
2025-05-23 10:00:00,1.13492,1.13579,1.13443,1.13490,3469
2025-05-23 11:00:00,1.13490,1.13757,1.12982,1.13215,13133
2025-05-23 12:00:00,1.13215,1.13503,1.12975,1.13336,12982
2025-05-23 13:00:00,1.13336,1.13381,1.13133,1.13146,8044
2025-05-23 14:00:00,1.13145,1.13463,1.13109,1.13451,6770
2025-05-23 15:00:00,1.13449,1.13596,1.13317,1.13493,4992
2025-05-23 16:00:00,1.13493,1.13597,1.13411,1.13583,3477
2025-05-23 17:00:00,1.13583,1.13673,1.13517,1.13607,2251
2025-05-23 18:00:00,1.13607,1.13694,1.13557,1.13596,2833
2025-05-23 19:00:00,1.13596,1.13657,1.13555,1.13636,1785
2025-05-23 20:00:00,1.13632,1.13683,1.13592,1.13641,1494
2025-05-25 21:00:00,1.13629,1.13675,1.13604,1.13673,411
2025-05-25 22:00:00,1.13673,1.13796,1.13623,1.13740,3952
2025-05-25 23:00:00,1.13740,1.13818,1.13699,1.13749,2293
2025-05-26 00:00:00,1.13749,1.13977,1.13739,1.13969,4254
2025-05-26 01:00:00,1.13969,1.14158,1.13881,1.14126,4169
2025-05-26 02:00:00,1.14126,1.14190,1.14081,1.14095,4089
2025-05-26 03:00:00,1.14096,1.14126,1.14051,1.14116,2796
2025-05-26 04:00:00,1.14116,1.14134,1.14033,1.14094,2337
2025-05-26 05:00:00,1.14094,1.14186,1.14005,1.14173,2969
2025-05-26 06:00:00,1.14173,1.14184,1.14081,1.14090,3851
2025-05-26 07:00:00,1.14090,1.14126,1.13884,1.13892,4491
2025-05-26 08:00:00,1.13892,1.13955,1.13830,1.13846,3147
2025-05-26 09:00:00,1.13847,1.13857,1.13759,1.13791,2321
2025-05-26 10:00:00,1.13791,1.13864,1.13765,1.13843,2016
2025-05-26 11:00:00,1.13843,1.13869,1.13742,1.13771,1829
2025-05-26 12:00:00,1.13771,1.13824,1.13690,1.13753,2114
2025-05-26 13:00:00,1.13753,1.13836,1.13733,1.13818,1869
2025-05-26 14:00:00,1.13818,1.13850,1.13768,1.13843,2334
2025-05-26 15:00:00,1.13843,1.13856,1.13773,1.13814,1544
2025-05-26 16:00:00,1.13814,1.13834,1.13760,1.13834,895
2025-05-26 17:00:00,1.13835,1.13839,1.13785,1.13808,493
2025-05-26 18:00:00,1.13806,1.13833,1.13801,1.13810,459
2025-05-26 19:00:00,1.13810,1.13855,1.13805,1.13854,389
2025-05-26 20:00:00,1.13854,1.13881,1.13831,1.13831,625
2025-05-26 21:00:00,1.13806,1.13855,1.13801,1.13843,305
2025-05-26 22:00:00,1.13846,1.13947,1.13839,1.13904,1291
2025-05-26 23:00:00,1.13904,1.13913,1.13868,1.13885,1082
2025-05-27 00:00:00,1.13885,1.14030,1.13878,1.14001,2939
2025-05-27 01:00:00,1.14001,1.14072,1.13912,1.13950,2994
2025-05-27 02:00:00,1.13950,1.14031,1.13907,1.13927,2192
2025-05-27 03:00:00,1.13927,1.14010,1.13902,1.13937,1761
2025-05-27 04:00:00,1.13937,1.13979,1.13778,1.13784,2600
2025-05-27 05:00:00,1.13785,1.13795,1.13671,1.13786,4248
2025-05-27 06:00:00,1.13786,1.13930,1.13643,1.13651,5021
2025-05-27 07:00:00,1.13651,1.13712,1.13371,1.13409,6249
2025-05-27 08:00:00,1.13409,1.13577,1.13378,1.13486,4353
2025-05-27 09:00:00,1.13487,1.13580,1.13447,1.13483,4299
2025-05-27 10:00:00,1.13483,1.13519,1.13407,1.13438,3950
2025-05-27 11:00:00,1.13438,1.13544,1.13412,1.13510,3430
2025-05-27 12:00:00,1.13510,1.13678,1.13509,1.13667,4016
2025-05-27 13:00:00,1.13667,1.13756,1.13556,1.13584,5038
2025-05-27 14:00:00,1.13584,1.13613,1.13382,1.13412,6517
2025-05-27 15:00:00,1.13412,1.13413,1.13233,1.13256,4614
2025-05-27 16:00:00,1.13256,1.13353,1.13234,1.13317,2935
2025-05-27 17:00:00,1.13317,1.13371,1.13302,1.13329,2327
2025-05-27 18:00:00,1.13329,1.13388,1.13285,1.13373,1969
2025-05-27 19:00:00,1.13373,1.13388,1.13300,1.13309,1789
2025-05-27 20:00:00,1.13309,1.13326,1.13263,1.13281,1953
2025-05-27 21:00:00,1.13249,1.13311,1.13248,1.13303,850
2025-05-27 22:00:00,1.13303,1.13372,1.13281,1.13366,945
2025-05-27 23:00:00,1.13366,1.13380,1.13314,1.13368,1332
2025-05-28 00:00:00,1.13368,1.13454,1.13341,1.13344,2900
2025-05-28 01:00:00,1.13344,1.13389,1.13153,1.13176,4565
2025-05-28 02:00:00,1.13176,1.13256,1.13007,1.13054,4108
2025-05-28 03:00:00,1.13054,1.13130,1.13004,1.13074,3840
2025-05-28 04:00:00,1.13074,1.13107,1.13026,1.13061,2624
2025-05-28 05:00:00,1.13061,1.13149,1.12955,1.13148,3556
2025-05-28 06:00:00,1.13148,1.13169,1.13037,1.13045,4381
2025-05-28 07:00:00,1.13045,1.13310,1.13029,1.13267,4421
2025-05-28 08:00:00,1.13266,1.13343,1.13182,1.13322,3893
2025-05-28 09:00:00,1.13322,1.13404,1.13281,1.13335,3576
2025-05-28 10:00:00,1.13335,1.13407,1.13241,1.13258,3438
2025-05-28 11:00:00,1.13258,1.13287,1.13165,1.13178,3678
2025-05-28 12:00:00,1.13178,1.13246,1.13074,1.13110,4391
2025-05-28 13:00:00,1.13110,1.13137,1.12969,1.13088,6231
2025-05-28 14:00:00,1.13086,1.13248,1.13009,1.13022,7483
2025-05-28 15:00:00,1.13022,1.13086,1.12839,1.12846,5263
2025-05-28 16:00:00,1.12846,1.12967,1.12841,1.12941,2628
2025-05-28 17:00:00,1.12941,1.13008,1.12907,1.12915,2480
2025-05-28 18:00:00,1.12915,1.12981,1.12844,1.12936,2543
2025-05-28 19:00:00,1.12936,1.12957,1.12877,1.12896,1787
2025-05-28 20:00:00,1.12896,1.12958,1.12891,1.12917,1859
2025-05-28 21:00:00,1.12914,1.12948,1.12905,1.12936,542
2025-05-28 22:00:00,1.12937,1.12973,1.12906,1.12918,1037
2025-05-28 23:00:00,1.12918,1.12924,1.12102,1.12297,7967
2025-05-29 00:00:00,1.12297,1.12509,1.12232,1.12348,8520
2025-05-29 01:00:00,1.12348,1.12533,1.12235,1.12520,5950
2025-05-29 02:00:00,1.12520,1.12571,1.12416,1.12459,4098
2025-05-29 03:00:00,1.12459,1.12564,1.12427,1.12485,2992
2025-05-29 04:00:00,1.12485,1.12549,1.12441,1.12478,2449
2025-05-29 05:00:00,1.12478,1.12507,1.12306,1.12438,3494
2025-05-29 06:00:00,1.12438,1.12739,1.12424,1.12714,5534
2025-05-29 07:00:00,1.12714,1.12827,1.12711,1.12756,5141
2025-05-29 08:00:00,1.12756,1.12791,1.12619,1.12719,3765
2025-05-29 09:00:00,1.12719,1.12839,1.12714,1.12780,3067
2025-05-29 10:00:00,1.12780,1.12915,1.12766,1.12864,3268
2025-05-29 11:00:00,1.12864,1.12909,1.12680,1.12711,3481
2025-05-29 12:00:00,1.12711,1.13498,1.12711,1.13494,8984
2025-05-29 13:00:00,1.13494,1.13599,1.13392,1.13516,7994
2025-05-29 14:00:00,1.13516,1.13696,1.13429,1.13501,6619
2025-05-29 15:00:00,1.13501,1.13707,1.13489,1.13698,4845
2025-05-29 16:00:00,1.13698,1.13800,1.13667,1.13715,3166
2025-05-29 17:00:00,1.13716,1.13846,1.13618,1.13770,2526
2025-05-29 18:00:00,1.13770,1.13844,1.13743,1.13752,2078
2025-05-29 19:00:00,1.13752,1.13784,1.13662,1.13669,2012
2025-05-29 20:00:00,1.13672,1.13701,1.13609,1.13658,1214
2025-05-29 21:00:00,1.13660,1.13713,1.13660,1.13667,933
2025-05-29 22:00:00,1.13668,1.13771,1.13668,1.13710,1726
2025-05-29 23:00:00,1.13712,1.13794,1.13694,1.13770,1511
2025-05-30 00:00:00,1.13770,1.13848,1.13643,1.13726,3662
2025-05-30 01:00:00,1.13726,1.13899,1.13524,1.13548,4840
2025-05-30 02:00:00,1.13548,1.13591,1.13485,1.13495,2887
2025-05-30 03:00:00,1.13495,1.13571,1.13459,1.13495,2360
2025-05-30 04:00:00,1.13495,1.13536,1.13457,1.13461,2296
2025-05-30 05:00:00,1.13461,1.13545,1.13432,1.13511,2230
2025-05-30 06:00:00,1.13511,1.13520,1.13361,1.13465,3799
2025-05-30 07:00:00,1.13465,1.13472,1.13279,1.13380,5523
2025-05-30 08:00:00,1.13380,1.13447,1.13235,1.13240,4535
2025-05-30 09:00:00,1.13240,1.13322,1.13232,1.13255,3344
2025-05-30 10:00:00,1.13255,1.13348,1.13248,1.13275,2916
2025-05-30 11:00:00,1.13275,1.13388,1.13231,1.13382,3088
2025-05-30 12:00:00,1.13382,1.13587,1.13346,1.13461,7878
2025-05-30 13:00:00,1.13461,1.13480,1.13125,1.13162,6273
2025-05-30 14:00:00,1.13161,1.13546,1.13137,1.13522,9265
2025-05-30 15:00:00,1.13522,1.13586,1.13436,1.13463,6684
2025-05-30 16:00:00,1.13463,1.13551,1.13433,1.13504,3908
2025-05-30 17:00:00,1.13504,1.13672,1.13498,1.13572,2689
2025-05-30 18:00:00,1.13572,1.13651,1.13548,1.13586,3194
2025-05-30 19:00:00,1.13586,1.13607,1.13489,1.13565,2196
2025-05-30 20:00:00,1.13565,1.13565,1.13449,1.13469,990
2025-06-01 21:00:00,1.13456,1.13523,1.13433,1.13484,299
2025-06-01 22:00:00,1.13480,1.13578,1.13465,1.13551,2311
2025-06-01 23:00:00,1.13551,1.13605,1.13510,1.13532,1920
2025-06-02 00:00:00,1.13532,1.13747,1.13521,1.13687,3605
2025-06-02 01:00:00,1.13687,1.13821,1.13677,1.13702,3836
2025-06-02 02:00:00,1.13703,1.13736,1.13619,1.13644,2580
2025-06-02 03:00:00,1.13644,1.13661,1.13544,1.13619,2444
2025-06-02 04:00:00,1.13619,1.13670,1.13600,1.13654,2452
2025-06-02 05:00:00,1.13654,1.13805,1.13638,1.13795,2703
2025-06-02 06:00:00,1.13795,1.14071,1.13785,1.14014,3841
2025-06-02 07:00:00,1.14014,1.14368,1.13989,1.14237,5152
2025-06-02 08:00:00,1.14237,1.14276,1.14126,1.14202,4267
2025-06-02 09:00:00,1.14202,1.14370,1.14193,1.14234,4251
2025-06-02 10:00:00,1.14234,1.14283,1.14132,1.14153,3429
2025-06-02 11:00:00,1.14153,1.14267,1.14091,1.14143,3420
2025-06-02 12:00:00,1.14143,1.14290,1.14113,1.14183,3729
2025-06-02 13:00:00,1.14183,1.14226,1.14042,1.14193,5072
2025-06-02 14:00:00,1.14189,1.14498,1.14188,1.14349,7793
2025-06-02 15:00:00,1.14349,1.14389,1.14243,1.14306,4676
2025-06-02 16:00:00,1.14306,1.14319,1.14118,1.14185,2999
2025-06-02 17:00:00,1.14185,1.14261,1.14160,1.14226,2573
2025-06-02 18:00:00,1.14226,1.14427,1.14189,1.14414,2423
2025-06-02 19:00:00,1.14414,1.14456,1.14337,1.14452,1906
2025-06-02 20:00:00,1.14452,1.14463,1.14387,1.14387,1035
2025-06-02 21:00:00,1.14372,1.14407,1.14352,1.14391,1121
2025-06-02 22:00:00,1.14391,1.14460,1.14382,1.14454,1005
2025-06-02 23:00:00,1.14454,1.14539,1.14448,1.14531,1274
2025-06-03 00:00:00,1.14531,1.14546,1.14389,1.14434,2610
2025-06-03 01:00:00,1.14434,1.14434,1.14267,1.14279,3909
2025-06-03 02:00:00,1.14279,1.14305,1.14187,1.14256,2750
2025-06-03 03:00:00,1.14256,1.14275,1.14161,1.14201,2293
2025-06-03 04:00:00,1.14200,1.14257,1.14172,1.14254,1858
2025-06-03 05:00:00,1.14254,1.14277,1.14120,1.14222,2602
2025-06-03 06:00:00,1.14222,1.14312,1.14155,1.14288,3607
2025-06-03 07:00:00,1.14288,1.14324,1.14143,1.14158,4233
2025-06-03 08:00:00,1.14158,1.14186,1.14055,1.14116,3645
2025-06-03 09:00:00,1.14115,1.14181,1.14017,1.14118,3402
2025-06-03 10:00:00,1.14118,1.14126,1.13963,1.13980,3165
2025-06-03 11:00:00,1.13980,1.13992,1.13863,1.13905,3384
2025-06-03 12:00:00,1.13905,1.13941,1.13772,1.13820,3583
2025-06-03 13:00:00,1.13820,1.13950,1.13772,1.13875,4952
2025-06-03 14:00:00,1.13872,1.13933,1.13642,1.13920,7329
2025-06-03 15:00:00,1.13920,1.13932,1.13709,1.13721,4164
2025-06-03 16:00:00,1.13721,1.13834,1.13676,1.13734,2643
2025-06-03 17:00:00,1.13734,1.13818,1.13729,1.13780,1770
2025-06-03 18:00:00,1.13780,1.13780,1.13691,1.13749,1736
2025-06-03 19:00:00,1.13749,1.13765,1.13678,1.13688,1178
2025-06-03 20:00:00,1.13688,1.13742,1.13681,1.13714,764
2025-06-03 21:00:00,1.13693,1.13758,1.13693,1.13745,763
2025-06-03 22:00:00,1.13750,1.13752,1.13709,1.13744,936
2025-06-03 23:00:00,1.13744,1.13863,1.13744,1.13840,1273
2025-06-04 00:00:00,1.13840,1.13892,1.13778,1.13826,3474
2025-06-04 01:00:00,1.13826,1.13932,1.13714,1.13857,4268
2025-06-04 02:00:00,1.13857,1.13879,1.13736,1.13759,2443
2025-06-04 03:00:00,1.13759,1.13809,1.13657,1.13678,2313
2025-06-04 04:00:00,1.13677,1.13791,1.13648,1.13668,2647
2025-06-04 05:00:00,1.13668,1.13718,1.13572,1.13624,3288
2025-06-04 06:00:00,1.13624,1.13783,1.13575,1.13781,4328
2025-06-04 07:00:00,1.13780,1.13969,1.13756,1.13867,3943
2025-06-04 08:00:00,1.13867,1.14040,1.13829,1.13995,3421
2025-06-04 09:00:00,1.13995,1.13995,1.13816,1.13829,2977
2025-06-04 10:00:00,1.13829,1.13856,1.13751,1.13823,2973
2025-06-04 11:00:00,1.13823,1.13875,1.13771,1.13793,2698
2025-06-04 12:00:00,1.13793,1.14111,1.13792,1.14095,6766
2025-06-04 13:00:00,1.14095,1.14137,1.13929,1.13974,5174
2025-06-04 14:00:00,1.13975,1.14345,1.13975,1.14326,7253
2025-06-04 15:00:00,1.14326,1.14339,1.14171,1.14235,4542
2025-06-04 16:00:00,1.14235,1.14345,1.14194,1.14331,2889
2025-06-04 17:00:00,1.14331,1.14336,1.14235,1.14250,1973
2025-06-04 18:00:00,1.14250,1.14283,1.14202,1.14205,1738
2025-06-04 19:00:00,1.14205,1.14218,1.14122,1.14123,1582
2025-06-04 20:00:00,1.14123,1.14225,1.14102,1.14143,1470
2025-06-04 21:00:00,1.14143,1.14190,1.14143,1.14151,396
2025-06-04 22:00:00,1.14151,1.14230,1.14150,1.14200,1108
2025-06-04 23:00:00,1.14200,1.14287,1.14186,1.14209,1327
2025-06-05 00:00:00,1.14209,1.14295,1.14163,1.14292,3185
2025-06-05 01:00:00,1.14292,1.14349,1.14137,1.14167,3470
2025-06-05 02:00:00,1.14167,1.14197,1.14104,1.14178,2497
2025-06-05 03:00:00,1.14178,1.14228,1.14089,1.14105,2825
2025-06-05 04:00:00,1.14105,1.14145,1.14079,1.14104,2242
2025-06-05 05:00:00,1.14104,1.14137,1.14045,1.14063,2733
2025-06-05 06:00:00,1.14063,1.14172,1.14053,1.14091,2950
2025-06-05 07:00:00,1.14091,1.14251,1.14069,1.14119,3396
2025-06-05 08:00:00,1.14119,1.14195,1.14086,1.14129,3132
2025-06-05 09:00:00,1.14129,1.14217,1.14098,1.14188,3049
2025-06-05 10:00:00,1.14188,1.14329,1.14177,1.14241,2791
2025-06-05 11:00:00,1.14241,1.14285,1.14161,1.14261,3052
2025-06-05 12:00:00,1.14261,1.14487,1.14131,1.14295,9392
2025-06-05 13:00:00,1.14295,1.14949,1.14180,1.14807,12138
2025-06-05 14:00:00,1.14807,1.14823,1.14543,1.14580,9077
2025-06-05 15:00:00,1.14580,1.14590,1.14353,1.14394,5766
2025-06-05 16:00:00,1.14394,1.14479,1.14315,1.14479,3757
2025-06-05 17:00:00,1.14479,1.14483,1.14320,1.14430,2512
2025-06-05 18:00:00,1.14430,1.14442,1.14312,1.14422,2398
2025-06-05 19:00:00,1.14422,1.14481,1.14337,1.14380,3230
2025-06-05 20:00:00,1.14380,1.14452,1.14352,1.14439,1307
2025-06-05 21:00:00,1.14428,1.14468,1.14401,1.14415,468
2025-06-05 22:00:00,1.14415,1.14518,1.14415,1.14516,1227
2025-06-05 23:00:00,1.14516,1.14541,1.14468,1.14536,1244
2025-06-06 00:00:00,1.14536,1.14573,1.14499,1.14503,2351
2025-06-06 01:00:00,1.14503,1.14523,1.14412,1.14426,2660
2025-06-06 02:00:00,1.14426,1.14436,1.14331,1.14379,2269
2025-06-06 03:00:00,1.14379,1.14439,1.14361,1.14402,1707
2025-06-06 04:00:00,1.14402,1.14422,1.14372,1.14400,1609
2025-06-06 05:00:00,1.14400,1.14402,1.14309,1.14360,1998
2025-06-06 06:00:00,1.14360,1.14424,1.14248,1.14354,2926
2025-06-06 07:00:00,1.14354,1.14369,1.14213,1.14270,3775
2025-06-06 08:00:00,1.14270,1.14292,1.14116,1.14148,3242
2025-06-06 09:00:00,1.14148,1.14214,1.14110,1.14194,2634
2025-06-06 10:00:00,1.14194,1.14245,1.14174,1.14228,2275
2025-06-06 11:00:00,1.14228,1.14290,1.14171,1.14179,2608
2025-06-06 12:00:00,1.14179,1.14313,1.13846,1.13968,10788
2025-06-06 13:00:00,1.13968,1.14025,1.13717,1.13903,9569
2025-06-06 14:00:00,1.13903,1.14163,1.13809,1.13894,7913
2025-06-06 15:00:00,1.13894,1.14024,1.13811,1.13965,5646
2025-06-06 16:00:00,1.13965,1.14017,1.13856,1.13872,3276
2025-06-06 17:00:00,1.13872,1.13979,1.13846,1.13931,2405
2025-06-06 18:00:00,1.13931,1.13995,1.13927,1.13972,2282
2025-06-06 19:00:00,1.13972,1.14019,1.13925,1.13962,1629
2025-06-06 20:00:00,1.13962,1.13978,1.13909,1.13927,799
2025-06-08 21:00:00,1.13936,1.13951,1.13903,1.13920,381
2025-06-08 22:00:00,1.13920,1.14070,1.13920,1.14067,1227
2025-06-08 23:00:00,1.14067,1.14114,1.14036,1.14066,1164
2025-06-09 00:00:00,1.14066,1.14091,1.13927,1.13938,2137
2025-06-09 01:00:00,1.13938,1.14173,1.13938,1.14153,2599
2025-06-09 02:00:00,1.14153,1.14253,1.14143,1.14171,2559
2025-06-09 03:00:00,1.14171,1.14211,1.14119,1.14121,1613
2025-06-09 04:00:00,1.14122,1.14191,1.14111,1.14184,1537
2025-06-09 05:00:00,1.14184,1.14244,1.14121,1.14221,1864
2025-06-09 06:00:00,1.14221,1.14297,1.14179,1.14276,2583
2025-06-09 07:00:00,1.14276,1.14286,1.14196,1.14225,2810
2025-06-09 08:00:00,1.14225,1.14361,1.14185,1.14284,3104
2025-06-09 09:00:00,1.14284,1.14392,1.14259,1.14260,2446
2025-06-09 10:00:00,1.14260,1.14290,1.14160,1.14195,2204
2025-06-09 11:00:00,1.14195,1.14231,1.14058,1.14176,2941
2025-06-09 12:00:00,1.14176,1.14182,1.13945,1.14004,3301
2025-06-09 13:00:00,1.14004,1.14045,1.13865,1.14020,4000
2025-06-09 14:00:00,1.14020,1.14090,1.13937,1.14079,4058
2025-06-09 15:00:00,1.14079,1.14255,1.14077,1.14243,2663
2025-06-09 16:00:00,1.14243,1.14257,1.14153,1.14245,1726
2025-06-09 17:00:00,1.14245,1.14262,1.14195,1.14221,1437
2025-06-09 18:00:00,1.14221,1.14310,1.14193,1.14279,1606
2025-06-09 19:00:00,1.14279,1.14294,1.14225,1.14229,1457
2025-06-09 20:00:00,1.14229,1.14270,1.14185,1.14199,817
2025-06-09 21:00:00,1.14203,1.14210,1.14175,1.14208,233
2025-06-09 22:00:00,1.14219,1.14239,1.14204,1.14230,932
2025-06-09 23:00:00,1.14230,1.14285,1.14202,1.14265,943
2025-06-10 00:00:00,1.14265,1.14356,1.14219,1.14243,2724
2025-06-10 01:00:00,1.14243,1.14283,1.13951,1.13967,3559
2025-06-10 02:00:00,1.13967,1.14007,1.13863,1.13990,3571
2025-06-10 03:00:00,1.13990,1.14050,1.13915,1.14032,2261
2025-06-10 04:00:00,1.14032,1.14041,1.13914,1.13995,1873
2025-06-10 05:00:00,1.13996,1.14136,1.13978,1.14051,3871
2025-06-10 06:00:00,1.14051,1.14148,1.13920,1.13946,4507
2025-06-10 07:00:00,1.13946,1.13998,1.13729,1.13923,4999
2025-06-10 08:00:00,1.13922,1.14115,1.13910,1.14083,3602
2025-06-10 09:00:00,1.14083,1.14184,1.14034,1.14166,2848
2025-06-10 10:00:00,1.14166,1.14251,1.14114,1.14234,2843
2025-06-10 11:00:00,1.14234,1.14342,1.14193,1.14291,3140
2025-06-10 12:00:00,1.14291,1.14404,1.14250,1.14322,3486
2025-06-10 13:00:00,1.14322,1.14476,1.14306,1.14430,4647
2025-06-10 14:00:00,1.14430,1.14449,1.14204,1.14258,4006
2025-06-10 15:00:00,1.14258,1.14279,1.14157,1.14226,3231
2025-06-10 16:00:00,1.14226,1.14266,1.14159,1.14236,2050
2025-06-10 17:00:00,1.14236,1.14287,1.14170,1.14229,1498
2025-06-10 18:00:00,1.14229,1.14253,1.14165,1.14202,1608
2025-06-10 19:00:00,1.14202,1.14366,1.14191,1.14260,1735
2025-06-10 20:00:00,1.14260,1.14299,1.14191,1.14210,1056
2025-06-10 21:00:00,1.14227,1.14263,1.14224,1.14241,1043
2025-06-10 22:00:00,1.14241,1.14294,1.14230,1.14288,965
2025-06-10 23:00:00,1.14288,1.14397,1.14220,1.14373,2380
2025-06-11 00:00:00,1.14374,1.14387,1.14204,1.14209,3809
2025-06-11 01:00:00,1.14209,1.14269,1.14060,1.14085,3242
2025-06-11 02:00:00,1.14084,1.14178,1.14072,1.14155,2460
2025-06-11 03:00:00,1.14156,1.14176,1.14114,1.14163,1910
2025-06-11 04:00:00,1.14163,1.14179,1.14119,1.14157,1696
2025-06-11 05:00:00,1.14157,1.14232,1.14135,1.14223,1901
2025-06-11 06:00:00,1.14223,1.14235,1.14072,1.14100,2947
2025-06-11 07:00:00,1.14100,1.14238,1.14055,1.14194,3491
2025-06-11 08:00:00,1.14194,1.14385,1.14185,1.14308,3160
2025-06-11 09:00:00,1.14308,1.14457,1.14298,1.14348,3491
2025-06-11 10:00:00,1.14348,1.14425,1.14331,1.14383,2580
2025-06-11 11:00:00,1.14383,1.14404,1.14266,1.14328,2799
2025-06-11 12:00:00,1.14328,1.14894,1.14283,1.14605,9193
2025-06-11 13:00:00,1.14605,1.14736,1.14529,1.14702,6494
2025-06-11 14:00:00,1.14702,1.14868,1.14672,1.14818,5581
2025-06-11 15:00:00,1.14818,1.14903,1.14748,1.14894,4281
2025-06-11 16:00:00,1.14894,1.14963,1.14821,1.14896,2986
2025-06-11 17:00:00,1.14896,1.14989,1.14883,1.14974,2142
2025-06-11 18:00:00,1.14974,1.14995,1.14835,1.14862,3498
2025-06-11 19:00:00,1.14862,1.14867,1.14794,1.14829,2240
2025-06-11 20:00:00,1.14829,1.14895,1.14801,1.14870,1693
2025-06-11 21:00:00,1.14825,1.14879,1.14818,1.14875,414
2025-06-11 22:00:00,1.14875,1.15087,1.14874,1.15059,1409
2025-06-11 23:00:00,1.15059,1.15130,1.15043,1.15102,2391
2025-06-12 00:00:00,1.15102,1.15266,1.15016,1.15212,4158
2025-06-12 01:00:00,1.15212,1.15292,1.15146,1.15188,4118
2025-06-12 02:00:00,1.15188,1.15191,1.15065,1.15114,3202
2025-06-12 03:00:00,1.15114,1.15222,1.15103,1.15197,2727
2025-06-12 04:00:00,1.15197,1.15197,1.15120,1.15153,2362
2025-06-12 05:00:00,1.15153,1.15326,1.15108,1.15278,2746
2025-06-12 06:00:00,1.15278,1.15315,1.15114,1.15223,4610
2025-06-12 07:00:00,1.15223,1.15279,1.15057,1.15263,5184
2025-06-12 08:00:00,1.15263,1.15473,1.15231,1.15442,5006
2025-06-12 09:00:00,1.15442,1.15885,1.15402,1.15720,5164
2025-06-12 10:00:00,1.15720,1.16107,1.15668,1.15929,7371
2025-06-12 11:00:00,1.15929,1.16066,1.15839,1.15896,5231
2025-06-12 12:00:00,1.15896,1.16317,1.15882,1.16099,7869
2025-06-12 13:00:00,1.16099,1.16174,1.15795,1.15848,6564
2025-06-12 14:00:00,1.15848,1.15903,1.15790,1.15821,5432
2025-06-12 15:00:00,1.15821,1.15850,1.15674,1.15770,5557
2025-06-12 16:00:00,1.15771,1.15796,1.15670,1.15762,4033
2025-06-12 17:00:00,1.15762,1.15783,1.15638,1.15751,2806
2025-06-12 18:00:00,1.15751,1.15808,1.15701,1.15776,2299
2025-06-12 19:00:00,1.15776,1.15808,1.15748,1.15761,2239
2025-06-12 20:00:00,1.15761,1.15873,1.15756,1.15802,1450
2025-06-12 21:00:00,1.15786,1.15878,1.15760,1.15878,388
2025-06-12 22:00:00,1.15878,1.15930,1.15874,1.15899,1179
2025-06-12 23:00:00,1.15899,1.16096,1.15868,1.16087,1613
2025-06-13 00:00:00,1.16087,1.16147,1.15395,1.15588,12888
2025-06-13 01:00:00,1.15588,1.15604,1.15373,1.15486,7690
2025-06-13 02:00:00,1.15486,1.15585,1.15371,1.15452,4935
2025-06-13 03:00:00,1.15452,1.15461,1.15275,1.15373,4645
2025-06-13 04:00:00,1.15373,1.15410,1.15141,1.15253,3537
2025-06-13 05:00:00,1.15253,1.15372,1.15119,1.15293,3961
2025-06-13 06:00:00,1.15293,1.15466,1.15239,1.15422,6762
2025-06-13 07:00:00,1.15422,1.15607,1.15353,1.15355,6318
2025-06-13 08:00:00,1.15355,1.15472,1.15255,1.15286,4091
2025-06-13 09:00:00,1.15286,1.15358,1.15185,1.15236,5088
2025-06-13 10:00:00,1.15236,1.15295,1.14889,1.15048,5817
2025-06-13 11:00:00,1.15048,1.15109,1.14904,1.15102,5253
2025-06-13 12:00:00,1.15102,1.15227,1.15066,1.15164,4167
2025-06-13 13:00:00,1.15164,1.15276,1.15014,1.15232,5195
2025-06-13 14:00:00,1.15221,1.15463,1.15208,1.15446,5653
2025-06-13 15:00:00,1.15446,1.15695,1.15382,1.15563,4837
2025-06-13 16:00:00,1.15563,1.15660,1.15525,1.15545,3004
2025-06-13 17:00:00,1.15545,1.15555,1.15374,1.15492,2891
2025-06-13 18:00:00,1.15492,1.15509,1.15335,1.15412,3547
2025-06-13 19:00:00,1.15411,1.15518,1.15367,1.15501,2475
2025-06-13 20:00:00,1.15501,1.15509,1.15376,1.15471,1588
2025-06-15 21:00:00,1.15293,1.15359,1.15265,1.15302,548
2025-06-15 22:00:00,1.15302,1.15479,1.15263,1.15412,6615
2025-06-15 23:00:00,1.15412,1.15419,1.15277,1.15379,3060
2025-06-16 00:00:00,1.15379,1.15466,1.15307,1.15348,3590
2025-06-16 01:00:00,1.15348,1.15444,1.15320,1.15324,3636
2025-06-16 02:00:00,1.15324,1.15363,1.15265,1.15305,2741
2025-06-16 03:00:00,1.15305,1.15349,1.15237,1.15273,2680
2025-06-16 04:00:00,1.15273,1.15371,1.15272,1.15359,2155
2025-06-16 05:00:00,1.15359,1.15624,1.15359,1.15568,3815
2025-06-16 06:00:00,1.15568,1.15760,1.15398,1.15737,4874
2025-06-16 07:00:00,1.15737,1.15866,1.15670,1.15788,5211
2025-06-16 08:00:00,1.15788,1.15847,1.15754,1.15786,3317
2025-06-16 09:00:00,1.15789,1.15847,1.15761,1.15843,3132
2025-06-16 10:00:00,1.15843,1.15859,1.15724,1.15754,2894
2025-06-16 11:00:00,1.15754,1.15839,1.15698,1.15729,3031
2025-06-16 12:00:00,1.15729,1.15848,1.15708,1.15841,3854
2025-06-16 13:00:00,1.15841,1.16049,1.15841,1.16013,6054
2025-06-16 14:00:00,1.16013,1.16147,1.15895,1.15914,6567
2025-06-16 15:00:00,1.15914,1.15950,1.15791,1.15800,4379
2025-06-16 16:00:00,1.15801,1.15862,1.15784,1.15840,2977
2025-06-16 17:00:00,1.15840,1.15852,1.15724,1.15779,2034
2025-06-16 18:00:00,1.15779,1.15815,1.15737,1.15800,2475
2025-06-16 19:00:00,1.15800,1.15800,1.15549,1.15555,2279
2025-06-16 20:00:00,1.15555,1.15634,1.15545,1.15580,1054
2025-06-16 21:00:00,1.15544,1.15646,1.15544,1.15618,1116
2025-06-16 22:00:00,1.15618,1.15625,1.15534,1.15559,2361
2025-06-16 23:00:00,1.15559,1.15621,1.15494,1.15536,2031
2025-06-17 00:00:00,1.15536,1.15543,1.15426,1.15498,3725
2025-06-17 01:00:00,1.15498,1.15604,1.15497,1.15541,2606
2025-06-17 02:00:00,1.15541,1.15609,1.15456,1.15588,2654
2025-06-17 03:00:00,1.15588,1.15640,1.15549,1.15621,2915
2025-06-17 04:00:00,1.15621,1.15673,1.15595,1.15611,2335
2025-06-17 05:00:00,1.15611,1.15656,1.15527,1.15579,2733
2025-06-17 06:00:00,1.15579,1.15725,1.15528,1.15622,3403
2025-06-17 07:00:00,1.15622,1.15636,1.15454,1.15578,4090
2025-06-17 08:00:00,1.15578,1.15598,1.15501,1.15519,3063
2025-06-17 09:00:00,1.15519,1.15609,1.15504,1.15566,3309
2025-06-17 10:00:00,1.15566,1.15689,1.15551,1.15682,2525
2025-06-17 11:00:00,1.15682,1.15737,1.15574,1.15617,2704
2025-06-17 12:00:00,1.15617,1.15801,1.15479,1.15504,5584
2025-06-17 13:00:00,1.15504,1.15695,1.15504,1.15588,5116
2025-06-17 14:00:00,1.15589,1.15610,1.15107,1.15266,6473
2025-06-17 15:00:00,1.15266,1.15355,1.15187,1.15342,4715
2025-06-17 16:00:00,1.15342,1.15392,1.14987,1.15029,4345
2025-06-17 17:00:00,1.15029,1.15088,1.14782,1.14867,5267
2025-06-17 18:00:00,1.14867,1.14907,1.14750,1.14797,3384
2025-06-17 19:00:00,1.14797,1.14888,1.14769,1.14848,2617
2025-06-17 20:00:00,1.14848,1.14855,1.14747,1.14795,1971
2025-06-17 21:00:00,1.14763,1.14863,1.14751,1.14811,554
2025-06-17 22:00:00,1.14811,1.14837,1.14745,1.14751,1271
2025-06-17 23:00:00,1.14751,1.14827,1.14751,1.14818,1530
2025-06-18 00:00:00,1.14818,1.14969,1.14806,1.14923,4140
2025-06-18 01:00:00,1.14923,1.15008,1.14895,1.14971,3403
2025-06-18 02:00:00,1.14971,1.15013,1.14933,1.14978,2496
2025-06-18 03:00:00,1.14978,1.15050,1.14961,1.14999,2239
2025-06-18 04:00:00,1.14999,1.15080,1.14965,1.15055,2137
2025-06-18 05:00:00,1.15056,1.15072,1.15004,1.15046,2429
2025-06-18 06:00:00,1.15046,1.15153,1.15008,1.15103,3833
2025-06-18 07:00:00,1.15103,1.15235,1.15093,1.15132,3576
2025-06-18 08:00:00,1.15132,1.15163,1.14985,1.15021,3056
2025-06-18 09:00:00,1.15021,1.15107,1.14970,1.15038,3041
2025-06-18 10:00:00,1.15038,1.15109,1.14919,1.14936,2988
2025-06-18 11:00:00,1.14936,1.15087,1.14923,1.15073,2951
2025-06-18 12:00:00,1.15073,1.15168,1.15009,1.15061,4054
2025-06-18 13:00:00,1.15061,1.15088,1.14883,1.14887,4735
2025-06-18 14:00:00,1.14887,1.15232,1.14844,1.15074,8273
2025-06-18 15:00:00,1.15074,1.15302,1.15058,1.15202,4345
2025-06-18 16:00:00,1.15202,1.15251,1.15015,1.15030,3121
2025-06-18 17:00:00,1.15031,1.15093,1.14881,1.14956,2333
2025-06-18 18:00:00,1.14956,1.15292,1.14740,1.14749,12376
2025-06-18 19:00:00,1.14749,1.14876,1.14606,1.14745,7855
2025-06-18 20:00:00,1.14745,1.14843,1.14721,1.14769,2247
2025-06-18 21:00:00,1.14709,1.14818,1.14708,1.14810,852
2025-06-18 22:00:00,1.14810,1.14889,1.14750,1.14802,1206
2025-06-18 23:00:00,1.14802,1.14818,1.14712,1.14763,2208
2025-06-19 00:00:00,1.14763,1.14838,1.14741,1.14810,3282
2025-06-19 01:00:00,1.14810,1.14820,1.14522,1.14533,4638
2025-06-19 02:00:00,1.14533,1.14583,1.14507,1.14552,2999
2025-06-19 03:00:00,1.14552,1.14682,1.14534,1.14658,2124
2025-06-19 04:00:00,1.14658,1.14694,1.14633,1.14693,2099
2025-06-19 05:00:00,1.14693,1.14695,1.14509,1.14567,2821
2025-06-19 06:00:00,1.14567,1.14677,1.14463,1.14667,4175
2025-06-19 07:00:00,1.14667,1.14769,1.14603,1.14618,4813
2025-06-19 08:00:00,1.14618,1.14793,1.14565,1.14767,4714
2025-06-19 09:00:00,1.14767,1.14799,1.14696,1.14757,3397
2025-06-19 10:00:00,1.14757,1.14793,1.14694,1.14735,3234
2025-06-19 11:00:00,1.14735,1.14875,1.14677,1.14810,3675
2025-06-19 12:00:00,1.14810,1.14863,1.14694,1.14776,3566
2025-06-19 13:00:00,1.14776,1.14846,1.14714,1.14728,3654
2025-06-19 14:00:00,1.14728,1.14807,1.14619,1.14685,4180
2025-06-19 15:00:00,1.14686,1.14722,1.14586,1.14601,2760
2025-06-19 16:00:00,1.14600,1.14616,1.14546,1.14567,1502
2025-06-19 17:00:00,1.14567,1.14832,1.14555,1.14791,1345
2025-06-19 18:00:00,1.14791,1.14872,1.14774,1.14851,1068
2025-06-19 19:00:00,1.14851,1.15001,1.14843,1.14979,1134
2025-06-19 20:00:00,1.14979,1.14994,1.14918,1.14918,831
2025-06-19 21:00:00,1.14852,1.14966,1.14850,1.14935,524
2025-06-19 22:00:00,1.14935,1.15003,1.14917,1.14977,1527
2025-06-19 23:00:00,1.14977,1.15126,1.14969,1.15118,1794
2025-06-20 00:00:00,1.15118,1.15240,1.15103,1.15228,3204
2025-06-20 01:00:00,1.15228,1.15231,1.15131,1.15132,2690
2025-06-20 02:00:00,1.15132,1.15217,1.15112,1.15181,2748
2025-06-20 03:00:00,1.15181,1.15303,1.15153,1.15296,3085
2025-06-20 04:00:00,1.15296,1.15325,1.15242,1.15271,1967
2025-06-20 05:00:00,1.15271,1.15292,1.15190,1.15274,2273
2025-06-20 06:00:00,1.15274,1.15297,1.15139,1.15167,4219
2025-06-20 07:00:00,1.15167,1.15196,1.15101,1.15164,3251
2025-06-20 08:00:00,1.15164,1.15267,1.15116,1.15226,3019
2025-06-20 09:00:00,1.15226,1.15286,1.15195,1.15269,2687
2025-06-20 10:00:00,1.15269,1.15349,1.15225,1.15242,2352
2025-06-20 11:00:00,1.15242,1.15261,1.15119,1.15211,3277
2025-06-20 12:00:00,1.15211,1.15268,1.15056,1.15129,5195
2025-06-20 13:00:00,1.15129,1.15215,1.15091,1.15185,4511
2025-06-20 14:00:00,1.15184,1.15191,1.14952,1.15136,5769
2025-06-20 15:00:00,1.15136,1.15288,1.15111,1.15197,4996
2025-06-20 16:00:00,1.15197,1.15373,1.15194,1.15360,3140
2025-06-20 17:00:00,1.15360,1.15439,1.15318,1.15322,2139
2025-06-20 18:00:00,1.15322,1.15372,1.15271,1.15286,1701
2025-06-20 19:00:00,1.15286,1.15318,1.15155,1.15159,1771
2025-06-20 20:00:00,1.15159,1.15227,1.15139,1.15216,1095
2025-06-22 21:00:00,1.14562,1.14745,1.14548,1.14719,1048
2025-06-22 22:00:00,1.14719,1.14949,1.14719,1.14887,4736
2025-06-22 23:00:00,1.14887,1.15074,1.14862,1.14996,2754
2025-06-23 00:00:00,1.14996,1.15058,1.14808,1.14893,4572
2025-06-23 01:00:00,1.14892,1.14927,1.14723,1.14924,4151
2025-06-23 02:00:00,1.14924,1.15068,1.14924,1.14995,3266
2025-06-23 03:00:00,1.14995,1.15032,1.14922,1.14940,3372
2025-06-23 04:00:00,1.14940,1.14964,1.14853,1.14905,2873
2025-06-23 05:00:00,1.14905,1.15144,1.14905,1.15131,3888
2025-06-23 06:00:00,1.15131,1.15210,1.15033,1.15071,4947
2025-06-23 07:00:00,1.15071,1.15162,1.14917,1.14986,5029
2025-06-23 08:00:00,1.14986,1.15020,1.14802,1.14818,4114
2025-06-23 09:00:00,1.14818,1.14829,1.14536,1.14720,5137
2025-06-23 10:00:00,1.14720,1.14819,1.14596,1.14626,3805
2025-06-23 11:00:00,1.14626,1.14747,1.14604,1.14727,3853
2025-06-23 12:00:00,1.14727,1.14779,1.14570,1.14676,4252
2025-06-23 13:00:00,1.14676,1.14940,1.14648,1.14897,5947
2025-06-23 14:00:00,1.14897,1.15406,1.14894,1.15310,10101
2025-06-23 15:00:00,1.15310,1.15522,1.15289,1.15374,6142
2025-06-23 16:00:00,1.15374,1.15575,1.15179,1.15448,6135
2025-06-23 17:00:00,1.15448,1.15735,1.15406,1.15694,6148
2025-06-23 18:00:00,1.15694,1.15780,1.15662,1.15741,4248
2025-06-23 19:00:00,1.15741,1.15788,1.15704,1.15786,2587
2025-06-23 20:00:00,1.15786,1.15816,1.15737,1.15737,1468
2025-06-23 21:00:00,1.15763,1.15790,1.15754,1.15770,408
2025-06-23 22:00:00,1.15770,1.16022,1.15734,1.15925,2800
2025-06-23 23:00:00,1.15925,1.16084,1.15854,1.15979,3087
2025-06-24 00:00:00,1.15980,1.16088,1.15897,1.15993,5309
2025-06-24 01:00:00,1.15993,1.16056,1.15899,1.15908,4177
2025-06-24 02:00:00,1.15908,1.16015,1.15865,1.16002,2925
2025-06-24 03:00:00,1.16002,1.16097,1.16000,1.16057,2386
2025-06-24 04:00:00,1.16057,1.16143,1.16024,1.16063,2248
2025-06-24 05:00:00,1.16063,1.16139,1.16016,1.16107,2886
2025-06-24 06:00:00,1.16107,1.16224,1.16014,1.16051,5998
2025-06-24 07:00:00,1.16052,1.16105,1.15800,1.15918,6647
2025-06-24 08:00:00,1.15918,1.15996,1.15856,1.15927,5373
2025-06-24 09:00:00,1.15927,1.16181,1.15920,1.16096,4084
2025-06-24 10:00:00,1.16096,1.16096,1.15942,1.15966,2739
2025-06-24 11:00:00,1.15966,1.16151,1.15966,1.16084,3500
2025-06-24 12:00:00,1.16083,1.16115,1.15937,1.16007,4367
2025-06-24 13:00:00,1.16007,1.16030,1.15819,1.15922,5077
2025-06-24 14:00:00,1.15921,1.16416,1.15907,1.16169,9231
2025-06-24 15:00:00,1.16169,1.16365,1.16065,1.16071,5802
2025-06-24 16:00:00,1.16071,1.16250,1.16053,1.16241,3642
2025-06-24 17:00:00,1.16240,1.16327,1.16222,1.16260,2616
2025-06-24 18:00:00,1.16260,1.16290,1.16199,1.16236,2261
2025-06-24 19:00:00,1.16236,1.16251,1.16120,1.16127,1970
2025-06-24 20:00:00,1.16126,1.16155,1.16080,1.16089,1463
2025-06-24 21:00:00,1.16040,1.16114,1.16036,1.16062,857
2025-06-24 22:00:00,1.16062,1.16114,1.16043,1.16078,1288
2025-06-24 23:00:00,1.16078,1.16155,1.16076,1.16123,1326
2025-06-25 00:00:00,1.16124,1.16268,1.16101,1.16252,2742
2025-06-25 01:00:00,1.16252,1.16318,1.16176,1.16286,3457
2025-06-25 02:00:00,1.16286,1.16295,1.16177,1.16205,2492
2025-06-25 03:00:00,1.16205,1.16232,1.16111,1.16118,1984
2025-06-25 04:00:00,1.16118,1.16180,1.16103,1.16139,1780
2025-06-25 05:00:00,1.16139,1.16206,1.16095,1.16193,2272
2025-06-25 06:00:00,1.16193,1.16227,1.16037,1.16074,3438
2025-06-25 07:00:00,1.16074,1.16092,1.15900,1.15989,4023
2025-06-25 08:00:00,1.15989,1.16114,1.15931,1.16100,3161
2025-06-25 09:00:00,1.16100,1.16112,1.15921,1.16008,3007
2025-06-25 10:00:00,1.16008,1.16081,1.15973,1.16036,2147
2025-06-25 11:00:00,1.16036,1.16134,1.15968,1.15993,2662
2025-06-25 12:00:00,1.15993,1.16052,1.15902,1.15929,3519
2025-06-25 13:00:00,1.15929,1.16076,1.15903,1.16009,3595
2025-06-25 14:00:00,1.16009,1.16235,1.16009,1.16210,5099
2025-06-25 15:00:00,1.16210,1.16296,1.16168,1.16198,3427
2025-06-25 16:00:00,1.16198,1.16359,1.16197,1.16308,2556
2025-06-25 17:00:00,1.16308,1.16444,1.16270,1.16424,2402
2025-06-25 18:00:00,1.16424,1.16612,1.16418,1.16610,2195
2025-06-25 19:00:00,1.16610,1.16650,1.16564,1.16584,1879
2025-06-25 20:00:00,1.16584,1.16610,1.16512,1.16583,1201
2025-06-25 21:00:00,1.16531,1.16568,1.16529,1.16551,366
2025-06-25 22:00:00,1.16551,1.16605,1.16548,1.16598,885
2025-06-25 23:00:00,1.16598,1.16848,1.16595,1.16835,2298
2025-06-26 00:00:00,1.16837,1.16892,1.16801,1.16823,2521
2025-06-26 01:00:00,1.16823,1.16878,1.16675,1.16863,2737
2025-06-26 02:00:00,1.16863,1.16952,1.16823,1.16906,2692
2025-06-26 03:00:00,1.16906,1.17175,1.16887,1.16946,3802
2025-06-26 04:00:00,1.16946,1.16949,1.16786,1.16798,2147
2025-06-26 05:00:00,1.16798,1.16860,1.16756,1.16853,2482
2025-06-26 06:00:00,1.16853,1.17004,1.16719,1.16996,4635
2025-06-26 07:00:00,1.16996,1.17135,1.16916,1.17102,5143
2025-06-26 08:00:00,1.17102,1.17449,1.17067,1.17277,5319
2025-06-26 09:00:00,1.17277,1.17289,1.17126,1.17252,3866
2025-06-26 10:00:00,1.17252,1.17309,1.17134,1.17149,3094
2025-06-26 11:00:00,1.17149,1.17158,1.16938,1.16948,3649
2025-06-26 12:00:00,1.16948,1.17128,1.16900,1.17067,6104
2025-06-26 13:00:00,1.17070,1.17209,1.16933,1.17170,6365
2025-06-26 14:00:00,1.17170,1.17192,1.17061,1.17084,6553
2025-06-26 15:00:00,1.17084,1.17176,1.16902,1.17168,4568
2025-06-26 16:00:00,1.17168,1.17402,1.17101,1.17295,3572
2025-06-26 17:00:00,1.17295,1.17321,1.17206,1.17249,2673
2025-06-26 18:00:00,1.17249,1.17285,1.17179,1.17205,2209
2025-06-26 19:00:00,1.17205,1.17206,1.17041,1.17045,1985
2025-06-26 20:00:00,1.17045,1.17086,1.16942,1.17003,1483
2025-06-26 21:00:00,1.16982,1.17000,1.16909,1.16948,943
2025-06-26 22:00:00,1.16948,1.16985,1.16809,1.16832,1348
2025-06-26 23:00:00,1.16832,1.16983,1.16832,1.16928,1374
2025-06-27 00:00:00,1.16933,1.16980,1.16882,1.16922,2831
2025-06-27 01:00:00,1.16920,1.17043,1.16859,1.17016,3162
2025-06-27 02:00:00,1.17016,1.17055,1.16859,1.16999,2272
2025-06-27 03:00:00,1.16999,1.17094,1.16953,1.16957,2013
2025-06-27 04:00:00,1.16957,1.16982,1.16850,1.16851,1832
2025-06-27 05:00:00,1.16851,1.16936,1.16846,1.16891,2364
2025-06-27 06:00:00,1.16891,1.17191,1.16831,1.17189,3877
2025-06-27 07:00:00,1.17189,1.17271,1.17069,1.17147,3678
2025-06-27 08:00:00,1.17147,1.17263,1.17087,1.17095,2753
2025-06-27 09:00:00,1.17095,1.17114,1.17015,1.17095,2471
2025-06-27 10:00:00,1.17095,1.17155,1.17013,1.17138,2455
2025-06-27 11:00:00,1.17138,1.17203,1.17108,1.17141,2566
2025-06-27 12:00:00,1.17141,1.17495,1.17029,1.17470,6896
2025-06-27 13:00:00,1.17471,1.17540,1.17158,1.17271,6539
2025-06-27 14:00:00,1.17271,1.17383,1.17054,1.17184,6036
2025-06-27 15:00:00,1.17184,1.17301,1.17115,1.17236,3738
2025-06-27 16:00:00,1.17236,1.17324,1.17173,1.17222,2854
2025-06-27 17:00:00,1.17222,1.17240,1.16954,1.17021,4349
2025-06-27 18:00:00,1.17021,1.17058,1.16877,1.16996,4295
2025-06-27 19:00:00,1.16996,1.17091,1.16990,1.17068,2486
2025-06-27 20:00:00,1.17068,1.17194,1.17062,1.17191,1162
2025-06-29 21:00:00,1.17291,1.17304,1.17192,1.17301,275
2025-06-29 22:00:00,1.17302,1.17332,1.17221,1.17305,1782
2025-06-29 23:00:00,1.17305,1.17385,1.17260,1.17267,1590
2025-06-30 00:00:00,1.17267,1.17283,1.17157,1.17180,2594
2025-06-30 01:00:00,1.17180,1.17348,1.17152,1.17204,2945
2025-06-30 02:00:00,1.17204,1.17317,1.17181,1.17190,3156
2025-06-30 03:00:00,1.17190,1.17222,1.17117,1.17122,2115
2025-06-30 04:00:00,1.17122,1.17319,1.17106,1.17303,1899
2025-06-30 05:00:00,1.17301,1.17384,1.17234,1.17264,2810
2025-06-30 06:00:00,1.17264,1.17508,1.17208,1.17432,3957
2025-06-30 07:00:00,1.17432,1.17434,1.17244,1.17244,4223
2025-06-30 08:00:00,1.17244,1.17304,1.17135,1.17292,4407
2025-06-30 09:00:00,1.17292,1.17328,1.17173,1.17198,3130
2025-06-30 10:00:00,1.17198,1.17249,1.17166,1.17248,2278
2025-06-30 11:00:00,1.17248,1.17317,1.17230,1.17230,2486
2025-06-30 12:00:00,1.17230,1.17252,1.17079,1.17133,3081
2025-06-30 13:00:00,1.17133,1.17216,1.17121,1.17215,3663
2025-06-30 14:00:00,1.17214,1.17509,1.17107,1.17388,6985
2025-06-30 15:00:00,1.17388,1.17717,1.17335,1.17697,5378
2025-06-30 16:00:00,1.17697,1.17700,1.17488,1.17628,3997
2025-06-30 17:00:00,1.17627,1.17707,1.17606,1.17658,2773
2025-06-30 18:00:00,1.17658,1.17798,1.17645,1.17758,2437
2025-06-30 19:00:00,1.17758,1.17806,1.17726,1.17797,1948
2025-06-30 20:00:00,1.17797,1.17880,1.17768,1.17867,1372
2025-06-30 21:00:00,1.17806,1.17849,1.17728,1.17795,1774
2025-06-30 22:00:00,1.17795,1.17912,1.17776,1.17856,1343
2025-06-30 23:00:00,1.17856,1.17875,1.17835,1.17863,750
2025-07-01 00:00:00,1.17863,1.17981,1.17847,1.17977,2314
2025-07-01 01:00:00,1.17977,1.18076,1.17797,1.17804,2673
2025-07-01 02:00:00,1.17802,1.17896,1.17780,1.17882,1776
2025-07-01 03:00:00,1.17882,1.17940,1.17867,1.17895,1260
2025-07-01 04:00:00,1.17895,1.17941,1.17829,1.17864,1510
2025-07-01 05:00:00,1.17864,1.17896,1.17802,1.17864,1607
2025-07-01 06:00:00,1.17864,1.17869,1.17760,1.17793,3194
2025-07-01 07:00:00,1.17793,1.17879,1.17670,1.17859,4043
2025-07-01 08:00:00,1.17859,1.18173,1.17745,1.18046,4653
2025-07-01 09:00:00,1.18046,1.18299,1.17967,1.18136,4687
2025-07-01 10:00:00,1.18136,1.18235,1.18108,1.18115,3124
2025-07-01 11:00:00,1.18115,1.18194,1.18057,1.18139,2820
2025-07-01 12:00:00,1.18138,1.18176,1.18022,1.18036,3823
2025-07-01 13:00:00,1.18037,1.18120,1.17930,1.18007,4927
2025-07-01 14:00:00,1.18009,1.18009,1.17752,1.17796,8128
2025-07-01 15:00:00,1.17796,1.17797,1.17691,1.17759,4679
2025-07-01 16:00:00,1.17759,1.17760,1.17614,1.17654,3187
2025-07-01 17:00:00,1.17654,1.17836,1.17654,1.17829,2585
2025-07-01 18:00:00,1.17829,1.17836,1.17751,1.17809,1646
2025-07-01 19:00:00,1.17809,1.17913,1.17795,1.17911,1904
2025-07-01 20:00:00,1.17911,1.18065,1.17892,1.18056,1371
2025-07-01 21:00:00,1.18041,1.18041,1.17988,1.18033,767
2025-07-01 22:00:00,1.18033,1.18065,1.18021,1.18029,637
2025-07-01 23:00:00,1.18029,1.18070,1.17993,1.18053,641
2025-07-02 00:00:00,1.18053,1.18082,1.17992,1.18076,1965
2025-07-02 01:00:00,1.18076,1.18101,1.17921,1.17935,2113
2025-07-02 02:00:00,1.17935,1.18018,1.17883,1.18001,1945
2025-07-02 03:00:00,1.18001,1.18030,1.17961,1.18002,1467
2025-07-02 04:00:00,1.18004,1.18013,1.17958,1.17963,1194
2025-07-02 05:00:00,1.17963,1.17982,1.17845,1.17873,1982
2025-07-02 06:00:00,1.17873,1.17936,1.17722,1.17816,2958
2025-07-02 07:00:00,1.17816,1.17836,1.17711,1.17742,3272
2025-07-02 08:00:00,1.17742,1.17815,1.17701,1.17757,2956
2025-07-02 09:00:00,1.17757,1.17777,1.17671,1.17702,2613
2025-07-02 10:00:00,1.17702,1.17809,1.17648,1.17678,2480
2025-07-02 11:00:00,1.17678,1.17714,1.17470,1.17497,3540
2025-07-02 12:00:00,1.17497,1.17882,1.17474,1.17566,8871
2025-07-02 13:00:00,1.17566,1.17775,1.17548,1.17599,6404
2025-07-02 14:00:00,1.17599,1.17707,1.17506,1.17676,5577
2025-07-02 15:00:00,1.17676,1.17898,1.17661,1.17893,4193
2025-07-02 16:00:00,1.17893,1.17941,1.17851,1.17885,2960
2025-07-02 17:00:00,1.17885,1.18002,1.17884,1.17957,2123
2025-07-02 18:00:00,1.17957,1.18002,1.17934,1.17996,2019
2025-07-02 19:00:00,1.17996,1.18032,1.17955,1.18023,1651
2025-07-02 20:00:00,1.18023,1.18024,1.17956,1.17983,956
2025-07-02 21:00:00,1.17948,1.17978,1.17863,1.17946,703
2025-07-02 22:00:00,1.17946,1.18003,1.17943,1.17984,804
2025-07-02 23:00:00,1.17984,1.18020,1.17975,1.17987,560
2025-07-03 00:00:00,1.17987,1.18087,1.17963,1.18067,1856
2025-07-03 01:00:00,1.18067,1.18103,1.18040,1.18044,1528
2025-07-03 02:00:00,1.18044,1.18048,1.17947,1.17979,1458
2025-07-03 03:00:00,1.17979,1.17997,1.17893,1.17917,1284
2025-07-03 04:00:00,1.17917,1.17932,1.17873,1.17894,864
2025-07-03 05:00:00,1.17894,1.17961,1.17867,1.17961,1472
2025-07-03 06:00:00,1.17961,1.18029,1.17916,1.18023,2870
2025-07-03 07:00:00,1.18023,1.18100,1.17944,1.18013,3200
2025-07-03 08:00:00,1.18013,1.18084,1.17957,1.17979,2578
2025-07-03 09:00:00,1.17979,1.17980,1.17885,1.17925,2621
2025-07-03 10:00:00,1.17925,1.18001,1.17869,1.17932,2157
2025-07-03 11:00:00,1.17932,1.17969,1.17831,1.17848,2369
2025-07-03 12:00:00,1.17848,1.17896,1.17172,1.17383,10424
2025-07-03 13:00:00,1.17382,1.17795,1.17338,1.17744,7593
2025-07-03 14:00:00,1.17744,1.17897,1.17512,1.17532,6780
2025-07-03 15:00:00,1.17532,1.17663,1.17493,1.17570,4096
2025-07-03 16:00:00,1.17570,1.17580,1.17399,1.17525,2803
2025-07-03 17:00:00,1.17525,1.17582,1.17503,1.17541,1201
2025-07-03 18:00:00,1.17541,1.17566,1.17481,1.17488,1031
2025-07-03 19:00:00,1.17488,1.17525,1.17444,1.17478,834
2025-07-03 20:00:00,1.17478,1.17596,1.17450,1.17564,855
2025-07-03 21:00:00,1.17581,1.17595,1.17520,1.17565,545
2025-07-03 22:00:00,1.17565,1.17595,1.17539,1.17595,584
2025-07-03 23:00:00,1.17595,1.17716,1.17560,1.17690,918
2025-07-04 00:00:00,1.17690,1.17707,1.17627,1.17670,1951
2025-07-04 01:00:00,1.17670,1.17695,1.17558,1.17597,2078
2025-07-04 02:00:00,1.17597,1.17708,1.17596,1.17654,1604
2025-07-04 03:00:00,1.17654,1.17726,1.17645,1.17700,1457
2025-07-04 04:00:00,1.17700,1.17800,1.17684,1.17799,1517
2025-07-04 05:00:00,1.17799,1.17856,1.17798,1.17842,1786
2025-07-04 06:00:00,1.17842,1.17850,1.17744,1.17812,2858
2025-07-04 07:00:00,1.17812,1.17827,1.17677,1.17697,3541
2025-07-04 08:00:00,1.17697,1.17775,1.17681,1.17743,2741
2025-07-04 09:00:00,1.17743,1.17821,1.17721,1.17783,2634
2025-07-04 10:00:00,1.17783,1.17811,1.17736,1.17777,2563
2025-07-04 11:00:00,1.17777,1.17819,1.17683,1.17688,2517
2025-07-04 12:00:00,1.17688,1.17719,1.17639,1.17666,2276
2025-07-04 13:00:00,1.17666,1.17809,1.17663,1.17796,1940
2025-07-04 14:00:00,1.17796,1.17876,1.17752,1.17785,2487
2025-07-04 15:00:00,1.17785,1.17846,1.17759,1.17786,1969
2025-07-04 16:00:00,1.17786,1.17818,1.17736,1.17744,1512
2025-07-04 17:00:00,1.17744,1.17776,1.17723,1.17758,3220
2025-07-04 18:00:00,1.17758,1.17794,1.17745,1.17792,2032
2025-07-04 19:00:00,1.17792,1.17797,1.17718,1.17752,2075
2025-07-04 20:00:00,1.17752,1.17826,1.17724,1.17726,4004
2025-07-06 21:00:00,1.17808,1.17825,1.17776,1.17791,378
2025-07-06 22:00:00,1.17791,1.17822,1.17735,1.17801,1197
2025-07-06 23:00:00,1.17801,1.17824,1.17751,1.17802,1049
2025-07-07 00:00:00,1.17802,1.17903,1.17787,1.17798,2597
2025-07-07 01:00:00,1.17798,1.17807,1.17701,1.17721,2520
2025-07-07 02:00:00,1.17721,1.17754,1.17647,1.17674,2496
2025-07-07 03:00:00,1.17674,1.17745,1.17664,1.17691,1864
2025-07-07 04:00:00,1.17691,1.17723,1.17641,1.17662,1992
2025-07-07 05:00:00,1.17662,1.17738,1.17634,1.17715,2747
2025-07-07 06:00:00,1.17715,1.17737,1.17501,1.17560,3289
2025-07-07 07:00:00,1.17560,1.17588,1.17453,1.17455,3518
2025-07-07 08:00:00,1.17455,1.17475,1.17233,1.17243,3513
2025-07-07 09:00:00,1.17243,1.17347,1.17221,1.17341,2863
2025-07-07 10:00:00,1.17341,1.17362,1.17231,1.17276,2490
2025-07-07 11:00:00,1.17276,1.17343,1.17250,1.17295,2289
2025-07-07 12:00:00,1.17293,1.17310,1.17182,1.17224,2790
2025-07-07 13:00:00,1.17225,1.17407,1.17220,1.17351,3552
2025-07-07 14:00:00,1.17351,1.17454,1.17329,1.17389,3154
2025-07-07 15:00:00,1.17389,1.17406,1.17303,1.17328,2912
2025-07-07 16:00:00,1.17328,1.17397,1.16875,1.16942,5574
2025-07-07 17:00:00,1.16942,1.17139,1.16867,1.17067,4619
2025-07-07 18:00:00,1.17067,1.17199,1.16999,1.17189,2837
2025-07-07 19:00:00,1.17189,1.17237,1.17163,1.17194,1551
2025-07-07 20:00:00,1.17194,1.17212,1.17065,1.17076,1109
2025-07-07 21:00:00,1.17061,1.17085,1.17061,1.17075,572
2025-07-07 22:00:00,1.17075,1.17377,1.17075,1.17355,1422
2025-07-07 23:00:00,1.17355,1.17385,1.17315,1.17364,1411
2025-07-08 00:00:00,1.17364,1.17478,1.17364,1.17434,2944
2025-07-08 01:00:00,1.17434,1.17443,1.17308,1.17382,2807
2025-07-08 02:00:00,1.17382,1.17488,1.17362,1.17385,2074
2025-07-08 03:00:00,1.17385,1.17489,1.17371,1.17468,1971
2025-07-08 04:00:00,1.17468,1.17502,1.17406,1.17415,2455
2025-07-08 05:00:00,1.17415,1.17448,1.17338,1.17347,2562
2025-07-08 06:00:00,1.17347,1.17449,1.17319,1.17418,3552
2025-07-08 07:00:00,1.17418,1.17654,1.17404,1.17599,3332
2025-07-08 08:00:00,1.17599,1.17607,1.17474,1.17489,3279
2025-07-08 09:00:00,1.17489,1.17506,1.17390,1.17422,2683
2025-07-08 10:00:00,1.17422,1.17425,1.17233,1.17282,2625
2025-07-08 11:00:00,1.17282,1.17386,1.17214,1.17217,2525
2025-07-08 12:00:00,1.17217,1.17247,1.17139,1.17211,3633
2025-07-08 13:00:00,1.17211,1.17223,1.16925,1.17050,5114
2025-07-08 14:00:00,1.17050,1.17065,1.16825,1.16922,6118
2025-07-08 15:00:00,1.16922,1.17127,1.16897,1.17066,3777
2025-07-08 16:00:00,1.17066,1.17130,1.16963,1.17089,4016
2025-07-08 17:00:00,1.17089,1.17260,1.17076,1.17244,3405
2025-07-08 18:00:00,1.17244,1.17287,1.17182,1.17252,2429
2025-07-08 19:00:00,1.17252,1.17299,1.17195,1.17244,1823
2025-07-08 20:00:00,1.17244,1.17287,1.17217,1.17244,1104
2025-07-08 21:00:00,1.17196,1.17230,1.17142,1.17182,1141
2025-07-08 22:00:00,1.17182,1.17293,1.17178,1.17287,611
2025-07-08 23:00:00,1.17287,1.17291,1.17218,1.17233,1009
2025-07-09 00:00:00,1.17233,1.17259,1.17176,1.17246,2411
2025-07-09 01:00:00,1.17246,1.17259,1.17169,1.17205,2515
2025-07-09 02:00:00,1.17205,1.17255,1.17047,1.17113,2269
2025-07-09 03:00:00,1.17114,1.17118,1.17029,1.17038,2119
2025-07-09 04:00:00,1.17038,1.17139,1.17014,1.17126,1952
2025-07-09 05:00:00,1.17126,1.17215,1.17110,1.17166,2100
2025-07-09 06:00:00,1.17166,1.17286,1.17125,1.17259,2478
2025-07-09 07:00:00,1.17259,1.17283,1.17044,1.17076,3706
2025-07-09 08:00:00,1.17076,1.17203,1.17024,1.17133,3209
2025-07-09 09:00:00,1.17133,1.17199,1.17074,1.17134,2570
2025-07-09 10:00:00,1.17134,1.17177,1.17017,1.17020,2496
2025-07-09 11:00:00,1.17020,1.17065,1.16897,1.16912,2424
2025-07-09 12:00:00,1.16912,1.17170,1.16912,1.17154,4454
2025-07-09 13:00:00,1.17154,1.17226,1.17007,1.17035,4430
2025-07-09 14:00:00,1.17035,1.17246,1.17026,1.17148,4441
2025-07-09 15:00:00,1.17148,1.17163,1.17050,1.17061,2568
2025-07-09 16:00:00,1.17061,1.17091,1.17007,1.17051,1705
2025-07-09 17:00:00,1.17051,1.17111,1.17041,1.17097,1785
2025-07-09 18:00:00,1.17097,1.17178,1.17049,1.17133,1859
2025-07-09 19:00:00,1.17133,1.17232,1.17128,1.17189,1310
2025-07-09 20:00:00,1.17189,1.17234,1.17117,1.17174,1250
2025-07-09 21:00:00,1.17160,1.17222,1.17070,1.17216,541
2025-07-09 22:00:00,1.17216,1.17252,1.17216,1.17246,590
2025-07-09 23:00:00,1.17246,1.17398,1.17231,1.17381,966
2025-07-10 00:00:00,1.17381,1.17496,1.17357,1.17437,2586
2025-07-10 01:00:00,1.17437,1.17443,1.17378,1.17409,1693
2025-07-10 02:00:00,1.17409,1.17444,1.17372,1.17391,1712
2025-07-10 03:00:00,1.17391,1.17398,1.17338,1.17340,1391
2025-07-10 04:00:00,1.17340,1.17359,1.17304,1.17350,1237
2025-07-10 05:00:00,1.17350,1.17411,1.17348,1.17391,1709
2025-07-10 06:00:00,1.17391,1.17435,1.17294,1.17328,2693
2025-07-10 07:00:00,1.17328,1.17380,1.17262,1.17331,2708
2025-07-10 08:00:00,1.17331,1.17344,1.17260,1.17279,1948
2025-07-10 09:00:00,1.17279,1.17344,1.17278,1.17310,1647
2025-07-10 10:00:00,1.17310,1.17341,1.17276,1.17284,1434
2025-07-10 11:00:00,1.17284,1.17296,1.17081,1.17117,2406
2025-07-10 12:00:00,1.17119,1.17141,1.17015,1.17065,3705
2025-07-10 13:00:00,1.17064,1.17147,1.16866,1.16925,4038
2025-07-10 14:00:00,1.16925,1.16937,1.16625,1.16800,6456
2025-07-10 15:00:00,1.16799,1.16885,1.16738,1.16874,3954
2025-07-10 16:00:00,1.16874,1.16902,1.16822,1.16856,2621
2025-07-10 17:00:00,1.16856,1.16912,1.16815,1.16892,1701
2025-07-10 18:00:00,1.16891,1.16949,1.16879,1.16923,1691
2025-07-10 19:00:00,1.16923,1.16991,1.16899,1.16956,1489
2025-07-10 20:00:00,1.16956,1.17005,1.16940,1.17000,1014
2025-07-10 21:00:00,1.16998,1.17024,1.16936,1.17022,931
2025-07-10 22:00:00,1.17022,1.17074,1.17020,1.17058,626
2025-07-10 23:00:00,1.17058,1.17062,1.16994,1.17017,715
2025-07-11 00:00:00,1.17017,1.17048,1.16647,1.16750,5378
2025-07-11 01:00:00,1.16750,1.16861,1.16687,1.16753,3669
2025-07-11 02:00:00,1.16753,1.16781,1.16707,1.16711,2531
2025-07-11 03:00:00,1.16711,1.16844,1.16704,1.16817,1837
2025-07-11 04:00:00,1.16817,1.16828,1.16691,1.16765,1975
2025-07-11 05:00:00,1.16765,1.16841,1.16752,1.16780,2201
2025-07-11 06:00:00,1.16780,1.16849,1.16702,1.16748,3366
2025-07-11 07:00:00,1.16748,1.16958,1.16748,1.16889,3407
2025-07-11 08:00:00,1.16889,1.16922,1.16797,1.16823,2784
2025-07-11 09:00:00,1.16823,1.16954,1.16814,1.16950,2430
2025-07-11 10:00:00,1.16950,1.16967,1.16875,1.16925,2391
2025-07-11 11:00:00,1.16925,1.17012,1.16864,1.16878,2948
2025-07-11 12:00:00,1.16878,1.17004,1.16825,1.16885,3665
2025-07-11 13:00:00,1.16885,1.17139,1.16863,1.16887,4992
2025-07-11 14:00:00,1.16887,1.16942,1.16728,1.16922,5218
2025-07-11 15:00:00,1.16922,1.17041,1.16891,1.16963,3440
2025-07-11 16:00:00,1.16963,1.16980,1.16889,1.16915,2745
2025-07-11 17:00:00,1.16915,1.16948,1.16865,1.16933,1555
2025-07-11 18:00:00,1.16933,1.16958,1.16883,1.16885,2162
2025-07-11 19:00:00,1.16885,1.16920,1.16859,1.16879,1515
2025-07-11 20:00:00,1.16879,1.16939,1.16788,1.16922,1315
2025-07-13 21:00:00,1.16650,1.16716,1.16609,1.16666,409
2025-07-13 22:00:00,1.16666,1.16848,1.16627,1.16648,2397
2025-07-13 23:00:00,1.16648,1.16829,1.16634,1.16827,1765
2025-07-14 00:00:00,1.16827,1.16939,1.16808,1.16933,2362
2025-07-14 01:00:00,1.16933,1.16976,1.16840,1.16845,2257
2025-07-14 02:00:00,1.16846,1.16903,1.16727,1.16745,2025
2025-07-14 03:00:00,1.16745,1.16851,1.16733,1.16812,1643
2025-07-14 04:00:00,1.16812,1.16821,1.16748,1.16748,1665
2025-07-14 05:00:00,1.16748,1.16787,1.16648,1.16696,2289
2025-07-14 06:00:00,1.16696,1.16704,1.16542,1.16636,2521
2025-07-14 07:00:00,1.16637,1.16874,1.16625,1.16856,3021
2025-07-14 08:00:00,1.16856,1.16889,1.16800,1.16826,2322
2025-07-14 09:00:00,1.16827,1.16920,1.16795,1.16913,2256
2025-07-14 10:00:00,1.16913,1.16953,1.16868,1.16947,1809
2025-07-14 11:00:00,1.16947,1.16970,1.16863,1.16888,2496
2025-07-14 12:00:00,1.16888,1.16919,1.16800,1.16858,2489
2025-07-14 13:00:00,1.16858,1.16867,1.16746,1.16821,3288
2025-07-14 14:00:00,1.16821,1.16943,1.16785,1.16835,3398
2025-07-14 15:00:00,1.16834,1.16958,1.16672,1.16713,3600
2025-07-14 16:00:00,1.16713,1.16758,1.16602,1.16624,3054
2025-07-14 17:00:00,1.16624,1.16669,1.16590,1.16627,1503
2025-07-14 18:00:00,1.16627,1.16729,1.16627,1.16703,1462
2025-07-14 19:00:00,1.16703,1.16717,1.16645,1.16681,1029
2025-07-14 20:00:00,1.16681,1.16691,1.16630,1.16641,864
2025-07-14 21:00:00,1.16619,1.16657,1.16583,1.16632,405
2025-07-14 22:00:00,1.16633,1.16679,1.16633,1.16666,660
2025-07-14 23:00:00,1.16666,1.16670,1.16604,1.16653,906
2025-07-15 00:00:00,1.16653,1.16772,1.16637,1.16722,1861
2025-07-15 01:00:00,1.16722,1.16746,1.16659,1.16691,1853
2025-07-15 02:00:00,1.16691,1.16751,1.16654,1.16745,1854
2025-07-15 03:00:00,1.16745,1.16777,1.16731,1.16758,1342
2025-07-15 04:00:00,1.16758,1.16801,1.16738,1.16758,1012
2025-07-15 05:00:00,1.16758,1.16862,1.16758,1.16859,1517
2025-07-15 06:00:00,1.16859,1.16881,1.16744,1.16777,2109
2025-07-15 07:00:00,1.16777,1.16928,1.16718,1.16905,2796
2025-07-15 08:00:00,1.16905,1.16913,1.16819,1.16869,2168
2025-07-15 09:00:00,1.16869,1.16912,1.16812,1.16850,1991
2025-07-15 10:00:00,1.16850,1.16875,1.16763,1.16838,1693
2025-07-15 11:00:00,1.16838,1.16842,1.16676,1.16697,2184
2025-07-15 12:00:00,1.16697,1.16910,1.16623,1.16780,6201
2025-07-15 13:00:00,1.16780,1.16793,1.16390,1.16431,7230
2025-07-15 14:00:00,1.16431,1.16442,1.16154,1.16185,7217
2025-07-15 15:00:00,1.16185,1.16187,1.16007,1.16181,4496
2025-07-15 16:00:00,1.16181,1.16205,1.15938,1.15961,3014
2025-07-15 17:00:00,1.15961,1.16013,1.15928,1.15967,1873
2025-07-15 18:00:00,1.15966,1.16055,1.15953,1.16031,1518
2025-07-15 19:00:00,1.16031,1.16035,1.15992,1.16011,1269
2025-07-15 20:00:00,1.16010,1.16038,1.15990,1.16005,1055
2025-07-15 21:00:00,1.15971,1.16006,1.15964,1.15988,291
2025-07-15 22:00:00,1.15988,1.16046,1.15980,1.16044,636
2025-07-15 23:00:00,1.16044,1.16080,1.16030,1.16074,631
2025-07-16 00:00:00,1.16074,1.16135,1.16024,1.16080,1927
2025-07-16 01:00:00,1.16079,1.16155,1.16065,1.16137,2047
2025-07-16 02:00:00,1.16137,1.16138,1.16071,1.16105,1260
2025-07-16 03:00:00,1.16105,1.16156,1.16060,1.16111,1293
2025-07-16 04:00:00,1.16111,1.16200,1.16104,1.16198,1400
2025-07-16 05:00:00,1.16198,1.16210,1.16145,1.16206,1731
2025-07-16 06:00:00,1.16206,1.16279,1.16184,1.16277,2590
2025-07-16 07:00:00,1.16277,1.16285,1.16127,1.16188,2594
2025-07-16 08:00:00,1.16188,1.16258,1.16169,1.16254,2367
2025-07-16 09:00:00,1.16254,1.16264,1.16130,1.16157,2326
2025-07-16 10:00:00,1.16157,1.16190,1.16092,1.16173,1684
2025-07-16 11:00:00,1.16173,1.16213,1.16009,1.16035,2388
2025-07-16 12:00:00,1.16035,1.16131,1.15920,1.15986,5159
2025-07-16 13:00:00,1.15986,1.16030,1.15630,1.15726,5980
2025-07-16 14:00:00,1.15726,1.16059,1.15621,1.15928,6427
2025-07-16 15:00:00,1.15928,1.17217,1.15923,1.16290,22951
2025-07-16 16:00:00,1.16290,1.16565,1.16140,1.16390,10273
2025-07-16 17:00:00,1.16390,1.16584,1.16363,1.16413,4665
2025-07-16 18:00:00,1.16414,1.16446,1.16275,1.16281,2575
2025-07-16 19:00:00,1.16281,1.16372,1.16203,1.16359,2178
2025-07-16 20:00:00,1.16359,1.16424,1.16335,1.16383,1339
2025-07-16 21:00:00,1.16348,1.16408,1.16327,1.16337,809
2025-07-16 22:00:00,1.16337,1.16424,1.16337,1.16363,963
2025-07-16 23:00:00,1.16363,1.16401,1.16332,1.16357,801
2025-07-17 00:00:00,1.16357,1.16362,1.16171,1.16239,2084
2025-07-17 01:00:00,1.16239,1.16290,1.16134,1.16279,2327
2025-07-17 02:00:00,1.16279,1.16279,1.16168,1.16181,1783
2025-07-17 03:00:00,1.16181,1.16195,1.16142,1.16189,1515
2025-07-17 04:00:00,1.16189,1.16246,1.16158,1.16244,1158
2025-07-17 05:00:00,1.16245,1.16273,1.16166,1.16169,1703
2025-07-17 06:00:00,1.16169,1.16176,1.15731,1.15832,4657
2025-07-17 07:00:00,1.15832,1.15967,1.15741,1.15908,3682
2025-07-17 08:00:00,1.15908,1.16053,1.15890,1.16016,2433
2025-07-17 09:00:00,1.16016,1.16047,1.15886,1.15908,1779
2025-07-17 10:00:00,1.15908,1.15914,1.15834,1.15861,1576
2025-07-17 11:00:00,1.15861,1.15901,1.15704,1.15747,2086
2025-07-17 12:00:00,1.15747,1.15926,1.15565,1.15871,5199
2025-07-17 13:00:00,1.15871,1.15986,1.15802,1.15861,4584
2025-07-17 14:00:00,1.15861,1.15927,1.15776,1.15879,3907
2025-07-17 15:00:00,1.15879,1.16027,1.15854,1.15965,3085
2025-07-17 16:00:00,1.15965,1.16019,1.15835,1.15862,2503
2025-07-17 17:00:00,1.15862,1.15907,1.15823,1.15851,1798
2025-07-17 18:00:00,1.15851,1.15880,1.15799,1.15844,1348
2025-07-17 19:00:00,1.15844,1.15998,1.15843,1.15975,1647
2025-07-17 20:00:00,1.15975,1.16003,1.15942,1.15948,984
2025-07-17 21:00:00,1.15937,1.15973,1.15927,1.15962,557
2025-07-17 22:00:00,1.15962,1.16193,1.15961,1.16168,1195
2025-07-17 23:00:00,1.16168,1.16197,1.16146,1.16149,898
2025-07-18 00:00:00,1.16149,1.16277,1.16135,1.16245,2070
2025-07-18 01:00:00,1.16245,1.16344,1.16200,1.16290,2238
2025-07-18 02:00:00,1.16290,1.16313,1.16241,1.16292,1540
2025-07-18 03:00:00,1.16292,1.16318,1.16219,1.16237,1365
2025-07-18 04:00:00,1.16237,1.16239,1.16183,1.16194,1049
2025-07-18 05:00:00,1.16194,1.16204,1.16123,1.16172,1348
2025-07-18 06:00:00,1.16172,1.16227,1.16120,1.16204,2225
2025-07-18 07:00:00,1.16204,1.16312,1.16194,1.16290,2290
2025-07-18 08:00:00,1.16290,1.16457,1.16273,1.16356,2664
2025-07-18 09:00:00,1.16356,1.16432,1.16332,1.16335,1849
2025-07-18 10:00:00,1.16335,1.16421,1.16320,1.16400,1712
2025-07-18 11:00:00,1.16400,1.16482,1.16396,1.16445,2103
2025-07-18 12:00:00,1.16445,1.16585,1.16431,1.16563,3267
2025-07-18 13:00:00,1.16563,1.16678,1.16479,1.16660,4059
2025-07-18 14:00:00,1.16660,1.16719,1.16445,1.16480,5093
2025-07-18 15:00:00,1.16480,1.16579,1.16427,1.16448,3067
2025-07-18 16:00:00,1.16448,1.16488,1.16263,1.16286,2907
2025-07-18 17:00:00,1.16286,1.16298,1.16178,1.16271,1781
2025-07-18 18:00:00,1.16271,1.16281,1.16195,1.16216,1374
2025-07-18 19:00:00,1.16216,1.16232,1.16171,1.16224,1305
2025-07-18 20:00:00,1.16224,1.16276,1.16194,1.16225,948
2025-07-20 21:00:00,1.16214,1.16336,1.16210,1.16309,1051
2025-07-20 22:00:00,1.16319,1.16328,1.16226,1.16264,2499
2025-07-20 23:00:00,1.16264,1.16318,1.16248,1.16297,1029
2025-07-21 00:00:00,1.16297,1.16364,1.16190,1.16193,1699
2025-07-21 01:00:00,1.16193,1.16254,1.16160,1.16175,1891
2025-07-21 02:00:00,1.16175,1.16243,1.16145,1.16221,1402
2025-07-21 03:00:00,1.16221,1.16257,1.16200,1.16253,1050
2025-07-21 04:00:00,1.16253,1.16301,1.16231,1.16292,880
2025-07-21 05:00:00,1.16292,1.16354,1.16278,1.16337,1209
2025-07-21 06:00:00,1.16337,1.16429,1.16293,1.16414,2573
2025-07-21 07:00:00,1.16414,1.16474,1.16355,1.16435,2477
2025-07-21 08:00:00,1.16435,1.16523,1.16365,1.16424,2511
2025-07-21 09:00:00,1.16424,1.16485,1.16384,1.16448,1767
2025-07-21 10:00:00,1.16448,1.16462,1.16336,1.16455,1818
2025-07-21 11:00:00,1.16455,1.16698,1.16445,1.16677,2690
2025-07-21 12:00:00,1.16677,1.16735,1.16626,1.16651,2764
2025-07-21 13:00:00,1.16651,1.16655,1.16577,1.16647,2723
2025-07-21 14:00:00,1.16647,1.16984,1.16639,1.16965,4955
2025-07-21 15:00:00,1.16963,1.17167,1.16957,1.17048,3798
2025-07-21 16:00:00,1.17048,1.17058,1.16955,1.17000,2394
2025-07-21 17:00:00,1.17001,1.17015,1.16860,1.16908,1719
2025-07-21 18:00:00,1.16908,1.16954,1.16868,1.16938,1645
2025-07-21 19:00:00,1.16938,1.16961,1.16893,1.16896,1284
2025-07-21 20:00:00,1.16895,1.16967,1.16879,1.16899,1636
2025-07-21 21:00:00,1.16895,1.16941,1.16893,1.16910,484
2025-07-21 22:00:00,1.16910,1.16948,1.16907,1.16947,429
2025-07-21 23:00:00,1.16947,1.16960,1.16905,1.16949,406
2025-07-22 00:00:00,1.16949,1.16953,1.16834,1.16884,1497
2025-07-22 01:00:00,1.16884,1.16902,1.16825,1.16881,1284
2025-07-22 02:00:00,1.16881,1.16957,1.16881,1.16905,864
2025-07-22 03:00:00,1.16905,1.16911,1.16851,1.16874,960
2025-07-22 04:00:00,1.16874,1.16947,1.16863,1.16883,852
2025-07-22 05:00:00,1.16883,1.16921,1.16830,1.16872,1189
2025-07-22 06:00:00,1.16872,1.16922,1.16842,1.16909,1877
2025-07-22 07:00:00,1.16908,1.16923,1.16817,1.16859,2333
2025-07-22 08:00:00,1.16859,1.17035,1.16840,1.16984,2488
2025-07-22 09:00:00,1.16984,1.17070,1.16934,1.17053,1818
2025-07-22 10:00:00,1.17053,1.17095,1.16997,1.17018,1258
2025-07-22 11:00:00,1.17018,1.17039,1.16944,1.17015,2265
2025-07-22 12:00:00,1.17015,1.17049,1.16831,1.16907,3004
2025-07-22 13:00:00,1.16907,1.17045,1.16789,1.17043,4075
2025-07-22 14:00:00,1.17043,1.17265,1.16910,1.17223,5717
2025-07-22 15:00:00,1.17221,1.17492,1.17146,1.17480,4623
2025-07-22 16:00:00,1.17480,1.17606,1.17446,1.17550,2902
2025-07-22 17:00:00,1.17550,1.17554,1.17432,1.17458,1702
2025-07-22 18:00:00,1.17458,1.17484,1.17419,1.17480,1273
2025-07-22 19:00:00,1.17480,1.17528,1.17449,1.17516,1137
2025-07-22 20:00:00,1.17516,1.17545,1.17451,1.17539,1215
2025-07-22 21:00:00,1.17533,1.17533,1.17470,1.17470,464
2025-07-22 22:00:00,1.17470,1.17506,1.17465,1.17482,670
2025-07-22 23:00:00,1.17482,1.17561,1.17361,1.17381,1486
2025-07-23 00:00:00,1.17380,1.17479,1.17335,1.17471,2657
2025-07-23 01:00:00,1.17473,1.17487,1.17305,1.17372,2333
2025-07-23 02:00:00,1.17372,1.17422,1.17327,1.17348,2465
2025-07-23 03:00:00,1.17348,1.17461,1.17341,1.17391,1501
2025-07-23 04:00:00,1.17391,1.17398,1.17321,1.17350,1214
2025-07-23 05:00:00,1.17350,1.17379,1.17271,1.17304,1600
2025-07-23 06:00:00,1.17304,1.17426,1.17302,1.17423,2456
2025-07-23 07:00:00,1.17423,1.17530,1.17339,1.17421,3118
2025-07-23 08:00:00,1.17421,1.17481,1.17309,1.17330,2560
2025-07-23 09:00:00,1.17330,1.17396,1.17304,1.17360,2401
2025-07-23 10:00:00,1.17360,1.17366,1.17230,1.17259,2304
2025-07-23 11:00:00,1.17259,1.17314,1.17234,1.17257,2662
2025-07-23 12:00:00,1.17257,1.17333,1.17202,1.17251,2610
2025-07-23 13:00:00,1.17251,1.17304,1.17110,1.17262,3981
2025-07-23 14:00:00,1.17263,1.17378,1.17234,1.17336,3870
2025-07-23 15:00:00,1.17337,1.17584,1.17217,1.17468,5167
2025-07-23 16:00:00,1.17468,1.17608,1.17430,1.17512,5291
2025-07-23 17:00:00,1.17512,1.17651,1.17455,1.17598,3575
2025-07-23 18:00:00,1.17598,1.17740,1.17596,1.17714,2304
2025-07-23 19:00:00,1.17714,1.17751,1.17679,1.17733,1790
2025-07-23 20:00:00,1.17733,1.17752,1.17662,1.17681,2069
2025-07-23 21:00:00,1.17673,1.17735,1.17640,1.17667,817
2025-07-23 22:00:00,1.17667,1.17749,1.17667,1.17736,682
2025-07-23 23:00:00,1.17736,1.17789,1.17731,1.17733,640
2025-07-24 00:00:00,1.17733,1.17734,1.17619,1.17670,1824
2025-07-24 01:00:00,1.17670,1.17798,1.17669,1.17750,2394
2025-07-24 02:00:00,1.17750,1.17786,1.17710,1.17768,1498
2025-07-24 03:00:00,1.17768,1.17801,1.17739,1.17752,1310
2025-07-24 04:00:00,1.17752,1.17780,1.17729,1.17742,1113
2025-07-24 05:00:00,1.17742,1.17783,1.17704,1.17709,1858
2025-07-24 06:00:00,1.17709,1.17730,1.17571,1.17572,2519
2025-07-24 07:00:00,1.17572,1.17699,1.17551,1.17616,3265
2025-07-24 08:00:00,1.17616,1.17682,1.17555,1.17579,2528
2025-07-24 09:00:00,1.17579,1.17593,1.17467,1.17525,2069
2025-07-24 10:00:00,1.17525,1.17548,1.17434,1.17491,1617
2025-07-24 11:00:00,1.17491,1.17564,1.17456,1.17558,2200
2025-07-24 12:00:00,1.17558,1.17588,1.17320,1.17361,4400
2025-07-24 13:00:00,1.17361,1.17770,1.17306,1.17714,7580
2025-07-24 14:00:00,1.17714,1.17888,1.17615,1.17663,5799
2025-07-24 15:00:00,1.17663,1.17784,1.17553,1.17647,4338
2025-07-24 16:00:00,1.17647,1.17726,1.17568,1.17625,2978
2025-07-24 17:00:00,1.17626,1.17782,1.17603,1.17699,1778
2025-07-24 18:00:00,1.17699,1.17710,1.17622,1.17659,1373
2025-07-24 19:00:00,1.17660,1.17701,1.17581,1.17582,1446
2025-07-24 20:00:00,1.17582,1.17601,1.17451,1.17486,2097
2025-07-24 21:00:00,1.17358,1.17490,1.17348,1.17453,923
2025-07-24 22:00:00,1.17453,1.17533,1.17441,1.17521,716
2025-07-24 23:00:00,1.17521,1.17573,1.17497,1.17547,814
2025-07-25 00:00:00,1.17547,1.17587,1.17488,1.17543,1980
2025-07-25 01:00:00,1.17544,1.17585,1.17392,1.17430,2102
2025-07-25 02:00:00,1.17430,1.17437,1.17338,1.17394,1254
2025-07-25 03:00:00,1.17394,1.17453,1.17369,1.17424,1191
2025-07-25 04:00:00,1.17424,1.17464,1.17341,1.17401,1306
2025-07-25 05:00:00,1.17401,1.17490,1.17371,1.17467,1758
2025-07-25 06:00:00,1.17467,1.17610,1.17417,1.17478,3150
2025-07-25 07:00:00,1.17478,1.17594,1.17469,1.17529,3580
2025-07-25 08:00:00,1.17529,1.17581,1.17416,1.17433,3646
2025-07-25 09:00:00,1.17433,1.17437,1.17331,1.17351,2509
2025-07-25 10:00:00,1.17351,1.17373,1.17245,1.17282,1955
2025-07-25 11:00:00,1.17282,1.17311,1.17113,1.17210,2913
2025-07-25 12:00:00,1.17210,1.17274,1.17116,1.17184,3154
2025-07-25 13:00:00,1.17184,1.17305,1.17031,1.17217,8834
2025-07-25 14:00:00,1.17217,1.17358,1.17217,1.17295,4625
2025-07-25 15:00:00,1.17295,1.17387,1.17220,1.17290,3348
2025-07-25 16:00:00,1.17290,1.17308,1.17203,1.17289,2774
2025-07-25 17:00:00,1.17289,1.17397,1.17288,1.17364,1394
2025-07-25 18:00:00,1.17364,1.17466,1.17357,1.17454,1594
2025-07-25 19:00:00,1.17454,1.17471,1.17412,1.17438,1070
2025-07-25 20:00:00,1.17438,1.17439,1.17376,1.17390,1566
2025-07-27 21:00:00,1.17587,1.17626,1.17505,1.17602,760
2025-07-27 22:00:00,1.17603,1.17688,1.17514,1.17552,1199
2025-07-27 23:00:00,1.17552,1.17608,1.17539,1.17556,808
2025-07-28 00:00:00,1.17540,1.17704,1.17539,1.17639,1935
2025-07-28 01:00:00,1.17639,1.17698,1.17475,1.17525,1899
2025-07-28 02:00:00,1.17525,1.17573,1.17465,1.17548,1468
2025-07-28 03:00:00,1.17548,1.17572,1.17511,1.17566,1161
2025-07-28 04:00:00,1.17566,1.17581,1.17457,1.17474,1152
2025-07-28 05:00:00,1.17473,1.17477,1.17399,1.17408,1371
2025-07-28 06:00:00,1.17408,1.17446,1.17112,1.17213,2851
2025-07-28 07:00:00,1.17213,1.17238,1.16707,1.16749,3733
2025-07-28 08:00:00,1.16749,1.16901,1.16710,1.16792,2912
2025-07-28 09:00:00,1.16791,1.16844,1.16583,1.16670,2361
2025-07-28 10:00:00,1.16669,1.16721,1.16550,1.16579,2352
2025-07-28 11:00:00,1.16579,1.16584,1.16438,1.16511,2952
2025-07-28 12:00:00,1.16513,1.16652,1.16481,1.16579,3335
2025-07-28 13:00:00,1.16579,1.16621,1.16257,1.16340,3467
2025-07-28 14:00:00,1.16333,1.16473,1.16308,1.16373,3324
2025-07-28 15:00:00,1.16373,1.16393,1.16081,1.16089,2902
2025-07-28 16:00:00,1.16090,1.16108,1.15984,1.15991,1853
2025-07-28 17:00:00,1.15991,1.16016,1.15891,1.15923,1456
2025-07-28 18:00:00,1.15923,1.15947,1.15854,1.15947,1302
2025-07-28 19:00:00,1.15947,1.15961,1.15891,1.15915,1038
2025-07-28 20:00:00,1.15915,1.15942,1.15852,1.15873,924
2025-07-28 21:00:00,1.15878,1.15901,1.15873,1.15897,462
2025-07-28 22:00:00,1.15898,1.15944,1.15873,1.15937,769
2025-07-28 23:00:00,1.15938,1.15969,1.15891,1.15965,556
2025-07-29 00:00:00,1.15965,1.15976,1.15844,1.15850,1528
2025-07-29 01:00:00,1.15850,1.15983,1.15850,1.15911,1633
2025-07-29 02:00:00,1.15911,1.15993,1.15911,1.15970,1301
2025-07-29 03:00:00,1.15969,1.15985,1.15814,1.15829,1189
2025-07-29 04:00:00,1.15829,1.15889,1.15746,1.15887,1396
2025-07-29 05:00:00,1.15888,1.15903,1.15770,1.15788,1303
2025-07-29 06:00:00,1.15789,1.15860,1.15319,1.15338,3147
2025-07-29 07:00:00,1.15342,1.15550,1.15268,1.15550,3798
2025-07-29 08:00:00,1.15550,1.15695,1.15524,1.15690,2399
2025-07-29 09:00:00,1.15692,1.15849,1.15631,1.15768,2303
2025-07-29 10:00:00,1.15767,1.15883,1.15729,1.15740,1794
2025-07-29 11:00:00,1.15741,1.15748,1.15374,1.15401,2698
2025-07-29 12:00:00,1.15400,1.15421,1.15248,1.15248,2796
2025-07-29 13:00:00,1.15248,1.15469,1.15191,1.15461,3242
2025-07-29 14:00:00,1.15457,1.15516,1.15215,1.15229,4702
2025-07-29 15:00:00,1.15229,1.15409,1.15219,1.15335,3036
2025-07-29 16:00:00,1.15335,1.15495,1.15335,1.15414,1960
2025-07-29 17:00:00,1.15414,1.15605,1.15400,1.15416,2174
2025-07-29 18:00:00,1.15417,1.15505,1.15375,1.15504,1490
2025-07-29 19:00:00,1.15504,1.15575,1.15491,1.15500,1379
2025-07-29 20:00:00,1.15500,1.15527,1.15436,1.15457,891
2025-07-29 21:00:00,1.15450,1.15477,1.15440,1.15476,289
2025-07-29 22:00:00,1.15493,1.15507,1.15466,1.15497,584
2025-07-29 23:00:00,1.15497,1.15511,1.15467,1.15511,643
2025-07-30 00:00:00,1.15491,1.15677,1.15491,1.15673,1806
2025-07-30 01:00:00,1.15672,1.15727,1.15603,1.15642,2078
2025-07-30 02:00:00,1.15643,1.15685,1.15606,1.15637,1149
2025-07-30 03:00:00,1.15637,1.15707,1.15580,1.15619,1044
2025-07-30 04:00:00,1.15618,1.15620,1.15503,1.15512,933
2025-07-30 05:00:00,1.15512,1.15597,1.15484,1.15500,1407
2025-07-30 06:00:00,1.15500,1.15607,1.15401,1.15567,2233
2025-07-30 07:00:00,1.15567,1.15686,1.15514,1.15536,2145
2025-07-30 08:00:00,1.15536,1.15594,1.15487,1.15568,1801
2025-07-30 09:00:00,1.15567,1.15606,1.15450,1.15520,1960
2025-07-30 10:00:00,1.15518,1.15550,1.15323,1.15393,1836
2025-07-30 11:00:00,1.15394,1.15408,1.15220,1.15313,2031
2025-07-30 12:00:00,1.15313,1.15347,1.14692,1.14731,4443
2025-07-30 13:00:00,1.14730,1.14809,1.14578,1.14693,4386
2025-07-30 14:00:00,1.14693,1.14820,1.14651,1.14805,3191
2025-07-30 15:00:00,1.14804,1.14850,1.14637,1.14689,2384
2025-07-30 16:00:00,1.14689,1.14742,1.14647,1.14738,1845
2025-07-30 17:00:00,1.14738,1.14821,1.14738,1.14792,1561
2025-07-30 18:00:00,1.14793,1.15034,1.14245,1.14245,6492
2025-07-30 19:00:00,1.14247,1.14360,1.14141,1.14240,4187
2025-07-30 20:00:00,1.14241,1.14295,1.14008,1.14033,1900
2025-07-30 21:00:00,1.14028,1.14094,1.14023,1.14078,780
2025-07-30 22:00:00,1.14079,1.14246,1.14051,1.14230,877
2025-07-30 23:00:00,1.14230,1.14305,1.14195,1.14283,739
2025-07-31 00:00:00,1.14282,1.14375,1.14265,1.14342,1754
2025-07-31 01:00:00,1.14342,1.14381,1.14236,1.14306,1848
2025-07-31 02:00:00,1.14306,1.14318,1.14213,1.14292,1703
2025-07-31 03:00:00,1.14292,1.14344,1.14075,1.14234,1607
2025-07-31 04:00:00,1.14234,1.14365,1.14195,1.14357,1279
2025-07-31 05:00:00,1.14355,1.14430,1.14308,1.14367,1511
2025-07-31 06:00:00,1.14367,1.14609,1.14353,1.14586,2852
2025-07-31 07:00:00,1.14584,1.14584,1.14332,1.14488,2662
2025-07-31 08:00:00,1.14488,1.14550,1.14381,1.14501,2479
2025-07-31 09:00:00,1.14501,1.14508,1.14326,1.14332,1711
2025-07-31 10:00:00,1.14332,1.14414,1.14207,1.14397,2812
2025-07-31 11:00:00,1.14397,1.14508,1.14360,1.14493,3374
2025-07-31 12:00:00,1.14493,1.14509,1.14247,1.14287,5280
2025-07-31 13:00:00,1.14287,1.14299,1.14059,1.14113,5326
2025-07-31 14:00:00,1.14113,1.14498,1.14075,1.14447,6223
2025-07-31 15:00:00,1.14447,1.14500,1.14282,1.14301,5248
2025-07-31 16:00:00,1.14301,1.14329,1.14216,1.14225,3653
2025-07-31 17:00:00,1.14225,1.14246,1.14151,1.14196,2263
2025-07-31 18:00:00,1.14196,1.14332,1.14156,1.14266,1851
2025-07-31 19:00:00,1.14264,1.14320,1.14123,1.14124,2388
2025-07-31 20:00:00,1.14124,1.14182,1.14097,1.14141,2052
2025-07-31 21:00:00,1.14146,1.14182,1.14143,1.14160,390
2025-07-31 22:00:00,1.14160,1.14228,1.14151,1.14178,967
2025-07-31 23:00:00,1.14178,1.14260,1.14117,1.14220,1626
2025-08-01 00:00:00,1.14203,1.14290,1.14156,1.14244,2899
2025-08-01 01:00:00,1.14244,1.14288,1.14049,1.14072,2970
2025-08-01 02:00:00,1.14072,1.14151,1.14059,1.14113,2250
2025-08-01 03:00:00,1.14113,1.14222,1.14103,1.14184,1600
2025-08-01 04:00:00,1.14184,1.14215,1.14158,1.14193,1210
2025-08-01 05:00:00,1.14193,1.14347,1.14161,1.14307,1881
2025-08-01 06:00:00,1.14307,1.14379,1.14261,1.14291,2992
2025-08-01 07:00:00,1.14291,1.14341,1.14126,1.14190,3594
2025-08-01 08:00:00,1.14189,1.14205,1.14055,1.14065,2865
2025-08-01 09:00:00,1.14065,1.14128,1.13931,1.14010,2539
2025-08-01 10:00:00,1.14010,1.14176,1.14010,1.14121,2770
2025-08-01 11:00:00,1.14121,1.14224,1.14042,1.14046,3004
2025-08-01 12:00:00,1.14048,1.15586,1.13916,1.15454,16324
2025-08-01 13:00:00,1.15454,1.15832,1.15370,1.15591,16540
2025-08-01 14:00:00,1.15605,1.15879,1.15510,1.15561,16025
2025-08-01 15:00:00,1.15561,1.15652,1.15354,1.15544,6567
2025-08-01 16:00:00,1.15544,1.15647,1.15379,1.15393,3722
2025-08-01 17:00:00,1.15393,1.15393,1.15166,1.15268,4186
2025-08-01 18:00:00,1.15268,1.15479,1.15218,1.15258,3309
2025-08-01 19:00:00,1.15259,1.15821,1.15236,1.15692,6003
2025-08-01 20:00:00,1.15692,1.15970,1.15687,1.15951,2877
2025-08-03 21:00:00,1.15915,1.15963,1.15887,1.15897,700
2025-08-03 22:00:00,1.15897,1.15964,1.15785,1.15840,2255
2025-08-03 23:00:00,1.15840,1.15902,1.15782,1.15877,2015
2025-08-04 00:00:00,1.15877,1.15889,1.15558,1.15580,3532
2025-08-04 01:00:00,1.15580,1.15723,1.15504,1.15714,3977
2025-08-04 02:00:00,1.15714,1.15781,1.15676,1.15758,2289
2025-08-04 03:00:00,1.15758,1.15861,1.15757,1.15792,2098
2025-08-04 04:00:00,1.15792,1.15855,1.15744,1.15745,1528
2025-08-04 05:00:00,1.15745,1.15821,1.15672,1.15703,2242
2025-08-04 06:00:00,1.15703,1.15832,1.15633,1.15718,4259
2025-08-04 07:00:00,1.15717,1.15786,1.15506,1.15638,4606
2025-08-04 08:00:00,1.15638,1.15652,1.15496,1.15581,4102
2025-08-04 09:00:00,1.15581,1.15775,1.15554,1.15645,3612
2025-08-04 10:00:00,1.15645,1.15772,1.15550,1.15739,3106
2025-08-04 11:00:00,1.15739,1.15864,1.15646,1.15668,4224
2025-08-04 12:00:00,1.15668,1.15885,1.15606,1.15753,4958
2025-08-04 13:00:00,1.15753,1.15884,1.15729,1.15757,5355
2025-08-04 14:00:00,1.15757,1.15873,1.15570,1.15641,6799
2025-08-04 15:00:00,1.15640,1.15766,1.15611,1.15670,5150
2025-08-04 16:00:00,1.15670,1.15753,1.15569,1.15721,2837
2025-08-04 17:00:00,1.15721,1.15741,1.15639,1.15731,2243
2025-08-04 18:00:00,1.15731,1.15776,1.15641,1.15654,2512
2025-08-04 19:00:00,1.15653,1.15727,1.15630,1.15681,1820
2025-08-04 20:00:00,1.15681,1.15761,1.15655,1.15699,1275
2025-08-04 21:00:00,1.15676,1.15699,1.15617,1.15686,477
2025-08-04 22:00:00,1.15686,1.15813,1.15686,1.15793,1023
2025-08-04 23:00:00,1.15793,1.15856,1.15779,1.15838,968
2025-08-05 00:00:00,1.15838,1.15879,1.15707,1.15718,2104
2025-08-05 01:00:00,1.15718,1.15741,1.15595,1.15638,2262
2025-08-05 02:00:00,1.15638,1.15644,1.15558,1.15604,1747
2025-08-05 03:00:00,1.15604,1.15615,1.15542,1.15556,1387
2025-08-05 04:00:00,1.15555,1.15603,1.15542,1.15584,1225
2025-08-05 05:00:00,1.15584,1.15584,1.15442,1.15480,1886
2025-08-05 06:00:00,1.15480,1.15613,1.15427,1.15507,2666
2025-08-05 07:00:00,1.15508,1.15623,1.15331,1.15464,3708
2025-08-05 08:00:00,1.15464,1.15493,1.15314,1.15369,4105
2025-08-05 09:00:00,1.15369,1.15465,1.15300,1.15423,2706
2025-08-05 10:00:00,1.15423,1.15458,1.15343,1.15444,2459
2025-08-05 11:00:00,1.15444,1.15481,1.15278,1.15395,2961
2025-08-05 12:00:00,1.15396,1.15484,1.15302,1.15372,5108
2025-08-05 13:00:00,1.15372,1.15544,1.15321,1.15348,4814
2025-08-05 14:00:00,1.15348,1.15662,1.15339,1.15651,9433
2025-08-05 15:00:00,1.15652,1.15846,1.15629,1.15796,4583
2025-08-05 16:00:00,1.15796,1.15862,1.15773,1.15827,2850
2025-08-05 17:00:00,1.15827,1.15834,1.15755,1.15782,2033
2025-08-05 18:00:00,1.15782,1.15797,1.15704,1.15735,2101
2025-08-05 19:00:00,1.15735,1.15750,1.15663,1.15727,1966
2025-08-05 20:00:00,1.15728,1.15773,1.15711,1.15750,1405
2025-08-05 21:00:00,1.15708,1.15752,1.15705,1.15730,467
2025-08-05 22:00:00,1.15731,1.15776,1.15709,1.15762,902
2025-08-05 23:00:00,1.15762,1.15813,1.15733,1.15785,755
2025-08-06 00:00:00,1.15785,1.15852,1.15727,1.15737,1853
2025-08-06 01:00:00,1.15737,1.15737,1.15648,1.15669,1720
2025-08-06 02:00:00,1.15669,1.15718,1.15643,1.15693,1565
2025-08-06 03:00:00,1.15693,1.15819,1.15693,1.15802,1444
2025-08-06 04:00:00,1.15802,1.15862,1.15778,1.15829,1373
2025-08-06 05:00:00,1.15829,1.15834,1.15742,1.15785,1575
2025-08-06 06:00:00,1.15785,1.15884,1.15765,1.15786,2451
2025-08-06 07:00:00,1.15786,1.15822,1.15712,1.15809,2897
2025-08-06 08:00:00,1.15809,1.15835,1.15704,1.15751,2606
2025-08-06 09:00:00,1.15751,1.15880,1.15744,1.15849,2402
2025-08-06 10:00:00,1.15850,1.16109,1.15841,1.16071,3577
2025-08-06 11:00:00,1.16071,1.16151,1.15977,1.16041,2537
2025-08-06 12:00:00,1.16041,1.16286,1.16004,1.16236,3368
2025-08-06 13:00:00,1.16236,1.16359,1.16173,1.16358,4894
2025-08-06 14:00:00,1.16358,1.16378,1.16223,1.16275,4934
2025-08-06 15:00:00,1.16275,1.16469,1.16228,1.16462,5900
2025-08-06 16:00:00,1.16462,1.16483,1.16308,1.16347,3664
2025-08-06 17:00:00,1.16347,1.16551,1.16331,1.16492,3001
2025-08-06 18:00:00,1.16492,1.16686,1.16481,1.16625,2428
2025-08-06 19:00:00,1.16625,1.16641,1.16526,1.16565,1501
2025-08-06 20:00:00,1.16565,1.16598,1.16502,1.16591,1924
2025-08-06 21:00:00,1.16538,1.16584,1.16520,1.16567,696
2025-08-06 22:00:00,1.16567,1.16659,1.16564,1.16637,1276
2025-08-06 23:00:00,1.16637,1.16640,1.16593,1.16632,1047
2025-08-07 00:00:00,1.16632,1.16638,1.16508,1.16525,2289
2025-08-07 01:00:00,1.16525,1.16629,1.16495,1.16578,2404
2025-08-07 02:00:00,1.16578,1.16652,1.16560,1.16576,1570
2025-08-07 03:00:00,1.16576,1.16654,1.16532,1.16645,1529
2025-08-07 04:00:00,1.16645,1.16766,1.16630,1.16712,1714
2025-08-07 05:00:00,1.16712,1.16764,1.16684,1.16751,1786
2025-08-07 06:00:00,1.16751,1.16798,1.16681,1.16760,2734
2025-08-07 07:00:00,1.16760,1.16913,1.16733,1.16896,3265
2025-08-07 08:00:00,1.16896,1.16990,1.16755,1.16828,4384
2025-08-07 09:00:00,1.16828,1.16848,1.16705,1.16706,2487
2025-08-07 10:00:00,1.16706,1.16717,1.16614,1.16703,2996
2025-08-07 11:00:00,1.16703,1.16767,1.16341,1.16447,6029
2025-08-07 12:00:00,1.16447,1.16629,1.16375,1.16512,5958
2025-08-07 13:00:00,1.16511,1.16586,1.16379,1.16429,6497
2025-08-07 14:00:00,1.16429,1.16499,1.16141,1.16243,8735
2025-08-07 15:00:00,1.16244,1.16419,1.16110,1.16399,4723
2025-08-07 16:00:00,1.16399,1.16446,1.16351,1.16382,2044
2025-08-07 17:00:00,1.16382,1.16397,1.16322,1.16331,2433
2025-08-07 18:00:00,1.16331,1.16371,1.16214,1.16220,2018
2025-08-07 19:00:00,1.16221,1.16567,1.16191,1.16544,4173
2025-08-07 20:00:00,1.16544,1.16713,1.16530,1.16644,2110
2025-08-07 21:00:00,1.16603,1.16681,1.16593,1.16646,891
2025-08-07 22:00:00,1.16646,1.16746,1.16645,1.16725,1284
2025-08-07 23:00:00,1.16725,1.16783,1.16700,1.16768,1489
2025-08-08 00:00:00,1.16768,1.16793,1.16671,1.16727,2775
2025-08-08 01:00:00,1.16727,1.16738,1.16552,1.16573,2780
2025-08-08 02:00:00,1.16573,1.16651,1.16573,1.16608,1644
2025-08-08 03:00:00,1.16608,1.16612,1.16550,1.16598,1663
2025-08-08 04:00:00,1.16598,1.16633,1.16575,1.16583,1421
2025-08-08 05:00:00,1.16583,1.16600,1.16389,1.16410,2284
2025-08-08 06:00:00,1.16411,1.16529,1.16402,1.16502,2053
2025-08-08 07:00:00,1.16502,1.16646,1.16486,1.16592,3204
2025-08-08 08:00:00,1.16592,1.16629,1.16344,1.16371,3401
2025-08-08 09:00:00,1.16371,1.16439,1.16299,1.16417,3158
2025-08-08 10:00:00,1.16417,1.16475,1.16288,1.16357,2577
2025-08-08 11:00:00,1.16357,1.16494,1.16351,1.16439,2666
2025-08-08 12:00:00,1.16439,1.16537,1.16378,1.16418,3948
2025-08-08 13:00:00,1.16418,1.16554,1.16415,1.16487,3989
2025-08-08 14:00:00,1.16486,1.16630,1.16459,1.16562,4508
2025-08-08 15:00:00,1.16562,1.16679,1.16544,1.16598,3187
2025-08-08 16:00:00,1.16598,1.16630,1.16497,1.16564,2317
2025-08-08 17:00:00,1.16564,1.16668,1.16536,1.16589,1715
2025-08-08 18:00:00,1.16589,1.16627,1.16479,1.16558,2805
2025-08-08 19:00:00,1.16559,1.16561,1.16365,1.16424,2341
2025-08-08 20:00:00,1.16424,1.16437,1.16384,1.16404,1562
2025-08-10 21:00:00,1.16406,1.16481,1.16406,1.16448,546
2025-08-10 22:00:00,1.16448,1.16512,1.16424,1.16468,825
2025-08-10 23:00:00,1.16468,1.16507,1.16445,1.16474,741
2025-08-11 00:00:00,1.16474,1.16485,1.16420,1.16474,1538
2025-08-11 01:00:00,1.16473,1.16588,1.16455,1.16588,1551
2025-08-11 02:00:00,1.16588,1.16685,1.16588,1.16660,1400
2025-08-11 03:00:00,1.16660,1.16753,1.16648,1.16713,1215
2025-08-11 04:00:00,1.16713,1.16754,1.16707,1.16720,849
2025-08-11 05:00:00,1.16720,1.16725,1.16673,1.16691,1571
2025-08-11 06:00:00,1.16691,1.16739,1.16631,1.16642,1905
2025-08-11 07:00:00,1.16642,1.16659,1.16460,1.16472,2857
2025-08-11 08:00:00,1.16472,1.16605,1.16442,1.16548,2440
2025-08-11 09:00:00,1.16548,1.16581,1.16383,1.16414,2289
2025-08-11 10:00:00,1.16414,1.16479,1.16407,1.16470,1694
2025-08-11 11:00:00,1.16470,1.16470,1.16230,1.16288,3050
2025-08-11 12:00:00,1.16288,1.16311,1.16141,1.16202,3570
2025-08-11 13:00:00,1.16202,1.16278,1.16160,1.16196,3416
2025-08-11 14:00:00,1.16196,1.16204,1.15904,1.15958,4781
2025-08-11 15:00:00,1.15958,1.16071,1.15901,1.16066,3420
2025-08-11 16:00:00,1.16066,1.16119,1.16018,1.16076,2061
2025-08-11 17:00:00,1.16076,1.16124,1.15985,1.16109,1767
2025-08-11 18:00:00,1.16109,1.16144,1.16071,1.16122,1632
2025-08-11 19:00:00,1.16122,1.16128,1.16022,1.16050,1282
2025-08-11 20:00:00,1.16050,1.16194,1.16041,1.16147,1066
2025-08-11 21:00:00,1.16086,1.16153,1.16086,1.16145,784
2025-08-11 22:00:00,1.16150,1.16184,1.16104,1.16130,691
2025-08-11 23:00:00,1.16130,1.16176,1.16127,1.16163,747
2025-08-12 00:00:00,1.16163,1.16199,1.16117,1.16153,2001
2025-08-12 01:00:00,1.16153,1.16254,1.16145,1.16192,1722
2025-08-12 02:00:00,1.16192,1.16256,1.16175,1.16228,1067
2025-08-12 03:00:00,1.16228,1.16243,1.16184,1.16207,1077
2025-08-12 04:00:00,1.16206,1.16279,1.16158,1.16276,1407
2025-08-12 05:00:00,1.16276,1.16290,1.16131,1.16137,2710
2025-08-12 06:00:00,1.16137,1.16185,1.16081,1.16090,3172
2025-08-12 07:00:00,1.16090,1.16239,1.16080,1.16203,3210
2025-08-12 08:00:00,1.16203,1.16224,1.16118,1.16150,2458
2025-08-12 09:00:00,1.16150,1.16184,1.16003,1.16064,2654
2025-08-12 10:00:00,1.16064,1.16132,1.16057,1.16103,2035
2025-08-12 11:00:00,1.16103,1.16111,1.15987,1.16052,2525
2025-08-12 12:00:00,1.16052,1.16558,1.16013,1.16425,11687
2025-08-12 13:00:00,1.16425,1.16678,1.16174,1.16521,12830
2025-08-12 14:00:00,1.16521,1.16628,1.16418,1.16580,7582
2025-08-12 15:00:00,1.16580,1.16973,1.16563,1.16722,6718
2025-08-12 16:00:00,1.16722,1.16859,1.16655,1.16798,3702
2025-08-12 17:00:00,1.16797,1.16805,1.16711,1.16732,2747
2025-08-12 18:00:00,1.16732,1.16787,1.16646,1.16688,2108
2025-08-12 19:00:00,1.16688,1.16757,1.16646,1.16747,1569
2025-08-12 20:00:00,1.16747,1.16769,1.16716,1.16741,1193
2025-08-12 21:00:00,1.16725,1.16740,1.16689,1.16732,610
2025-08-12 22:00:00,1.16737,1.16775,1.16729,1.16765,850
2025-08-12 23:00:00,1.16765,1.16792,1.16754,1.16776,562
2025-08-13 00:00:00,1.16776,1.16806,1.16708,1.16798,1535
2025-08-13 01:00:00,1.16798,1.16866,1.16759,1.16771,1959
2025-08-13 02:00:00,1.16771,1.16859,1.16706,1.16819,1684
2025-08-13 03:00:00,1.16819,1.16876,1.16795,1.16838,1002
2025-08-13 04:00:00,1.16838,1.16862,1.16817,1.16842,1000
2025-08-13 05:00:00,1.16842,1.16852,1.16764,1.16791,1752
2025-08-13 06:00:00,1.16791,1.16970,1.16790,1.16923,2988
2025-08-13 07:00:00,1.16923,1.17128,1.16915,1.17080,3890
2025-08-13 08:00:00,1.17080,1.17207,1.17068,1.17141,3405
2025-08-13 09:00:00,1.17141,1.17303,1.17141,1.17294,2526
2025-08-13 10:00:00,1.17294,1.17303,1.17163,1.17164,2352
2025-08-13 11:00:00,1.17164,1.17192,1.17079,1.17191,2495
2025-08-13 12:00:00,1.17191,1.17217,1.16973,1.16989,3318
2025-08-13 13:00:00,1.16989,1.17071,1.16928,1.17046,4195
2025-08-13 14:00:00,1.17046,1.17236,1.17028,1.17201,4919
2025-08-13 15:00:00,1.17201,1.17226,1.17083,1.17137,3966
2025-08-13 16:00:00,1.17136,1.17151,1.17064,1.17068,2179
2025-08-13 17:00:00,1.17068,1.17109,1.17028,1.17039,2003
2025-08-13 18:00:00,1.17039,1.17043,1.16959,1.17004,1687
2025-08-13 19:00:00,1.17004,1.17041,1.16973,1.16995,1289
2025-08-13 20:00:00,1.16994,1.17068,1.16990,1.17052,1267
2025-08-13 21:00:00,1.17023,1.17065,1.16999,1.17042,870
2025-08-13 22:00:00,1.17053,1.17082,1.17040,1.17081,498
2025-08-13 23:00:00,1.17081,1.17126,1.17075,1.17125,564
2025-08-14 00:00:00,1.17125,1.17149,1.17091,1.17112,1506
2025-08-14 01:00:00,1.17112,1.17153,1.17090,1.17129,1920
2025-08-14 02:00:00,1.17129,1.17129,1.16988,1.17049,1786
2025-08-14 03:00:00,1.17049,1.17052,1.16995,1.17037,1306
2025-08-14 04:00:00,1.17037,1.17065,1.17016,1.17040,1016
2025-08-14 05:00:00,1.17040,1.17040,1.16969,1.17014,1412
2025-08-14 06:00:00,1.17014,1.17066,1.16849,1.16851,3234
2025-08-14 07:00:00,1.16851,1.16928,1.16778,1.16800,4049
2025-08-14 08:00:00,1.16800,1.16852,1.16678,1.16684,3006
2025-08-14 09:00:00,1.16684,1.16870,1.16683,1.16818,2705
2025-08-14 10:00:00,1.16818,1.16973,1.16813,1.16954,2829
2025-08-14 11:00:00,1.16954,1.16964,1.16828,1.16881,2692
2025-08-14 12:00:00,1.16883,1.16925,1.16491,1.16638,8338
2025-08-14 13:00:00,1.16638,1.16715,1.16491,1.16501,6551
2025-08-14 14:00:00,1.16501,1.16665,1.16376,1.16610,5336
2025-08-14 15:00:00,1.16610,1.16622,1.16375,1.16431,4731
2025-08-14 16:00:00,1.16431,1.16453,1.16311,1.16344,3331
2025-08-14 17:00:00,1.16344,1.16438,1.16314,1.16367,2127
2025-08-14 18:00:00,1.16367,1.16424,1.16330,1.16415,1845
2025-08-14 19:00:00,1.16415,1.16504,1.16415,1.16482,1527
2025-08-14 20:00:00,1.16482,1.16503,1.16448,1.16471,1016
2025-08-14 21:00:00,1.16479,1.16506,1.16472,1.16506,381
2025-08-14 22:00:00,1.16505,1.16530,1.16482,1.16499,587
2025-08-14 23:00:00,1.16499,1.16531,1.16460,1.16505,641
2025-08-15 00:00:00,1.16505,1.16531,1.16468,1.16521,1208
2025-08-15 01:00:00,1.16521,1.16581,1.16482,1.16529,1568
2025-08-15 02:00:00,1.16529,1.16578,1.16495,1.16568,1312
2025-08-15 03:00:00,1.16568,1.16647,1.16567,1.16601,1190
2025-08-15 04:00:00,1.16601,1.16637,1.16590,1.16629,662
2025-08-15 05:00:00,1.16629,1.16713,1.16613,1.16710,1288
2025-08-15 06:00:00,1.16710,1.16748,1.16652,1.16720,2131
2025-08-15 07:00:00,1.16720,1.16842,1.16719,1.16828,2738
2025-08-15 08:00:00,1.16828,1.16853,1.16766,1.16823,2179
2025-08-15 09:00:00,1.16823,1.16899,1.16803,1.16877,1973
2025-08-15 10:00:00,1.16877,1.16915,1.16806,1.16858,1794
2025-08-15 11:00:00,1.16858,1.16918,1.16816,1.16877,1818
2025-08-15 12:00:00,1.16877,1.17001,1.16732,1.16940,5090
2025-08-15 13:00:00,1.16940,1.17083,1.16818,1.17027,5452
2025-08-15 14:00:00,1.17027,1.17154,1.17008,1.17117,5396
2025-08-15 15:00:00,1.17117,1.17150,1.17032,1.17069,3165
2025-08-15 16:00:00,1.17069,1.17082,1.16995,1.17038,1980
2025-08-15 17:00:00,1.17038,1.17059,1.16993,1.17044,1691
2025-08-15 18:00:00,1.17044,1.17066,1.16986,1.17025,1662
2025-08-15 19:00:00,1.17025,1.17035,1.16999,1.17009,1236
2025-08-15 20:00:00,1.17009,1.17081,1.17001,1.17029,1160
2025-08-17 21:00:00,1.17098,1.17139,1.17082,1.17131,560
2025-08-17 22:00:00,1.17132,1.17157,1.17099,1.17137,851
2025-08-17 23:00:00,1.17140,1.17145,1.17036,1.17063,896
2025-08-18 00:00:00,1.17063,1.17106,1.17003,1.17017,1785
2025-08-18 01:00:00,1.17016,1.17047,1.16936,1.17032,1813
2025-08-18 02:00:00,1.17032,1.17055,1.16974,1.17013,1388
2025-08-18 03:00:00,1.17013,1.17048,1.16997,1.17036,1181
2025-08-18 04:00:00,1.17036,1.17105,1.17028,1.17085,1285
2025-08-18 05:00:00,1.17085,1.17090,1.17012,1.17059,1538
2025-08-18 06:00:00,1.17059,1.17079,1.16935,1.16965,2529
2025-08-18 07:00:00,1.16967,1.17034,1.16801,1.16814,3324
2025-08-18 08:00:00,1.16814,1.16876,1.16710,1.16819,3518
2025-08-18 09:00:00,1.16819,1.16861,1.16731,1.16802,2606
2025-08-18 10:00:00,1.16797,1.16831,1.16775,1.16810,2158
2025-08-18 11:00:00,1.16810,1.16884,1.16716,1.16749,2462
2025-08-18 12:00:00,1.16749,1.16791,1.16661,1.16765,2956
2025-08-18 13:00:00,1.16765,1.16779,1.16696,1.16779,3122
2025-08-18 14:00:00,1.16779,1.16845,1.16604,1.16642,4249
2025-08-18 15:00:00,1.16642,1.16749,1.16609,1.16672,2971
2025-08-18 16:00:00,1.16672,1.16674,1.16560,1.16579,2540
2025-08-18 17:00:00,1.16579,1.16667,1.16568,1.16628,1899
2025-08-18 18:00:00,1.16628,1.16680,1.16585,1.16601,1574
2025-08-18 19:00:00,1.16600,1.16705,1.16600,1.16671,1371
2025-08-18 20:00:00,1.16671,1.16694,1.16596,1.16603,1230
2025-08-18 21:00:00,1.16587,1.16609,1.16587,1.16603,114
2025-08-18 22:00:00,1.16610,1.16752,1.16604,1.16695,1032
2025-08-18 23:00:00,1.16695,1.16697,1.16620,1.16681,812
2025-08-19 00:00:00,1.16681,1.16701,1.16555,1.16585,1675
2025-08-19 01:00:00,1.16585,1.16622,1.16391,1.16495,2766
2025-08-19 02:00:00,1.16495,1.16561,1.16471,1.16529,1588
2025-08-19 03:00:00,1.16529,1.16590,1.16503,1.16550,1519
2025-08-19 04:00:00,1.16550,1.16619,1.16536,1.16608,1030
2025-08-19 05:00:00,1.16608,1.16659,1.16540,1.16553,1517
2025-08-19 06:00:00,1.16553,1.16748,1.16510,1.16745,2666
2025-08-19 07:00:00,1.16745,1.16844,1.16736,1.16837,3166
2025-08-19 08:00:00,1.16837,1.16845,1.16716,1.16750,2464
2025-08-19 09:00:00,1.16750,1.16822,1.16727,1.16802,2133
2025-08-19 10:00:00,1.16802,1.16922,1.16790,1.16888,1910
2025-08-19 11:00:00,1.16888,1.16929,1.16800,1.16857,2070
2025-08-19 12:00:00,1.16857,1.16881,1.16732,1.16755,3458
2025-08-19 13:00:00,1.16755,1.16784,1.16682,1.16764,3691
2025-08-19 14:00:00,1.16762,1.16776,1.16640,1.16721,3603
2025-08-19 15:00:00,1.16722,1.16754,1.16574,1.16586,3018
2025-08-19 16:00:00,1.16586,1.16633,1.16545,1.16564,2322
2025-08-19 17:00:00,1.16564,1.16608,1.16529,1.16546,1605
2025-08-19 18:00:00,1.16546,1.16547,1.16423,1.16473,1618
2025-08-19 19:00:00,1.16473,1.16482,1.16426,1.16465,1297
2025-08-19 20:00:00,1.16465,1.16480,1.16448,1.16464,1164
2025-08-19 21:00:00,1.16434,1.16486,1.16423,1.16448,698
2025-08-19 22:00:00,1.16448,1.16491,1.16446,1.16483,680
2025-08-19 23:00:00,1.16483,1.16486,1.16407,1.16414,632
2025-08-20 00:00:00,1.16413,1.16424,1.16314,1.16387,1964
2025-08-20 01:00:00,1.16387,1.16422,1.16271,1.16275,2251
2025-08-20 02:00:00,1.16275,1.16298,1.16222,1.16265,2684
2025-08-20 03:00:00,1.16265,1.16365,1.16265,1.16331,1752
2025-08-20 04:00:00,1.16331,1.16382,1.16324,1.16345,1006
2025-08-20 05:00:00,1.16345,1.16402,1.16324,1.16393,1283
2025-08-20 06:00:00,1.16393,1.16424,1.16233,1.16335,3819
2025-08-20 07:00:00,1.16335,1.16470,1.16334,1.16448,3342
2025-08-20 08:00:00,1.16447,1.16466,1.16314,1.16379,2813
2025-08-20 09:00:00,1.16378,1.16461,1.16349,1.16450,2289
2025-08-20 10:00:00,1.16449,1.16575,1.16434,1.16469,2234
2025-08-20 11:00:00,1.16470,1.16499,1.16402,1.16419,2150
2025-08-20 12:00:00,1.16421,1.16739,1.16421,1.16709,4114
2025-08-20 13:00:00,1.16707,1.16719,1.16558,1.16587,4127
2025-08-20 14:00:00,1.16588,1.16690,1.16484,1.16629,5113
2025-08-20 15:00:00,1.16630,1.16631,1.16462,1.16481,3357
2025-08-20 16:00:00,1.16484,1.16617,1.16479,1.16598,2585
2025-08-20 17:00:00,1.16597,1.16725,1.16591,1.16715,2487
2025-08-20 18:00:00,1.16715,1.16715,1.16546,1.16548,2860
2025-08-20 19:00:00,1.16547,1.16585,1.16524,1.16528,1651
2025-08-20 20:00:00,1.16528,1.16530,1.16469,1.16509,1357
2025-08-20 21:00:00,1.16502,1.16529,1.16475,1.16490,878
2025-08-20 22:00:00,1.16484,1.16552,1.16483,1.16526,946
2025-08-20 23:00:00,1.16525,1.16536,1.16480,1.16510,980
2025-08-21 00:00:00,1.16509,1.16516,1.16411,1.16468,2158
2025-08-21 01:00:00,1.16468,1.16504,1.16411,1.16460,2555
2025-08-21 02:00:00,1.16458,1.16496,1.16433,1.16466,1845
2025-08-21 03:00:00,1.16467,1.16487,1.16415,1.16460,1467
2025-08-21 04:00:00,1.16460,1.16482,1.16426,1.16452,1211
2025-08-21 05:00:00,1.16453,1.16494,1.16415,1.16493,1921
2025-08-21 06:00:00,1.16494,1.16497,1.16258,1.16299,2809
2025-08-21 07:00:00,1.16300,1.16612,1.16248,1.16584,3625
2025-08-21 08:00:00,1.16579,1.16595,1.16500,1.16549,2714
2025-08-21 09:00:00,1.16548,1.16627,1.16536,1.16547,2235
2025-08-21 10:00:00,1.16546,1.16566,1.16481,1.16493,1932
2025-08-21 11:00:00,1.16496,1.16573,1.16394,1.16404,2575
2025-08-21 12:00:00,1.16405,1.16564,1.16365,1.16466,4247
2025-08-21 13:00:00,1.16463,1.16500,1.16156,1.16212,5890
2025-08-21 14:00:00,1.16211,1.16294,1.16058,1.16157,6261
2025-08-21 15:00:00,1.16155,1.16260,1.16009,1.16043,5702
2025-08-21 16:00:00,1.16044,1.16118,1.16014,1.16110,2538
2025-08-21 17:00:00,1.16110,1.16186,1.16110,1.16149,2094
2025-08-21 18:00:00,1.16149,1.16169,1.16068,1.16096,2044
2025-08-21 19:00:00,1.16096,1.16100,1.16037,1.16050,1618
2025-08-21 20:00:00,1.16050,1.16084,1.16034,1.16051,1020
2025-08-21 21:00:00,1.16014,1.16092,1.16014,1.16045,1786
2025-08-21 22:00:00,1.16046,1.16135,1.16042,1.16132,805
2025-08-21 23:00:00,1.16130,1.16148,1.16091,1.16126,876
2025-08-22 00:00:00,1.16125,1.16166,1.16104,1.16147,1768
2025-08-22 01:00:00,1.16148,1.16156,1.16039,1.16080,2011
2025-08-22 02:00:00,1.16079,1.16142,1.16047,1.16087,1745
2025-08-22 03:00:00,1.16087,1.16089,1.15886,1.15897,2062
2025-08-22 04:00:00,1.15898,1.15940,1.15828,1.15845,1858
2025-08-22 05:00:00,1.15843,1.15890,1.15832,1.15868,1713
2025-08-22 06:00:00,1.15865,1.15952,1.15834,1.15884,2474
2025-08-22 07:00:00,1.15885,1.15989,1.15882,1.15945,2418
2025-08-22 08:00:00,1.15945,1.15997,1.15911,1.15993,2017
2025-08-22 09:00:00,1.15993,1.16023,1.15953,1.15964,1968
2025-08-22 10:00:00,1.15963,1.16000,1.15933,1.15959,1827
2025-08-22 11:00:00,1.15960,1.16064,1.15948,1.16044,2527
2025-08-22 12:00:00,1.16046,1.16137,1.16046,1.16086,2618
2025-08-22 13:00:00,1.16087,1.16190,1.15975,1.16004,3673
2025-08-22 14:00:00,1.16037,1.17200,1.16027,1.17181,18568
2025-08-22 15:00:00,1.17181,1.17323,1.17122,1.17122,6977
2025-08-22 16:00:00,1.17121,1.17265,1.17120,1.17218,4713
2025-08-22 17:00:00,1.17219,1.17425,1.17219,1.17366,3660
2025-08-22 18:00:00,1.17363,1.17394,1.17210,1.17211,2523
2025-08-22 19:00:00,1.17213,1.17225,1.17148,1.17199,2281
2025-08-22 20:00:00,1.17199,1.17266,1.17179,1.17210,1325
2025-08-24 21:00:00,1.17217,1.17258,1.17210,1.17214,321
2025-08-24 22:00:00,1.17226,1.17233,1.17105,1.17127,1384
2025-08-24 23:00:00,1.17128,1.17144,1.17072,1.17082,1235
2025-08-25 00:00:00,1.17083,1.17083,1.16953,1.16979,2185
2025-08-25 01:00:00,1.16979,1.17037,1.16934,1.16964,2101
2025-08-25 02:00:00,1.16964,1.17001,1.16937,1.16969,1649
2025-08-25 03:00:00,1.16970,1.17076,1.16969,1.17067,1403
2025-08-25 04:00:00,1.17069,1.17078,1.17033,1.17057,1139
2025-08-25 05:00:00,1.17055,1.17055,1.16982,1.17004,1438
2025-08-25 06:00:00,1.17004,1.17204,1.17004,1.17147,2809
2025-08-25 07:00:00,1.17148,1.17181,1.16942,1.16978,2595
2025-08-25 08:00:00,1.16980,1.17109,1.16975,1.17040,2216
2025-08-25 09:00:00,1.17040,1.17046,1.16899,1.16932,1758
2025-08-25 10:00:00,1.16933,1.16972,1.16851,1.16876,1900
2025-08-25 11:00:00,1.16877,1.17031,1.16875,1.17027,1873
2025-08-25 12:00:00,1.17028,1.17036,1.16936,1.16997,2247
2025-08-25 13:00:00,1.16996,1.17090,1.16945,1.17029,2625
2025-08-25 14:00:00,1.17028,1.17056,1.16891,1.16900,3907
2025-08-25 15:00:00,1.16901,1.16915,1.16652,1.16692,3954
2025-08-25 16:00:00,1.16692,1.16694,1.16512,1.16548,3192
2025-08-25 17:00:00,1.16549,1.16559,1.16409,1.16468,2790
2025-08-25 18:00:00,1.16468,1.16484,1.16188,1.16204,3166
2025-08-25 19:00:00,1.16203,1.16214,1.16028,1.16095,3436
2025-08-25 20:00:00,1.16095,1.16253,1.16094,1.16155,1704
2025-08-25 21:00:00,1.16150,1.16193,1.16139,1.16189,903
2025-08-25 22:00:00,1.16198,1.16226,1.16181,1.16204,1035
2025-08-25 23:00:00,1.16204,1.16211,1.16122,1.16144,1095
2025-08-26 00:00:00,1.16144,1.16600,1.16101,1.16478,7699
2025-08-26 01:00:00,1.16477,1.16500,1.16349,1.16418,3730
2025-08-26 02:00:00,1.16417,1.16472,1.16324,1.16365,2560
2025-08-26 03:00:00,1.16365,1.16365,1.16238,1.16257,2190
2025-08-26 04:00:00,1.16257,1.16323,1.16235,1.16319,1684
2025-08-26 05:00:00,1.16319,1.16444,1.16294,1.16413,2163
2025-08-26 06:00:00,1.16409,1.16411,1.16132,1.16221,4386
2025-08-26 07:00:00,1.16219,1.16286,1.16021,1.16216,4884
2025-08-26 08:00:00,1.16217,1.16250,1.16057,1.16179,3722
2025-08-26 09:00:00,1.16178,1.16435,1.16176,1.16426,3208
2025-08-26 10:00:00,1.16427,1.16475,1.16370,1.16448,2298
2025-08-26 11:00:00,1.16449,1.16606,1.16413,1.16537,2668
2025-08-26 12:00:00,1.16539,1.16598,1.16449,1.16460,4210
2025-08-26 13:00:00,1.16463,1.16565,1.16371,1.16513,4650
2025-08-26 14:00:00,1.16513,1.16652,1.16435,1.16546,5051
2025-08-26 15:00:00,1.16546,1.16638,1.16486,1.16556,3628
2025-08-26 16:00:00,1.16558,1.16616,1.16484,1.16488,2640
2025-08-26 17:00:00,1.16489,1.16527,1.16376,1.16377,2440
2025-08-26 18:00:00,1.16378,1.16475,1.16335,1.16436,2205
2025-08-26 19:00:00,1.16434,1.16487,1.16396,1.16406,1870
2025-08-26 20:00:00,1.16404,1.16431,1.16335,1.16419,1306
2025-08-26 21:00:00,1.16414,1.16464,1.16409,1.16438,1014
2025-08-26 22:00:00,1.16438,1.16477,1.16407,1.16429,852
2025-08-26 23:00:00,1.16429,1.16438,1.16368,1.16370,917
2025-08-27 00:00:00,1.16371,1.16418,1.16336,1.16367,1729
2025-08-27 01:00:00,1.16368,1.16407,1.16305,1.16337,2218
2025-08-27 02:00:00,1.16338,1.16341,1.16244,1.16312,1592
2025-08-27 03:00:00,1.16312,1.16329,1.16215,1.16251,1318
2025-08-27 04:00:00,1.16253,1.16253,1.16119,1.16142,1337
2025-08-27 05:00:00,1.16141,1.16205,1.16134,1.16202,1498
2025-08-27 06:00:00,1.16200,1.16239,1.16144,1.16208,2175
2025-08-27 07:00:00,1.16208,1.16219,1.15960,1.16034,3163
2025-08-27 08:00:00,1.16034,1.16036,1.15771,1.15888,3818
2025-08-27 09:00:00,1.15888,1.15948,1.15863,1.15902,2268
2025-08-27 10:00:00,1.15901,1.15925,1.15787,1.15794,2116
2025-08-27 11:00:00,1.15794,1.15897,1.15740,1.15860,2753
2025-08-27 12:00:00,1.15860,1.15983,1.15843,1.15865,3770
2025-08-27 13:00:00,1.15864,1.16038,1.15843,1.15978,4503
2025-08-27 14:00:00,1.15979,1.16028,1.15821,1.15924,4792
2025-08-27 15:00:00,1.15923,1.16122,1.15921,1.16107,3997
2025-08-27 16:00:00,1.16108,1.16407,1.16106,1.16381,3503
2025-08-27 17:00:00,1.16381,1.16428,1.16325,1.16376,2639
2025-08-27 18:00:00,1.16377,1.16382,1.16277,1.16306,2159
2025-08-27 19:00:00,1.16305,1.16351,1.16290,1.16337,1897
2025-08-27 20:00:00,1.16338,1.16390,1.16313,1.16381,1243
2025-08-27 21:00:00,1.16324,1.16376,1.16304,1.16355,546
2025-08-27 22:00:00,1.16369,1.16440,1.16357,1.16435,1056
2025-08-27 23:00:00,1.16437,1.16477,1.16424,1.16476,994
2025-08-28 00:00:00,1.16477,1.16494,1.16424,1.16454,1723
2025-08-28 01:00:00,1.16455,1.16504,1.16412,1.16451,1906
2025-08-28 02:00:00,1.16452,1.16546,1.16445,1.16527,1802
2025-08-28 03:00:00,1.16528,1.16543,1.16422,1.16430,1356
2025-08-28 04:00:00,1.16430,1.16440,1.16386,1.16398,1343
2025-08-28 05:00:00,1.16397,1.16408,1.16356,1.16373,1552
2025-08-28 06:00:00,1.16372,1.16452,1.16338,1.16429,2570
2025-08-28 07:00:00,1.16429,1.16495,1.16337,1.16437,3391
2025-08-28 08:00:00,1.16435,1.16455,1.16289,1.16423,3035
2025-08-28 09:00:00,1.16424,1.16545,1.16424,1.16488,2517
2025-08-28 10:00:00,1.16487,1.16748,1.16480,1.16714,2805
2025-08-28 11:00:00,1.16710,1.16736,1.16593,1.16664,2889
2025-08-28 12:00:00,1.16665,1.16871,1.16623,1.16696,6570
2025-08-28 13:00:00,1.16695,1.16772,1.16585,1.16720,5410
2025-08-28 14:00:00,1.16721,1.16861,1.16659,1.16703,5222
2025-08-28 15:00:00,1.16704,1.16753,1.16610,1.16719,3737
2025-08-28 16:00:00,1.16719,1.16901,1.16718,1.16893,2346
2025-08-28 17:00:00,1.16894,1.16973,1.16867,1.16878,2423
2025-08-28 18:00:00,1.16878,1.16903,1.16846,1.16889,1775
2025-08-28 19:00:00,1.16890,1.16900,1.16821,1.16825,1570
2025-08-28 20:00:00,1.16826,1.16832,1.16775,1.16827,1218
2025-08-28 21:00:00,1.16809,1.16811,1.16761,1.16777,1060
2025-08-28 22:00:00,1.16774,1.16807,1.16733,1.16742,1555
2025-08-28 23:00:00,1.16739,1.16818,1.16738,1.16784,975
2025-08-29 00:00:00,1.16784,1.16821,1.16727,1.16748,2143
2025-08-29 01:00:00,1.16747,1.16763,1.16559,1.16589,2702
2025-08-29 02:00:00,1.16589,1.16649,1.16588,1.16619,2046
2025-08-29 03:00:00,1.16621,1.16648,1.16597,1.16626,1427
2025-08-29 04:00:00,1.16625,1.16648,1.16583,1.16647,1171
2025-08-29 05:00:00,1.16648,1.16702,1.16611,1.16699,1539
2025-08-29 06:00:00,1.16698,1.16704,1.16612,1.16669,2683
2025-08-29 07:00:00,1.16667,1.16770,1.16626,1.16760,3314
2025-08-29 08:00:00,1.16759,1.16903,1.16695,1.16757,3808
2025-08-29 09:00:00,1.16757,1.16826,1.16689,1.16729,2916
2025-08-29 10:00:00,1.16729,1.16746,1.16649,1.16676,2503
2025-08-29 11:00:00,1.16677,1.16682,1.16610,1.16630,2161
2025-08-29 12:00:00,1.16631,1.16640,1.16508,1.16586,4514
2025-08-29 13:00:00,1.16587,1.16731,1.16536,1.16681,4447
2025-08-29 14:00:00,1.16693,1.17051,1.16685,1.17043,6939
2025-08-29 15:00:00,1.17044,1.17087,1.16943,1.16943,4559
2025-08-29 16:00:00,1.16944,1.17071,1.16935,1.17015,3071
2025-08-29 17:00:00,1.17013,1.17029,1.16961,1.16963,2020
2025-08-29 18:00:00,1.16963,1.16995,1.16932,1.16985,1785
2025-08-29 19:00:00,1.16984,1.16996,1.16930,1.16980,1574
2025-08-29 20:00:00,1.16981,1.17006,1.16808,1.16869,1475
2025-08-31 21:00:00,1.16943,1.16947,1.16851,1.16872,508
2025-08-31 22:00:00,1.16876,1.16909,1.16860,1.16888,1069
2025-08-31 23:00:00,1.16889,1.16905,1.16867,1.16903,1058
2025-09-01 00:00:00,1.16901,1.16981,1.16896,1.16970,1778
2025-09-01 01:00:00,1.16970,1.16973,1.16878,1.16948,2233
2025-09-01 02:00:00,1.16949,1.17137,1.16948,1.17115,2229
2025-09-01 03:00:00,1.17116,1.17144,1.17045,1.17081,1415
2025-09-01 04:00:00,1.17081,1.17101,1.17046,1.17082,1179
2025-09-01 05:00:00,1.17080,1.17155,1.17080,1.17142,1431
2025-09-01 06:00:00,1.17133,1.17334,1.17132,1.17252,3088
2025-09-01 07:00:00,1.17252,1.17279,1.17150,1.17254,3094
2025-09-01 08:00:00,1.17253,1.17362,1.17159,1.17352,2897
2025-09-01 09:00:00,1.17351,1.17361,1.17185,1.17194,2584
2025-09-01 10:00:00,1.17194,1.17263,1.17180,1.17194,1989
2025-09-01 11:00:00,1.17195,1.17294,1.17128,1.17146,2331
2025-09-01 12:00:00,1.17145,1.17179,1.17063,1.17075,2626
2025-09-01 13:00:00,1.17074,1.17163,1.17050,1.17077,2809
2025-09-01 14:00:00,1.17076,1.17141,1.17054,1.17108,2908
2025-09-01 15:00:00,1.17107,1.17114,1.16995,1.16996,2028
2025-09-01 16:00:00,1.16995,1.17046,1.16966,1.17046,1658
2025-09-01 17:00:00,1.17046,1.17052,1.17011,1.17043,897
2025-09-01 18:00:00,1.17042,1.17076,1.17038,1.17074,710
2025-09-01 19:00:00,1.17076,1.17137,1.17076,1.17129,941
2025-09-01 20:00:00,1.17130,1.17135,1.17105,1.17107,817
2025-09-01 21:00:00,1.17059,1.17082,1.17036,1.17074,810
2025-09-01 22:00:00,1.17074,1.17133,1.17073,1.17110,678
2025-09-01 23:00:00,1.17111,1.17182,1.17107,1.17147,829
2025-09-02 00:00:00,1.17147,1.17154,1.17031,1.17042,1922
2025-09-02 01:00:00,1.17042,1.17070,1.16991,1.17037,2700
2025-09-02 02:00:00,1.17038,1.17043,1.16929,1.16984,1945
2025-09-02 03:00:00,1.16983,1.16993,1.16928,1.16951,1401
2025-09-02 04:00:00,1.16951,1.16960,1.16898,1.16933,1201
2025-09-02 05:00:00,1.16934,1.16970,1.16870,1.16942,1618
2025-09-02 06:00:00,1.16946,1.17063,1.16946,1.17028,2619
2025-09-02 07:00:00,1.17029,1.17064,1.16428,1.16458,7865
2025-09-02 08:00:00,1.16461,1.16557,1.16336,1.16447,6867
2025-09-02 09:00:00,1.16448,1.16483,1.16237,1.16376,4931
2025-09-02 10:00:00,1.16383,1.16419,1.16266,1.16318,4219
2025-09-02 11:00:00,1.16317,1.16496,1.16279,1.16466,4309
2025-09-02 12:00:00,1.16467,1.16530,1.16128,1.16172,6130
2025-09-02 13:00:00,1.16173,1.16514,1.16150,1.16501,6082
2025-09-02 14:00:00,1.16503,1.16825,1.16503,1.16623,8484
2025-09-02 15:00:00,1.16625,1.16684,1.16493,1.16525,4774
2025-09-02 16:00:00,1.16526,1.16548,1.16428,1.16440,3162
2025-09-02 17:00:00,1.16441,1.16480,1.16413,1.16423,2217
2025-09-02 18:00:00,1.16422,1.16434,1.16295,1.16335,2651
2025-09-02 19:00:00,1.16336,1.16413,1.16320,1.16413,1902
2025-09-02 20:00:00,1.16416,1.16432,1.16365,1.16365,1120
2025-09-02 21:00:00,1.16432,1.16432,1.16357,1.16406,842
2025-09-02 22:00:00,1.16417,1.16445,1.16364,1.16367,680
2025-09-02 23:00:00,1.16369,1.16376,1.16325,1.16327,624
2025-09-03 00:00:00,1.16327,1.16363,1.16287,1.16329,1511
2025-09-03 01:00:00,1.16329,1.16351,1.16263,1.16303,1915
2025-09-03 02:00:00,1.16304,1.16354,1.16245,1.16272,1571
2025-09-03 03:00:00,1.16272,1.16303,1.16230,1.16234,1226
2025-09-03 04:00:00,1.16235,1.16318,1.16219,1.16318,1067
2025-09-03 05:00:00,1.16318,1.16346,1.16261,1.16300,1416
2025-09-03 06:00:00,1.16300,1.16430,1.16284,1.16329,2500
2025-09-03 07:00:00,1.16328,1.16359,1.16080,1.16357,4500
2025-09-03 08:00:00,1.16356,1.16576,1.16355,1.16565,3833
2025-09-03 09:00:00,1.16566,1.16648,1.16516,1.16562,3310
2025-09-03 10:00:00,1.16561,1.16577,1.16396,1.16436,2620
2025-09-03 11:00:00,1.16436,1.16545,1.16398,1.16516,2909
2025-09-03 12:00:00,1.16514,1.16589,1.16445,1.16482,3843
2025-09-03 13:00:00,1.16483,1.16541,1.16385,1.16491,5152
2025-09-03 14:00:00,1.16491,1.16804,1.16482,1.16637,7909
2025-09-03 15:00:00,1.16636,1.16820,1.16631,1.16750,4063
2025-09-03 16:00:00,1.16749,1.16775,1.16665,1.16752,2244
2025-09-03 17:00:00,1.16754,1.16770,1.16586,1.16610,2072
2025-09-03 18:00:00,1.16608,1.16678,1.16580,1.16617,2067
2025-09-03 19:00:00,1.16618,1.16628,1.16556,1.16582,1674
2025-09-03 20:00:00,1.16581,1.16646,1.16555,1.16617,1197
2025-09-03 21:00:00,1.16585,1.16620,1.16578,1.16600,1325
2025-09-03 22:00:00,1.16611,1.16631,1.16565,1.16603,478
2025-09-03 23:00:00,1.16604,1.16624,1.16566,1.16609,572
2025-09-04 00:00:00,1.16610,1.16621,1.16546,1.16588,1912
2025-09-04 01:00:00,1.16589,1.16693,1.16525,1.16583,2199
2025-09-04 02:00:00,1.16582,1.16589,1.16509,1.16529,1624
2025-09-04 03:00:00,1.16531,1.16559,1.16504,1.16532,1331
2025-09-04 04:00:00,1.16533,1.16550,1.16504,1.16516,880
2025-09-04 05:00:00,1.16516,1.16555,1.16480,1.16552,1369
2025-09-04 06:00:00,1.16553,1.16613,1.16500,1.16518,2610
2025-09-04 07:00:00,1.16517,1.16585,1.16439,1.16506,3120
2025-09-04 08:00:00,1.16505,1.16591,1.16482,1.16577,2924
2025-09-04 09:00:00,1.16577,1.16599,1.16397,1.16432,2684
2025-09-04 10:00:00,1.16433,1.16596,1.16430,1.16526,2664
2025-09-04 11:00:00,1.16526,1.16527,1.16392,1.16428,2722
2025-09-04 12:00:00,1.16429,1.16589,1.16298,1.16458,6100
2025-09-04 13:00:00,1.16457,1.16556,1.16373,1.16490,4953
2025-09-04 14:00:00,1.16492,1.16515,1.16317,1.16346,6533
2025-09-04 15:00:00,1.16350,1.16499,1.16311,1.16474,2956
2025-09-04 16:00:00,1.16474,1.16480,1.16338,1.16396,2157
2025-09-04 17:00:00,1.16394,1.16401,1.16343,1.16374,1659
2025-09-04 18:00:00,1.16375,1.16477,1.16365,1.16438,1437
2025-09-04 19:00:00,1.16438,1.16519,1.16438,1.16507,1274
2025-09-04 20:00:00,1.16507,1.16523,1.16484,1.16490,774
2025-09-04 21:00:00,1.16414,1.16493,1.16405,1.16488,639
2025-09-04 22:00:00,1.16496,1.16532,1.16476,1.16488,437
2025-09-04 23:00:00,1.16489,1.16578,1.16485,1.16568,892
2025-09-05 00:00:00,1.16568,1.16605,1.16523,1.16594,1903
2025-09-05 01:00:00,1.16594,1.16717,1.16594,1.16705,1551
2025-09-05 02:00:00,1.16704,1.16745,1.16682,1.16683,1152
2025-09-05 03:00:00,1.16682,1.16730,1.16660,1.16712,1096
2025-09-05 04:00:00,1.16712,1.16717,1.16650,1.16670,782
2025-09-05 05:00:00,1.16670,1.16775,1.16665,1.16766,1101
2025-09-05 06:00:00,1.16766,1.16775,1.16650,1.16692,2578
2025-09-05 07:00:00,1.16690,1.16788,1.16663,1.16777,2623
2025-09-05 08:00:00,1.16775,1.16843,1.16752,1.16833,2154
2025-09-05 09:00:00,1.16833,1.16923,1.16813,1.16879,2091
2025-09-05 10:00:00,1.16879,1.16965,1.16866,1.16913,1933
2025-09-05 11:00:00,1.16912,1.16915,1.16778,1.16872,2561
2025-09-05 12:00:00,1.16873,1.17502,1.16861,1.17342,12937
2025-09-05 13:00:00,1.17349,1.17502,1.17137,1.17488,10784
2025-09-05 14:00:00,1.17488,1.17594,1.17228,1.17365,8650
2025-09-05 15:00:00,1.17366,1.17593,1.17347,1.17583,4959
2025-09-05 16:00:00,1.17585,1.17594,1.17364,1.17389,3257
2025-09-05 17:00:00,1.17390,1.17392,1.17247,1.17257,2783
2025-09-05 18:00:00,1.17256,1.17262,1.17144,1.17169,2134
2025-09-05 19:00:00,1.17170,1.17231,1.17128,1.17178,1778
2025-09-05 20:00:00,1.17179,1.17217,1.17146,1.17207,1004
2025-09-07 21:00:00,1.17107,1.17174,1.17091,1.17166,173
2025-09-07 22:00:00,1.17169,1.17197,1.17036,1.17060,1659
2025-09-07 23:00:00,1.17062,1.17159,1.17059,1.17121,1340
2025-09-08 00:00:00,1.17122,1.17132,1.17046,1.17129,2602
2025-09-08 01:00:00,1.17130,1.17174,1.17074,1.17127,2729
2025-09-08 02:00:00,1.17129,1.17164,1.17103,1.17150,2523
2025-09-08 03:00:00,1.17149,1.17158,1.17080,1.17094,1670
2025-09-08 04:00:00,1.17093,1.17143,1.17059,1.17129,1128
2025-09-08 05:00:00,1.17130,1.17209,1.17121,1.17149,1700
2025-09-08 06:00:00,1.17148,1.17277,1.17117,1.17268,3539
2025-09-08 07:00:00,1.17267,1.17339,1.17203,1.17328,3487
2025-09-08 08:00:00,1.17329,1.17428,1.17258,1.17313,2982
2025-09-08 09:00:00,1.17313,1.17316,1.17207,1.17236,2271
2025-09-08 10:00:00,1.17236,1.17287,1.17200,1.17258,2313
2025-09-08 11:00:00,1.17255,1.17318,1.17245,1.17292,2397
2025-09-08 12:00:00,1.17290,1.17416,1.17226,1.17377,3859
2025-09-08 13:00:00,1.17378,1.17561,1.17363,1.17510,4055
2025-09-08 14:00:00,1.17511,1.17544,1.17397,1.17454,4489
2025-09-08 15:00:00,1.17453,1.17522,1.17430,1.17503,3280
2025-09-08 16:00:00,1.17498,1.17519,1.17350,1.17406,2493
2025-09-08 17:00:00,1.17406,1.17470,1.17349,1.17396,2118
2025-09-08 18:00:00,1.17396,1.17625,1.17396,1.17611,2300
2025-09-08 19:00:00,1.17612,1.17655,1.17595,1.17626,1997
2025-09-08 20:00:00,1.17625,1.17636,1.17594,1.17629,1493
2025-09-08 21:00:00,1.17588,1.17614,1.17576,1.17601,853
2025-09-08 22:00:00,1.17614,1.17651,1.17610,1.17620,676
2025-09-08 23:00:00,1.17623,1.17728,1.17623,1.17685,940
2025-09-09 00:00:00,1.17686,1.17743,1.17652,1.17715,1727
2025-09-09 01:00:00,1.17715,1.17777,1.17659,1.17748,1856
2025-09-09 02:00:00,1.17749,1.17767,1.17676,1.17688,1592
2025-09-09 03:00:00,1.17687,1.17698,1.17633,1.17640,1723
2025-09-09 04:00:00,1.17639,1.17758,1.17634,1.17726,1607
2025-09-09 05:00:00,1.17725,1.17799,1.17711,1.17785,2269
2025-09-09 06:00:00,1.17787,1.17798,1.17563,1.17647,3241
2025-09-09 07:00:00,1.17649,1.17684,1.17476,1.17527,3832
2025-09-09 08:00:00,1.17527,1.17622,1.17441,1.17594,5314
2025-09-09 09:00:00,1.17594,1.17724,1.17592,1.17674,3087
2025-09-09 10:00:00,1.17673,1.17711,1.17525,1.17540,2617
2025-09-09 11:00:00,1.17540,1.17545,1.17411,1.17420,2522
2025-09-09 12:00:00,1.17420,1.17450,1.17275,1.17373,3745
2025-09-09 13:00:00,1.17373,1.17488,1.17338,1.17420,4536
2025-09-09 14:00:00,1.17421,1.17626,1.17226,1.17306,10271
2025-09-09 15:00:00,1.17307,1.17316,1.17155,1.17219,4452
2025-09-09 16:00:00,1.17220,1.17297,1.17186,1.17188,2906
2025-09-09 17:00:00,1.17189,1.17235,1.17084,1.17092,2882
2025-09-09 18:00:00,1.17093,1.17145,1.17039,1.17064,2555
2025-09-09 19:00:00,1.17063,1.17090,1.17037,1.17067,1615
2025-09-09 20:00:00,1.17066,1.17115,1.17045,1.17078,1348
2025-09-09 21:00:00,1.17044,1.17111,1.17033,1.17108,1215
2025-09-09 22:00:00,1.17109,1.17136,1.17085,1.17118,731
2025-09-09 23:00:00,1.17114,1.17121,1.16972,1.17021,1478
2025-09-10 00:00:00,1.17020,1.17024,1.16960,1.16968,2162
2025-09-10 01:00:00,1.16967,1.17028,1.16889,1.16995,2908
2025-09-10 02:00:00,1.16995,1.17083,1.16993,1.17073,2342
2025-09-10 03:00:00,1.17074,1.17102,1.17066,1.17080,1461
2025-09-10 04:00:00,1.17083,1.17156,1.17073,1.17148,1416
2025-09-10 05:00:00,1.17147,1.17160,1.17048,1.17084,1836
2025-09-10 06:00:00,1.17084,1.17184,1.16914,1.16979,3344
2025-09-10 07:00:00,1.16976,1.17078,1.16822,1.17028,4297
2025-09-10 08:00:00,1.17029,1.17038,1.16910,1.16999,3350
2025-09-10 09:00:00,1.16999,1.17169,1.16983,1.17132,2934
2025-09-10 10:00:00,1.17133,1.17145,1.16962,1.17003,2148
2025-09-10 11:00:00,1.17000,1.17069,1.16951,1.17045,2582
2025-09-10 12:00:00,1.17045,1.17266,1.16909,1.17002,9287
2025-09-10 13:00:00,1.17003,1.17246,1.16957,1.17200,6638
2025-09-10 14:00:00,1.17197,1.17306,1.17149,1.17276,5372
2025-09-10 15:00:00,1.17277,1.17300,1.17131,1.17146,3131
2025-09-10 16:00:00,1.17146,1.17161,1.17025,1.17056,2565
2025-09-10 17:00:00,1.17057,1.17112,1.17015,1.17058,2176
2025-09-10 18:00:00,1.17057,1.17123,1.17025,1.17045,1995
2025-09-10 19:00:00,1.17043,1.17044,1.16933,1.17002,1908
2025-09-10 20:00:00,1.17000,1.17014,1.16929,1.16946,1268
2025-09-10 21:00:00,1.16943,1.16994,1.16933,1.16979,963
2025-09-10 22:00:00,1.16979,1.17032,1.16977,1.17031,735
2025-09-10 23:00:00,1.17030,1.17069,1.17011,1.17024,823
2025-09-11 00:00:00,1.17024,1.17025,1.16934,1.16940,1691
2025-09-11 01:00:00,1.16939,1.17028,1.16928,1.16972,1763
2025-09-11 02:00:00,1.16970,1.16988,1.16934,1.16966,1392
2025-09-11 03:00:00,1.16965,1.17002,1.16945,1.16959,1370
2025-09-11 04:00:00,1.16958,1.16994,1.16940,1.16994,1254
2025-09-11 05:00:00,1.16993,1.16994,1.16890,1.16898,1930
2025-09-11 06:00:00,1.16896,1.16967,1.16836,1.16905,3997
2025-09-11 07:00:00,1.16906,1.16964,1.16866,1.16926,4364
2025-09-11 08:00:00,1.16926,1.16952,1.16885,1.16919,3252
2025-09-11 09:00:00,1.16918,1.16930,1.16772,1.16856,3340
2025-09-11 10:00:00,1.16856,1.16883,1.16799,1.16830,2869
2025-09-11 11:00:00,1.16830,1.16910,1.16781,1.16835,3224
2025-09-11 12:00:00,1.16836,1.17209,1.16578,1.17150,13719
2025-09-11 13:00:00,1.17150,1.17409,1.17139,1.17393,12347
2025-09-11 14:00:00,1.17392,1.17442,1.17254,1.17279,7489
2025-09-11 15:00:00,1.17279,1.17461,1.17261,1.17314,4470
2025-09-11 16:00:00,1.17315,1.17398,1.17306,1.17364,3585
2025-09-11 17:00:00,1.17363,1.17388,1.17276,1.17317,3308
2025-09-11 18:00:00,1.17316,1.17383,1.17306,1.17353,2231
2025-09-11 19:00:00,1.17354,1.17389,1.17337,1.17368,1828
2025-09-11 20:00:00,1.17368,1.17395,1.17319,1.17335,1843
2025-09-11 21:00:00,1.17316,1.17339,1.17274,1.17311,499
2025-09-11 22:00:00,1.17312,1.17407,1.17308,1.17388,875
2025-09-11 23:00:00,1.17388,1.17399,1.17327,1.17331,1340
2025-09-12 00:00:00,1.17332,1.17343,1.17269,1.17331,2618
2025-09-12 01:00:00,1.17331,1.17346,1.17251,1.17254,2333
2025-09-12 02:00:00,1.17253,1.17291,1.17235,1.17267,1809
2025-09-12 03:00:00,1.17265,1.17271,1.17227,1.17250,1578
2025-09-12 04:00:00,1.17251,1.17271,1.17207,1.17255,1411
2025-09-12 05:00:00,1.17255,1.17333,1.17240,1.17305,1629
2025-09-12 06:00:00,1.17303,1.17404,1.17220,1.17394,3236
2025-09-12 07:00:00,1.17396,1.17477,1.17369,1.17405,3966
2025-09-12 08:00:00,1.17405,1.17409,1.17156,1.17173,4345
2025-09-12 09:00:00,1.17172,1.17252,1.17127,1.17222,3383
2025-09-12 10:00:00,1.17223,1.17348,1.17219,1.17339,2557
2025-09-12 11:00:00,1.17336,1.17353,1.17205,1.17211,2811
2025-09-12 12:00:00,1.17212,1.17227,1.17012,1.17123,5116
2025-09-12 13:00:00,1.17122,1.17164,1.17032,1.17111,4538
2025-09-12 14:00:00,1.17106,1.17283,1.17104,1.17250,5656
2025-09-12 15:00:00,1.17251,1.17277,1.17134,1.17139,3256
2025-09-12 16:00:00,1.17138,1.17316,1.17100,1.17268,2571
2025-09-12 17:00:00,1.17272,1.17378,1.17266,1.17320,2090
2025-09-12 18:00:00,1.17322,1.17417,1.17320,1.17411,1916
2025-09-12 19:00:00,1.17411,1.17416,1.17338,1.17363,1844
2025-09-12 20:00:00,1.17360,1.17365,1.17287,1.17318,1480
2025-09-14 21:00:00,1.17270,1.17332,1.17266,1.17277,245
2025-09-14 22:00:00,1.17276,1.17347,1.17274,1.17283,972
2025-09-14 23:00:00,1.17284,1.17315,1.17250,1.17255,1007
2025-09-15 00:00:00,1.17254,1.17277,1.17219,1.17266,1575
2025-09-15 01:00:00,1.17266,1.17295,1.17227,1.17273,2038
2025-09-15 02:00:00,1.17274,1.17291,1.17245,1.17275,1306
2025-09-15 03:00:00,1.17274,1.17343,1.17270,1.17311,1194
2025-09-15 04:00:00,1.17312,1.17353,1.17307,1.17338,1102
2025-09-15 05:00:00,1.17338,1.17343,1.17277,1.17281,1061
2025-09-15 06:00:00,1.17288,1.17299,1.17162,1.17250,2422
2025-09-15 07:00:00,1.17250,1.17443,1.17239,1.17336,3411
2025-09-15 08:00:00,1.17336,1.17436,1.17300,1.17371,3196
2025-09-15 09:00:00,1.17369,1.17517,1.17361,1.17461,2506
2025-09-15 10:00:00,1.17462,1.17627,1.17461,1.17527,2598
2025-09-15 11:00:00,1.17528,1.17631,1.17527,1.17610,2726
2025-09-15 12:00:00,1.17611,1.17709,1.17611,1.17695,3672
2025-09-15 13:00:00,1.17696,1.17731,1.17575,1.17588,4004
2025-09-15 14:00:00,1.17589,1.17604,1.17508,1.17576,4330
2025-09-15 15:00:00,1.17576,1.17721,1.17564,1.17712,2898
2025-09-15 16:00:00,1.17713,1.17744,1.17561,1.17583,2672
2025-09-15 17:00:00,1.17583,1.17728,1.17579,1.17710,1981
2025-09-15 18:00:00,1.17709,1.17723,1.17661,1.17694,1962
2025-09-15 19:00:00,1.17693,1.17720,1.17642,1.17656,1741
2025-09-15 20:00:00,1.17654,1.17686,1.17587,1.17607,1450
2025-09-15 21:00:00,1.17591,1.17644,1.17576,1.17642,591
2025-09-15 22:00:00,1.17635,1.17653,1.17616,1.17628,979
2025-09-15 23:00:00,1.17633,1.17659,1.17627,1.17629,942
2025-09-16 00:00:00,1.17630,1.17661,1.17572,1.17620,2342
2025-09-16 01:00:00,1.17620,1.17692,1.17580,1.17675,2368
2025-09-16 02:00:00,1.17676,1.17777,1.17674,1.17763,2221
2025-09-16 03:00:00,1.17766,1.17870,1.17741,1.17801,2085
2025-09-16 04:00:00,1.17803,1.17803,1.17739,1.17768,1839
2025-09-16 05:00:00,1.17768,1.17801,1.17735,1.17779,2248
2025-09-16 06:00:00,1.17779,1.17913,1.17778,1.17873,3440
2025-09-16 07:00:00,1.17873,1.18017,1.17863,1.17944,3814
2025-09-16 08:00:00,1.17943,1.18036,1.17901,1.17949,3550
2025-09-16 09:00:00,1.17949,1.18179,1.17949,1.18140,4004
2025-09-16 10:00:00,1.18141,1.18154,1.18041,1.18082,3439
2025-09-16 11:00:00,1.18083,1.18213,1.18011,1.18141,4072
2025-09-16 12:00:00,1.18144,1.18155,1.17880,1.18047,7213
2025-09-16 13:00:00,1.18048,1.18272,1.18040,1.18239,6385
2025-09-16 14:00:00,1.18240,1.18531,1.18212,1.18517,8347
2025-09-16 15:00:00,1.18518,1.18533,1.18350,1.18471,5013
2025-09-16 16:00:00,1.18471,1.18719,1.18462,1.18646,3840
2025-09-16 17:00:00,1.18645,1.18784,1.18634,1.18660,3644
2025-09-16 18:00:00,1.18660,1.18710,1.18611,1.18666,2568
2025-09-16 19:00:00,1.18666,1.18688,1.18579,1.18603,2449
2025-09-16 20:00:00,1.18602,1.18684,1.18581,1.18667,2266
2025-09-16 21:00:00,1.18646,1.18646,1.18506,1.18612,989
2025-09-16 22:00:00,1.18600,1.18684,1.18600,1.18660,970
2025-09-16 23:00:00,1.18664,1.18730,1.18657,1.18710,1114
2025-09-17 00:00:00,1.18712,1.18729,1.18577,1.18583,2647
2025-09-17 01:00:00,1.18582,1.18594,1.18520,1.18560,2737
2025-09-17 02:00:00,1.18559,1.18577,1.18512,1.18555,1839
2025-09-17 03:00:00,1.18558,1.18577,1.18513,1.18520,1346
2025-09-17 04:00:00,1.18521,1.18553,1.18512,1.18539,1327
2025-09-17 05:00:00,1.18540,1.18596,1.18539,1.18581,1582
2025-09-17 06:00:00,1.18587,1.18590,1.18513,1.18559,2953
2025-09-17 07:00:00,1.18555,1.18562,1.18381,1.18404,3346
2025-09-17 08:00:00,1.18403,1.18511,1.18395,1.18483,2420
2025-09-17 09:00:00,1.18483,1.18498,1.18410,1.18456,2515
2025-09-17 10:00:00,1.18455,1.18468,1.18326,1.18363,2449
2025-09-17 11:00:00,1.18362,1.18459,1.18348,1.18391,2585
2025-09-17 12:00:00,1.18390,1.18448,1.18341,1.18434,2510
2025-09-17 13:00:00,1.18435,1.18529,1.18422,1.18498,3093
2025-09-17 14:00:00,1.18500,1.18592,1.18459,1.18495,3689
2025-09-17 15:00:00,1.18494,1.18526,1.18433,1.18445,2596
2025-09-17 16:00:00,1.18443,1.18563,1.18422,1.18530,2586
2025-09-17 17:00:00,1.18529,1.18552,1.18467,1.18494,2462
2025-09-17 18:00:00,1.18502,1.19189,1.18188,1.18344,25935
2025-09-17 19:00:00,1.18345,1.18569,1.18203,1.18245,13135
2025-09-17 20:00:00,1.18247,1.18275,1.18078,1.18121,3196
2025-09-17 21:00:00,1.18103,1.18149,1.18101,1.18134,435
2025-09-17 22:00:00,1.18126,1.18222,1.18123,1.18189,1768
2025-09-17 23:00:00,1.18190,1.18288,1.18176,1.18251,1950
2025-09-18 00:00:00,1.18253,1.18283,1.18149,1.18252,3785
2025-09-18 01:00:00,1.18253,1.18285,1.18075,1.18136,4058
2025-09-18 02:00:00,1.18137,1.18224,1.18127,1.18194,2263
2025-09-18 03:00:00,1.18193,1.18227,1.18113,1.18121,1808
2025-09-18 04:00:00,1.18122,1.18137,1.17936,1.17948,1968
2025-09-18 05:00:00,1.17948,1.18001,1.17853,1.17906,2793
2025-09-18 06:00:00,1.17905,1.17994,1.17803,1.17943,4532
2025-09-18 07:00:00,1.17941,1.18389,1.17936,1.18317,5512
2025-09-18 08:00:00,1.18316,1.18342,1.18209,1.18276,4639
2025-09-18 09:00:00,1.18277,1.18482,1.18270,1.18380,4003
2025-09-18 10:00:00,1.18377,1.18402,1.18309,1.18368,2802
2025-09-18 11:00:00,1.18369,1.18371,1.18199,1.18251,4475
2025-09-18 12:00:00,1.18252,1.18260,1.17953,1.17956,6712
2025-09-18 13:00:00,1.17953,1.17962,1.17500,1.17671,9788
2025-09-18 14:00:00,1.17671,1.17817,1.17628,1.17754,8090
2025-09-18 15:00:00,1.17753,1.17876,1.17695,1.17795,4837
2025-09-18 16:00:00,1.17794,1.17879,1.17720,1.17868,3634
2025-09-18 17:00:00,1.17869,1.17938,1.17854,1.17875,2884
2025-09-18 18:00:00,1.17873,1.17897,1.17818,1.17877,2307
2025-09-18 19:00:00,1.17877,1.17912,1.17825,1.17847,2008
2025-09-18 20:00:00,1.17848,1.17870,1.17813,1.17864,1737
2025-09-18 21:00:00,1.17835,1.17880,1.17832,1.17865,686
2025-09-18 22:00:00,1.17823,1.17895,1.17823,1.17869,1987
2025-09-18 23:00:00,1.17865,1.17905,1.17862,1.17890,915
2025-09-19 00:00:00,1.17891,1.17907,1.17752,1.17866,2462
2025-09-19 01:00:00,1.17865,1.17868,1.17742,1.17755,2608
2025-09-19 02:00:00,1.17753,1.17807,1.17721,1.17795,2048
2025-09-19 03:00:00,1.17795,1.17925,1.17795,1.17815,3726
2025-09-19 04:00:00,1.17818,1.17898,1.17701,1.17739,3775
2025-09-19 05:00:00,1.17739,1.17777,1.17707,1.17730,2433
2025-09-19 06:00:00,1.17731,1.17773,1.17632,1.17665,5669
2025-09-19 07:00:00,1.17665,1.17782,1.17573,1.17700,5558
2025-09-19 08:00:00,1.17699,1.17710,1.17506,1.17610,3922
2025-09-19 09:00:00,1.17609,1.17689,1.17562,1.17597,3179
2025-09-19 10:00:00,1.17597,1.17651,1.17584,1.17611,2420
2025-09-19 11:00:00,1.17614,1.17622,1.17349,1.17367,3511
2025-09-19 12:00:00,1.17368,1.17433,1.17288,1.17361,4960
2025-09-19 13:00:00,1.17360,1.17638,1.17353,1.17582,5789
2025-09-19 14:00:00,1.17580,1.17678,1.17557,1.17572,5534
2025-09-19 15:00:00,1.17571,1.17590,1.17373,1.17522,4473
2025-09-19 16:00:00,1.17520,1.17551,1.17409,1.17530,2642
2025-09-19 17:00:00,1.17531,1.17551,1.17485,1.17508,2122
2025-09-19 18:00:00,1.17507,1.17512,1.17467,1.17482,1751
2025-09-19 19:00:00,1.17478,1.17508,1.17451,1.17475,1490
2025-09-19 20:00:00,1.17475,1.17478,1.17403,1.17430,1279
2025-09-21 21:00:00,1.17376,1.17451,1.17376,1.17449,451
2025-09-21 22:00:00,1.17446,1.17481,1.17391,1.17408,1197
2025-09-21 23:00:00,1.17409,1.17416,1.17357,1.17364,1386
2025-09-22 00:00:00,1.17363,1.17380,1.17259,1.17344,2523
2025-09-22 01:00:00,1.17345,1.17410,1.17316,1.17324,3089
2025-09-22 02:00:00,1.17323,1.17336,1.17270,1.17279,2320
2025-09-22 03:00:00,1.17276,1.17349,1.17276,1.17325,1500
2025-09-22 04:00:00,1.17323,1.17323,1.17263,1.17305,1150
2025-09-22 05:00:00,1.17305,1.17385,1.17297,1.17384,1270
2025-09-22 06:00:00,1.17384,1.17485,1.17359,1.17434,2935
2025-09-22 07:00:00,1.17435,1.17544,1.17390,1.17485,3736
2025-09-22 08:00:00,1.17484,1.17692,1.17468,1.17623,3411
2025-09-22 09:00:00,1.17624,1.17760,1.17617,1.17759,2632
2025-09-22 10:00:00,1.17759,1.17857,1.17737,1.17740,2573
2025-09-22 11:00:00,1.17740,1.17820,1.17693,1.17780,1976
2025-09-22 12:00:00,1.17781,1.17873,1.17732,1.17831,3585
2025-09-22 13:00:00,1.17837,1.17877,1.17686,1.17767,4832
2025-09-22 14:00:00,1.17767,1.17771,1.17626,1.17698,3795
2025-09-22 15:00:00,1.17697,1.17755,1.17642,1.17724,2873
2025-09-22 16:00:00,1.17721,1.17901,1.17713,1.17881,2737
2025-09-22 17:00:00,1.17881,1.17972,1.17856,1.17966,1828
2025-09-22 18:00:00,1.17967,1.17990,1.17922,1.17961,1562
2025-09-22 19:00:00,1.17961,1.18019,1.17952,1.17998,1301
2025-09-22 20:00:00,1.17997,1.18028,1.17979,1.18023,1223
2025-09-22 21:00:00,1.17930,1.17990,1.17862,1.17967,2056
2025-09-22 22:00:00,1.17961,1.18039,1.17953,1.18010,552
2025-09-22 23:00:00,1.18013,1.18026,1.17992,1.18004,622
2025-09-23 00:00:00,1.18005,1.18075,1.17966,1.18062,1347
2025-09-23 01:00:00,1.18062,1.18200,1.18040,1.18149,2009
2025-09-23 02:00:00,1.18149,1.18166,1.18015,1.18044,1800
2025-09-23 03:00:00,1.18043,1.18063,1.17965,1.18057,1373
2025-09-23 04:00:00,1.18056,1.18078,1.17975,1.17977,1254
2025-09-23 05:00:00,1.17974,1.18047,1.17950,1.17985,1584
2025-09-23 06:00:00,1.17984,1.18043,1.17900,1.17947,3118
2025-09-23 07:00:00,1.17945,1.18000,1.17761,1.17907,5742
2025-09-23 08:00:00,1.17905,1.18053,1.17839,1.18027,4417
2025-09-23 09:00:00,1.18027,1.18122,1.18004,1.18021,2947
2025-09-23 10:00:00,1.18023,1.18067,1.17906,1.17959,2796
2025-09-23 11:00:00,1.17959,1.17998,1.17914,1.17916,2223
2025-09-23 12:00:00,1.17920,1.17984,1.17843,1.17967,3234
2025-09-23 13:00:00,1.17966,1.18045,1.17842,1.17995,5815
2025-09-23 14:00:00,1.17995,1.18053,1.17925,1.17953,5787
2025-09-23 15:00:00,1.17952,1.17992,1.17880,1.17984,3206
2025-09-23 16:00:00,1.17990,1.18093,1.17917,1.18048,4184
2025-09-23 17:00:00,1.18048,1.18177,1.18029,1.18118,3468
2025-09-23 18:00:00,1.18117,1.18168,1.18083,1.18112,2611
2025-09-23 19:00:00,1.18112,1.18180,1.18069,1.18161,2333
2025-09-23 20:00:00,1.18161,1.18183,1.18116,1.18148,1035
2025-09-23 21:00:00,1.18122,1.18135,1.18072,1.18128,733
2025-09-23 22:00:00,1.18118,1.18187,1.18114,1.18147,2220
2025-09-23 23:00:00,1.18148,1.18174,1.18126,1.18153,945
2025-09-24 00:00:00,1.18152,1.18163,1.18032,1.18038,2445
2025-09-24 01:00:00,1.18038,1.18053,1.17975,1.18001,3174
2025-09-24 02:00:00,1.18000,1.18038,1.17959,1.17966,2139
2025-09-24 03:00:00,1.17961,1.17999,1.17947,1.17974,1328
2025-09-24 04:00:00,1.17973,1.18044,1.17953,1.18030,1365
2025-09-24 05:00:00,1.18029,1.18051,1.17921,1.17980,1821
2025-09-24 06:00:00,1.17977,1.18028,1.17859,1.17874,3303
2025-09-24 07:00:00,1.17874,1.17947,1.17842,1.17887,3973
2025-09-24 08:00:00,1.17876,1.17885,1.17663,1.17719,3934
2025-09-24 09:00:00,1.17719,1.17748,1.17624,1.17676,2976
2025-09-24 10:00:00,1.17676,1.17698,1.17508,1.17518,2836
2025-09-24 11:00:00,1.17517,1.17554,1.17464,1.17491,2998
2025-09-24 12:00:00,1.17491,1.17580,1.17392,1.17427,4829
2025-09-24 13:00:00,1.17426,1.17435,1.17302,1.17385,5764
2025-09-24 14:00:00,1.17386,1.17463,1.17282,1.17429,6232
2025-09-24 15:00:00,1.17430,1.17458,1.17367,1.17417,4347
2025-09-24 16:00:00,1.17417,1.17436,1.17300,1.17325,3303
2025-09-24 17:00:00,1.17325,1.17407,1.17316,1.17376,2460
2025-09-24 18:00:00,1.17375,1.17386,1.17324,1.17367,2550
2025-09-24 19:00:00,1.17367,1.17391,1.17319,1.17379,2147
2025-09-24 20:00:00,1.17379,1.17392,1.17347,1.17373,1574
2025-09-24 21:00:00,1.17360,1.17400,1.17360,1.17379,323
2025-09-24 22:00:00,1.17387,1.17452,1.17373,1.17444,996
2025-09-24 23:00:00,1.17445,1.17463,1.17419,1.17423,1107
2025-09-25 00:00:00,1.17422,1.17483,1.17405,1.17472,2523
2025-09-25 01:00:00,1.17473,1.17494,1.17404,1.17443,2453
2025-09-25 02:00:00,1.17444,1.17517,1.17432,1.17498,1910
2025-09-25 03:00:00,1.17497,1.17536,1.17475,1.17523,1302
2025-09-25 04:00:00,1.17522,1.17535,1.17486,1.17520,1240
2025-09-25 05:00:00,1.17519,1.17522,1.17404,1.17421,1699
2025-09-25 06:00:00,1.17421,1.17523,1.17380,1.17457,3035
2025-09-25 07:00:00,1.17458,1.17480,1.17314,1.17333,4156
2025-09-25 08:00:00,1.17333,1.17443,1.17306,1.17427,3500
2025-09-25 09:00:00,1.17428,1.17517,1.17389,1.17448,2744
2025-09-25 10:00:00,1.17451,1.17539,1.17444,1.17469,2267
2025-09-25 11:00:00,1.17468,1.17470,1.17344,1.17400,3201
2025-09-25 12:00:00,1.17397,1.17456,1.16876,1.16980,8645
2025-09-25 13:00:00,1.16979,1.17102,1.16831,1.16859,8124
2025-09-25 14:00:00,1.16857,1.16946,1.16737,1.16762,7784
2025-09-25 15:00:00,1.16761,1.16809,1.16666,1.16722,4535
2025-09-25 16:00:00,1.16722,1.16833,1.16686,1.16706,3895
2025-09-25 17:00:00,1.16705,1.16719,1.16521,1.16575,3682
2025-09-25 18:00:00,1.16578,1.16599,1.16454,1.16523,3603
2025-09-25 19:00:00,1.16523,1.16629,1.16516,1.16606,2492
2025-09-25 20:00:00,1.16605,1.16689,1.16592,1.16653,2357
2025-09-25 21:00:00,1.16577,1.16630,1.16510,1.16562,5400
2025-09-25 22:00:00,1.16574,1.16687,1.16574,1.16681,980
2025-09-25 23:00:00,1.16682,1.16682,1.16598,1.16618,1380
2025-09-26 00:00:00,1.16616,1.16713,1.16576,1.16711,2849
2025-09-26 01:00:00,1.16711,1.16736,1.16654,1.16678,2460
2025-09-26 02:00:00,1.16678,1.16794,1.16673,1.16771,1878
2025-09-26 03:00:00,1.16770,1.16787,1.16747,1.16782,1394
2025-09-26 04:00:00,1.16781,1.16819,1.16743,1.16798,1493
2025-09-26 05:00:00,1.16798,1.16819,1.16762,1.16770,1831
2025-09-26 06:00:00,1.16772,1.16838,1.16717,1.16797,3255
2025-09-26 07:00:00,1.16794,1.16830,1.16684,1.16729,3636
2025-09-26 08:00:00,1.16730,1.16878,1.16705,1.16805,3323
2025-09-26 09:00:00,1.16803,1.16843,1.16758,1.16784,2725
2025-09-26 10:00:00,1.16782,1.16810,1.16615,1.16630,2336
2025-09-26 11:00:00,1.16630,1.16758,1.16627,1.16677,3050
2025-09-26 12:00:00,1.16677,1.16863,1.16665,1.16827,6943
2025-09-26 13:00:00,1.16832,1.16944,1.16781,1.16825,7112
2025-09-26 14:00:00,1.16823,1.17047,1.16823,1.16912,7398
2025-09-26 15:00:00,1.16911,1.16998,1.16870,1.16910,4683
2025-09-26 16:00:00,1.16910,1.16968,1.16866,1.16928,2808
2025-09-26 17:00:00,1.16929,1.17016,1.16907,1.16998,2288
2025-09-26 18:00:00,1.16998,1.17057,1.16957,1.17038,2184
2025-09-26 19:00:00,1.17038,1.17058,1.16982,1.17056,1786
2025-09-26 20:00:00,1.17056,1.17073,1.16985,1.17016,1520
2025-09-28 21:00:00,1.16963,1.17035,1.16963,1.17014,1626
2025-09-28 22:00:00,1.17028,1.17059,1.16995,1.17043,1121
2025-09-28 23:00:00,1.17042,1.17097,1.17037,1.17048,1040
2025-09-29 00:00:00,1.17047,1.17232,1.17042,1.17216,2448
2025-09-29 01:00:00,1.17215,1.17254,1.17142,1.17230,2566
2025-09-29 02:00:00,1.17227,1.17283,1.17223,1.17260,2110
2025-09-29 03:00:00,1.17259,1.17293,1.17248,1.17251,1491
2025-09-29 04:00:00,1.17250,1.17329,1.17226,1.17269,1487
2025-09-29 05:00:00,1.17270,1.17333,1.17238,1.17285,2603
2025-09-29 06:00:00,1.17281,1.17287,1.17179,1.17197,3383
2025-09-29 07:00:00,1.17195,1.17329,1.17174,1.17269,3813
2025-09-29 08:00:00,1.17272,1.17287,1.17077,1.17236,3540
2025-09-29 09:00:00,1.17237,1.17261,1.17168,1.17175,2835
2025-09-29 10:00:00,1.17174,1.17218,1.17154,1.17198,2267
2025-09-29 11:00:00,1.17198,1.17310,1.17092,1.17290,3464
2025-09-29 12:00:00,1.17289,1.17512,1.17184,1.17498,6656
2025-09-29 13:00:00,1.17498,1.17544,1.17371,1.17409,6018
2025-09-29 14:00:00,1.17408,1.17446,1.17295,1.17302,5071
2025-09-29 15:00:00,1.17300,1.17341,1.17226,1.17290,4287
2025-09-29 16:00:00,1.17289,1.17331,1.17251,1.17293,1925
2025-09-29 17:00:00,1.17293,1.17314,1.17213,1.17215,1588
2025-09-29 18:00:00,1.17219,1.17328,1.17201,1.17312,1530
2025-09-29 19:00:00,1.17312,1.17316,1.17259,1.17273,1272
2025-09-29 20:00:00,1.17272,1.17274,1.17232,1.17259,1122
2025-09-29 21:00:00,1.17244,1.17295,1.17224,1.17246,1036
2025-09-29 22:00:00,1.17246,1.17281,1.17230,1.17274,766
2025-09-29 23:00:00,1.17275,1.17324,1.17269,1.17307,1016
2025-09-30 00:00:00,1.17308,1.17316,1.17123,1.17208,3101
2025-09-30 01:00:00,1.17213,1.17257,1.17134,1.17140,3094
2025-09-30 02:00:00,1.17140,1.17238,1.17121,1.17223,1883
2025-09-30 03:00:00,1.17224,1.17264,1.17201,1.17235,1730
2025-09-30 04:00:00,1.17236,1.17287,1.17184,1.17284,1953
2025-09-30 05:00:00,1.17284,1.17371,1.17279,1.17334,2278
2025-09-30 06:00:00,1.17336,1.17438,1.17309,1.17374,3790
2025-09-30 07:00:00,1.17373,1.17483,1.17363,1.17415,4330
2025-09-30 08:00:00,1.17412,1.17613,1.17412,1.17554,4836
2025-09-30 09:00:00,1.17555,1.17583,1.17451,1.17482,3265
2025-09-30 10:00:00,1.17483,1.17514,1.17402,1.17454,2901
2025-09-30 11:00:00,1.17459,1.17485,1.17364,1.17422,2796
2025-09-30 12:00:00,1.17424,1.17475,1.17330,1.17370,3770
2025-09-30 13:00:00,1.17371,1.17391,1.17163,1.17274,5615
2025-09-30 14:00:00,1.17262,1.17521,1.17211,1.17498,8296
2025-09-30 15:00:00,1.17496,1.17503,1.17258,1.17341,5651
2025-09-30 16:00:00,1.17342,1.17591,1.17338,1.17565,3114
2025-09-30 17:00:00,1.17566,1.17613,1.17468,1.17493,2437
2025-09-30 18:00:00,1.17491,1.17494,1.17355,1.17408,2048
2025-09-30 19:00:00,1.17408,1.17411,1.17362,1.17403,1635
2025-09-30 20:00:00,1.17386,1.17389,1.17314,1.17327,1409
2025-09-30 21:00:00,1.17313,1.17356,1.17299,1.17336,1728
2025-09-30 22:00:00,1.17335,1.17423,1.17304,1.17343,1109
2025-09-30 23:00:00,1.17345,1.17425,1.17335,1.17343,1161
2025-10-01 00:00:00,1.17342,1.17382,1.17296,1.17360,2229
2025-10-01 01:00:00,1.17361,1.17406,1.17301,1.17390,1630
2025-10-01 02:00:00,1.17390,1.17396,1.17321,1.17378,1645
2025-10-01 03:00:00,1.17377,1.17390,1.17337,1.17377,1276
2025-10-01 04:00:00,1.17377,1.17586,1.17377,1.17581,1748
2025-10-01 05:00:00,1.17589,1.17669,1.17522,1.17523,2664
2025-10-01 06:00:00,1.17522,1.17749,1.17507,1.17678,4727
2025-10-01 07:00:00,1.17676,1.17786,1.17419,1.17499,8118
2025-10-01 08:00:00,1.17501,1.17657,1.17492,1.17493,5530
2025-10-01 09:00:00,1.17493,1.17542,1.17306,1.17329,4090
2025-10-01 10:00:00,1.17330,1.17335,1.17158,1.17253,4589
2025-10-01 11:00:00,1.17253,1.17393,1.17251,1.17342,3345
2025-10-01 12:00:00,1.17343,1.17688,1.17212,1.17490,11711
2025-10-01 13:00:00,1.17490,1.17615,1.17460,1.17521,7540
2025-10-01 14:00:00,1.17522,1.17635,1.17309,1.17466,10481
2025-10-01 15:00:00,1.17460,1.17492,1.17213,1.17228,6864
2025-10-01 16:00:00,1.17222,1.17267,1.17154,1.17228,3890
2025-10-01 17:00:00,1.17228,1.17327,1.17228,1.17237,2299
2025-10-01 18:00:00,1.17238,1.17419,1.17214,1.17346,2592
2025-10-01 19:00:00,1.17351,1.17370,1.17297,1.17303,1985
2025-10-01 20:00:00,1.17304,1.17311,1.17236,1.17236,1702
2025-10-01 21:00:00,1.17282,1.17314,1.17209,1.17300,2982
2025-10-01 22:00:00,1.17301,1.17375,1.17270,1.17337,1177
2025-10-01 23:00:00,1.17339,1.17371,1.17326,1.17328,702
2025-10-02 00:00:00,1.17327,1.17351,1.17245,1.17297,2170
2025-10-02 01:00:00,1.17298,1.17389,1.17237,1.17388,2297
2025-10-02 02:00:00,1.17389,1.17419,1.17366,1.17370,1310
2025-10-02 03:00:00,1.17371,1.17387,1.17324,1.17347,1160
2025-10-02 04:00:00,1.17347,1.17359,1.17298,1.17343,1127
2025-10-02 05:00:00,1.17343,1.17372,1.17294,1.17353,1696
2025-10-02 06:00:00,1.17354,1.17448,1.17340,1.17430,3787
2025-10-02 07:00:00,1.17430,1.17566,1.17409,1.17500,3963
2025-10-02 08:00:00,1.17501,1.17567,1.17449,1.17535,3875
2025-10-02 09:00:00,1.17535,1.17583,1.17505,1.17548,3534
2025-10-02 10:00:00,1.17548,1.17548,1.17460,1.17518,2932
2025-10-02 11:00:00,1.17521,1.17566,1.17470,1.17503,3242
2025-10-02 12:00:00,1.17503,1.17585,1.17344,1.17374,4031
2025-10-02 13:00:00,1.17374,1.17438,1.17134,1.17222,6519
2025-10-02 14:00:00,1.17222,1.17222,1.17048,1.17134,6741
2025-10-02 15:00:00,1.17130,1.17134,1.16830,1.16965,5824
2025-10-02 16:00:00,1.16959,1.17149,1.16950,1.17148,3024
2025-10-02 17:00:00,1.17147,1.17203,1.17123,1.17136,1980
2025-10-02 18:00:00,1.17136,1.17220,1.17125,1.17211,1451
2025-10-02 19:00:00,1.17211,1.17266,1.17174,1.17189,1231
2025-10-02 20:00:00,1.17188,1.17241,1.17140,1.17149,1375
2025-10-02 21:00:00,1.17126,1.17180,1.17101,1.17161,1467
2025-10-02 22:00:00,1.17164,1.17209,1.17138,1.17190,843
2025-10-02 23:00:00,1.17190,1.17259,1.17184,1.17247,706
2025-10-03 00:00:00,1.17246,1.17246,1.17188,1.17243,1436
2025-10-03 01:00:00,1.17242,1.17293,1.17161,1.17266,2957
2025-10-03 02:00:00,1.17268,1.17276,1.17204,1.17245,1535
2025-10-03 03:00:00,1.17245,1.17271,1.17196,1.17262,1362
2025-10-03 04:00:00,1.17262,1.17281,1.17177,1.17180,1310
2025-10-03 05:00:00,1.17180,1.17215,1.17148,1.17170,2162
2025-10-03 06:00:00,1.17169,1.17290,1.17160,1.17204,2639
2025-10-03 07:00:00,1.17205,1.17342,1.17205,1.17321,2768
2025-10-03 08:00:00,1.17322,1.17446,1.17310,1.17402,3461
2025-10-03 09:00:00,1.17401,1.17406,1.17311,1.17372,2337
2025-10-03 10:00:00,1.17381,1.17398,1.17336,1.17364,2044
2025-10-03 11:00:00,1.17364,1.17429,1.17309,1.17339,2838
2025-10-03 12:00:00,1.17346,1.17409,1.17270,1.17392,4083
2025-10-03 13:00:00,1.17393,1.17444,1.17325,1.17365,5001
2025-10-03 14:00:00,1.17371,1.17593,1.17340,1.17407,8870
2025-10-03 15:00:00,1.17410,1.17487,1.17365,1.17461,3820
2025-10-03 16:00:00,1.17463,1.17484,1.17376,1.17398,1778
2025-10-03 17:00:00,1.17397,1.17416,1.17318,1.17338,1818
2025-10-03 18:00:00,1.17337,1.17400,1.17268,1.17395,1775
2025-10-03 19:00:00,1.17392,1.17422,1.17371,1.17409,1223
2025-10-03 20:00:00,1.17411,1.17443,1.17381,1.17392,1079
2025-10-05 21:00:00,1.17167,1.17244,1.17163,1.17238,519
2025-10-05 22:00:00,1.17236,1.17256,1.17157,1.17160,3481
2025-10-05 23:00:00,1.17159,1.17166,1.17062,1.17119,4275
2025-10-06 00:00:00,1.17123,1.17189,1.17098,1.17162,3717
2025-10-06 01:00:00,1.17162,1.17247,1.17101,1.17240,2854
2025-10-06 02:00:00,1.17241,1.17309,1.17236,1.17272,1779
2025-10-06 03:00:00,1.17271,1.17301,1.17233,1.17244,1544
2025-10-06 04:00:00,1.17244,1.17273,1.17195,1.17202,1978
2025-10-06 05:00:00,1.17201,1.17253,1.17136,1.17170,1964
2025-10-06 06:00:00,1.17169,1.17194,1.16900,1.16934,4735
2025-10-06 07:00:00,1.16933,1.17120,1.16623,1.16628,8942
2025-10-06 08:00:00,1.16627,1.16797,1.16517,1.16678,6936
2025-10-06 09:00:00,1.16663,1.16696,1.16571,1.16661,4066
2025-10-06 10:00:00,1.16661,1.16669,1.16525,1.16633,3746
2025-10-06 11:00:00,1.16633,1.16788,1.16574,1.16753,3538
2025-10-06 12:00:00,1.16752,1.16896,1.16729,1.16890,6471
2025-10-06 13:00:00,1.16890,1.17029,1.16836,1.16993,4986
2025-10-06 14:00:00,1.16993,1.17178,1.16950,1.17165,5547
2025-10-06 15:00:00,1.17166,1.17210,1.17029,1.17064,4113
2025-10-06 16:00:00,1.17065,1.17122,1.17030,1.17120,1989
2025-10-06 17:00:00,1.17120,1.17160,1.17096,1.17104,1791
2025-10-06 18:00:00,1.17101,1.17155,1.17094,1.17125,1572
2025-10-06 19:00:00,1.17126,1.17169,1.17099,1.17105,1276
2025-10-06 20:00:00,1.17103,1.17139,1.17083,1.17087,1427
2025-10-06 21:00:00,1.17075,1.17141,1.17036,1.17053,1029
2025-10-06 22:00:00,1.17054,1.17145,1.17045,1.17095,2141
2025-10-06 23:00:00,1.17096,1.17142,1.17082,1.17093,1371
2025-10-07 00:00:00,1.17092,1.17111,1.17043,1.17088,2251
2025-10-07 01:00:00,1.17088,1.17088,1.16964,1.16967,1754
2025-10-07 02:00:00,1.16969,1.17058,1.16966,1.17017,1396
2025-10-07 03:00:00,1.17016,1.17071,1.16998,1.17032,1191
2025-10-07 04:00:00,1.17032,1.17073,1.16942,1.16982,1421
2025-10-07 05:00:00,1.16980,1.16998,1.16872,1.16919,2049
2025-10-07 06:00:00,1.16919,1.16919,1.16831,1.16868,3804
2025-10-07 07:00:00,1.16866,1.16879,1.16703,1.16762,4055
2025-10-07 08:00:00,1.16762,1.16826,1.16650,1.16658,2792
2025-10-07 09:00:00,1.16658,1.16710,1.16604,1.16663,2825
2025-10-07 10:00:00,1.16663,1.16757,1.16631,1.16740,2673
2025-10-07 11:00:00,1.16741,1.16742,1.16540,1.16626,3138
2025-10-07 12:00:00,1.16622,1.16669,1.16539,1.16668,4272
2025-10-07 13:00:00,1.16667,1.16701,1.16592,1.16603,5081
2025-10-07 14:00:00,1.16601,1.16661,1.16546,1.16631,5218
2025-10-07 15:00:00,1.16630,1.16800,1.16615,1.16730,4722
2025-10-07 16:00:00,1.16730,1.16811,1.16697,1.16699,3065
2025-10-07 17:00:00,1.16698,1.16793,1.16664,1.16670,2878
2025-10-07 18:00:00,1.16670,1.16677,1.16568,1.16577,2580
2025-10-07 19:00:00,1.16577,1.16583,1.16476,1.16503,2097
2025-10-07 20:00:00,1.16502,1.16583,1.16489,1.16563,1288
2025-10-07 21:00:00,1.16534,1.16578,1.16492,1.16529,1791
2025-10-07 22:00:00,1.16536,1.16610,1.16532,1.16591,992
2025-10-07 23:00:00,1.16592,1.16594,1.16526,1.16529,1439
2025-10-08 00:00:00,1.16530,1.16532,1.16455,1.16473,2381
2025-10-08 01:00:00,1.16472,1.16472,1.16260,1.16268,4434
2025-10-08 02:00:00,1.16269,1.16274,1.16170,1.16239,2621
2025-10-08 03:00:00,1.16239,1.16247,1.16174,1.16240,1349
2025-10-08 04:00:00,1.16242,1.16252,1.16160,1.16193,1200
2025-10-08 05:00:00,1.16193,1.16193,1.16120,1.16170,1748
2025-10-08 06:00:00,1.16170,1.16203,1.16071,1.16165,4132
2025-10-08 07:00:00,1.16166,1.16343,1.16118,1.16311,5166
2025-10-08 08:00:00,1.16312,1.16355,1.16108,1.16146,3592
2025-10-08 09:00:00,1.16145,1.16204,1.16060,1.16113,3909
2025-10-08 10:00:00,1.16112,1.16364,1.16090,1.16338,3150
2025-10-08 11:00:00,1.16342,1.16348,1.16251,1.16263,2948
2025-10-08 12:00:00,1.16264,1.16380,1.16245,1.16325,3105
2025-10-08 13:00:00,1.16325,1.16448,1.16274,1.16319,4628
2025-10-08 14:00:00,1.16319,1.16363,1.16204,1.16216,4663
2025-10-08 15:00:00,1.16217,1.16220,1.16030,1.16059,4097
2025-10-08 16:00:00,1.16061,1.16070,1.15984,1.16053,2541
2025-10-08 17:00:00,1.16052,1.16094,1.16024,1.16052,1962
2025-10-08 18:00:00,1.16049,1.16222,1.15996,1.16200,4624
2025-10-08 19:00:00,1.16204,1.16284,1.16204,1.16281,2030
2025-10-08 20:00:00,1.16280,1.16323,1.16231,1.16232,1490
2025-10-08 21:00:00,1.16241,1.16285,1.16194,1.16277,3028
2025-10-08 22:00:00,1.16282,1.16350,1.16268,1.16336,843
2025-10-08 23:00:00,1.16339,1.16339,1.16279,1.16293,1016
2025-10-09 00:00:00,1.16292,1.16409,1.16280,1.16371,2043
2025-10-09 01:00:00,1.16367,1.16457,1.16365,1.16401,2700
2025-10-09 02:00:00,1.16401,1.16477,1.16389,1.16440,1447
2025-10-09 03:00:00,1.16439,1.16467,1.16404,1.16448,1251
2025-10-09 04:00:00,1.16449,1.16470,1.16419,1.16456,1010
2025-10-09 05:00:00,1.16454,1.16482,1.16384,1.16386,1554
2025-10-09 06:00:00,1.16387,1.16388,1.16116,1.16157,5150
2025-10-09 07:00:00,1.16159,1.16232,1.16064,1.16112,4792
2025-10-09 08:00:00,1.16111,1.16146,1.16031,1.16124,4150
2025-10-09 09:00:00,1.16125,1.16272,1.16109,1.16257,5201
2025-10-09 10:00:00,1.16260,1.16273,1.16131,1.16186,2784
2025-10-09 11:00:00,1.16187,1.16223,1.16093,1.16121,3489
2025-10-09 12:00:00,1.16123,1.16164,1.16051,1.16151,4169
2025-10-09 13:00:00,1.16153,1.16236,1.15916,1.16028,8328
2025-10-09 14:00:00,1.16026,1.16029,1.15765,1.15811,8658
2025-10-09 15:00:00,1.15811,1.15818,1.15470,1.15589,6737
2025-10-09 16:00:00,1.15594,1.15633,1.15524,1.15581,3763
2025-10-09 17:00:00,1.15581,1.15664,1.15542,1.15600,3823
2025-10-09 18:00:00,1.15599,1.15606,1.15420,1.15464,2322
2025-10-09 19:00:00,1.15464,1.15616,1.15464,1.15596,2384
2025-10-09 20:00:00,1.15591,1.15670,1.15587,1.15637,1282
2025-10-09 21:00:00,1.15541,1.15644,1.15471,1.15632,231
2025-10-09 22:00:00,1.15631,1.15670,1.15617,1.15647,936
2025-10-09 23:00:00,1.15646,1.15662,1.15571,1.15654,1407
2025-10-10 00:00:00,1.15653,1.15708,1.15606,1.15676,2011
2025-10-10 01:00:00,1.15677,1.15715,1.15626,1.15628,2054
2025-10-10 02:00:00,1.15629,1.15730,1.15625,1.15695,1575
2025-10-10 03:00:00,1.15695,1.15742,1.15672,1.15729,1376
2025-10-10 04:00:00,1.15728,1.15736,1.15675,1.15736,1221
2025-10-10 05:00:00,1.15735,1.15779,1.15697,1.15701,1625
2025-10-10 06:00:00,1.15700,1.15749,1.15611,1.15705,4561
2025-10-10 07:00:00,1.15704,1.15800,1.15639,1.15781,4126
2025-10-10 08:00:00,1.15776,1.15895,1.15754,1.15789,3583
2025-10-10 09:00:00,1.15789,1.15801,1.15688,1.15744,2735
2025-10-10 10:00:00,1.15745,1.15835,1.15704,1.15716,2623
2025-10-10 11:00:00,1.15717,1.15749,1.15603,1.15609,3264
2025-10-10 12:00:00,1.15608,1.15763,1.15590,1.15720,3590
2025-10-10 13:00:00,1.15720,1.15735,1.15620,1.15680,3732
2025-10-10 14:00:00,1.15681,1.15824,1.15648,1.15784,5309
2025-10-10 15:00:00,1.15784,1.16310,1.15779,1.16125,14081
2025-10-10 16:00:00,1.16124,1.16257,1.16042,1.16059,5386
2025-10-10 17:00:00,1.16058,1.16094,1.15970,1.16012,2697
2025-10-10 18:00:00,1.16012,1.16130,1.15999,1.16086,1877
2025-10-10 19:00:00,1.16087,1.16152,1.16036,1.16127,1500
2025-10-10 20:00:00,1.16128,1.16245,1.16039,1.16234,2227
2025-10-12 21:00:00,1.16114,1.16147,1.16085,1.16119,708
2025-10-12 22:00:00,1.16127,1.16127,1.15922,1.16030,3289
2025-10-12 23:00:00,1.16034,1.16101,1.16002,1.16016,2814
2025-10-13 00:00:00,1.16014,1.16160,1.16000,1.16158,3795
2025-10-13 01:00:00,1.16160,1.16211,1.16097,1.16199,3449
2025-10-13 02:00:00,1.16201,1.16276,1.16168,1.16195,2201
2025-10-13 03:00:00,1.16195,1.16218,1.16159,1.16207,1645
2025-10-13 04:00:00,1.16205,1.16252,1.16179,1.16203,1270
2025-10-13 05:00:00,1.16204,1.16239,1.16129,1.16146,1908
2025-10-13 06:00:00,1.16148,1.16298,1.16108,1.16141,3976
2025-10-13 07:00:00,1.16140,1.16159,1.15975,1.15998,5554
2025-10-13 08:00:00,1.15998,1.16049,1.15816,1.15853,4563
2025-10-13 09:00:00,1.15854,1.15982,1.15845,1.15942,2641
2025-10-13 10:00:00,1.15942,1.15959,1.15815,1.15836,2801
2025-10-13 11:00:00,1.15835,1.15942,1.15656,1.15685,4000
2025-10-13 12:00:00,1.15687,1.15766,1.15616,1.15686,3917
2025-10-13 13:00:00,1.15685,1.15775,1.15646,1.15752,4565
2025-10-13 14:00:00,1.15752,1.15753,1.15574,1.15613,4225
2025-10-13 15:00:00,1.15614,1.15755,1.15601,1.15740,2667
2025-10-13 16:00:00,1.15741,1.15791,1.15697,1.15754,2660
2025-10-13 17:00:00,1.15755,1.15771,1.15697,1.15732,1657
2025-10-13 18:00:00,1.15733,1.15777,1.15657,1.15685,1669
2025-10-13 19:00:00,1.15685,1.15741,1.15661,1.15662,1252
2025-10-13 20:00:00,1.15661,1.15706,1.15651,1.15694,1559
2025-10-13 21:00:00,1.15681,1.15726,1.15677,1.15707,688
2025-10-13 22:00:00,1.15717,1.15740,1.15677,1.15679,1123
2025-10-13 23:00:00,1.15680,1.15700,1.15636,1.15659,1365
2025-10-14 00:00:00,1.15653,1.15674,1.15549,1.15610,3371
2025-10-14 01:00:00,1.15610,1.15735,1.15606,1.15708,2996
2025-10-14 02:00:00,1.15709,1.15765,1.15703,1.15736,1758
2025-10-14 03:00:00,1.15737,1.15819,1.15715,1.15787,1846
2025-10-14 04:00:00,1.15788,1.15928,1.15781,1.15920,3468
2025-10-14 05:00:00,1.15921,1.15936,1.15826,1.15846,3872
2025-10-14 06:00:00,1.15847,1.15896,1.15631,1.15700,6723
2025-10-14 07:00:00,1.15701,1.15747,1.15423,1.15496,7256
2025-10-14 08:00:00,1.15496,1.15608,1.15457,1.15593,5135
2025-10-14 09:00:00,1.15593,1.15634,1.15516,1.15552,4334
2025-10-14 10:00:00,1.15549,1.15595,1.15512,1.15536,4253
2025-10-14 11:00:00,1.15535,1.15583,1.15464,1.15522,4088
2025-10-14 12:00:00,1.15523,1.15652,1.15481,1.15557,5786
2025-10-14 13:00:00,1.15556,1.15831,1.15542,1.15742,8268
2025-10-14 14:00:00,1.15741,1.15974,1.15691,1.15942,7531
2025-10-14 15:00:00,1.15943,1.16084,1.15865,1.16074,6510
2025-10-14 16:00:00,1.16074,1.16150,1.16011,1.16094,6251
2025-10-14 17:00:00,1.16093,1.16122,1.16018,1.16094,3296
2025-10-14 18:00:00,1.16093,1.16119,1.16035,1.16051,2483
2025-10-14 19:00:00,1.16050,1.16113,1.16044,1.16055,3277
2025-10-14 20:00:00,1.16055,1.16079,1.16000,1.16062,1623
2025-10-14 21:00:00,1.16049,1.16081,1.16049,1.16068,371
2025-10-14 22:00:00,1.16068,1.16094,1.16034,1.16034,1481
2025-10-14 23:00:00,1.16035,1.16058,1.16017,1.16032,1447
2025-10-15 00:00:00,1.16032,1.16141,1.16017,1.16103,3251
2025-10-15 01:00:00,1.16104,1.16229,1.16070,1.16191,3806
2025-10-15 02:00:00,1.16192,1.16259,1.16179,1.16228,2599
2025-10-15 03:00:00,1.16228,1.16242,1.16184,1.16223,2276
2025-10-15 04:00:00,1.16222,1.16242,1.16168,1.16183,1760
2025-10-15 05:00:00,1.16184,1.16267,1.16183,1.16196,2289
2025-10-15 06:00:00,1.16195,1.16386,1.16174,1.16341,4748
2025-10-15 07:00:00,1.16341,1.16445,1.16292,1.16357,5187
2025-10-15 08:00:00,1.16357,1.16454,1.16313,1.16325,4373
2025-10-15 09:00:00,1.16326,1.16391,1.16278,1.16347,3931
2025-10-15 10:00:00,1.16346,1.16350,1.16205,1.16241,2757
2025-10-15 11:00:00,1.16240,1.16323,1.16197,1.16200,2834
2025-10-15 12:00:00,1.16200,1.16275,1.16138,1.16175,5208
2025-10-15 13:00:00,1.16176,1.16320,1.16105,1.16273,7055
2025-10-15 14:00:00,1.16272,1.16301,1.16195,1.16246,4749
2025-10-15 15:00:00,1.16247,1.16471,1.16185,1.16370,5624
2025-10-15 16:00:00,1.16372,1.16408,1.16284,1.16400,4019
2025-10-15 17:00:00,1.16400,1.16401,1.16269,1.16294,4266
2025-10-15 18:00:00,1.16295,1.16373,1.16277,1.16331,2605
2025-10-15 19:00:00,1.16330,1.16448,1.16328,1.16444,1902
2025-10-15 20:00:00,1.16443,1.16477,1.16426,1.16465,1809
2025-10-15 21:00:00,1.16420,1.16445,1.16380,1.16425,767
2025-10-15 22:00:00,1.16430,1.16519,1.16420,1.16464,1457
2025-10-15 23:00:00,1.16465,1.16471,1.16446,1.16458,1070
2025-10-16 00:00:00,1.16458,1.16670,1.16428,1.16629,3937
2025-10-16 01:00:00,1.16629,1.16755,1.16610,1.16700,4199
2025-10-16 02:00:00,1.16701,1.16747,1.16640,1.16661,2894
2025-10-16 03:00:00,1.16660,1.16672,1.16614,1.16621,2066
2025-10-16 04:00:00,1.16621,1.16621,1.16557,1.16561,1591
2025-10-16 05:00:00,1.16560,1.16616,1.16536,1.16600,2784
2025-10-16 06:00:00,1.16601,1.16679,1.16521,1.16538,4818
2025-10-16 07:00:00,1.16538,1.16567,1.16430,1.16519,5846
2025-10-16 08:00:00,1.16517,1.16598,1.16484,1.16590,4753
2025-10-16 09:00:00,1.16589,1.16639,1.16521,1.16582,3620
2025-10-16 10:00:00,1.16583,1.16629,1.16528,1.16552,3491
2025-10-16 11:00:00,1.16554,1.16563,1.16462,1.16540,3973
2025-10-16 12:00:00,1.16540,1.16616,1.16489,1.16605,5167
2025-10-16 13:00:00,1.16605,1.16642,1.16499,1.16575,6162
2025-10-16 14:00:00,1.16575,1.16780,1.16535,1.16771,6224
2025-10-16 15:00:00,1.16771,1.16781,1.16611,1.16646,5181
2025-10-16 16:00:00,1.16645,1.16790,1.16642,1.16770,6751
2025-10-16 17:00:00,1.16769,1.16936,1.16768,1.16882,5526
2025-10-16 18:00:00,1.16881,1.16934,1.16804,1.16893,3910
2025-10-16 19:00:00,1.16895,1.16943,1.16870,1.16889,3148
2025-10-16 20:00:00,1.16888,1.16914,1.16847,1.16868,1734
2025-10-16 21:00:00,1.16834,1.16887,1.16833,1.16868,599
2025-10-16 22:00:00,1.16875,1.16960,1.16863,1.16945,1735
2025-10-16 23:00:00,1.16945,1.16996,1.16930,1.16991,1535
2025-10-17 00:00:00,1.16991,1.17113,1.16952,1.17067,2870
2025-10-17 01:00:00,1.17066,1.17096,1.16997,1.17009,4061
2025-10-17 02:00:00,1.17009,1.17113,1.16950,1.17050,2806
2025-10-17 03:00:00,1.17051,1.17123,1.17044,1.17090,2162
2025-10-17 04:00:00,1.17091,1.17122,1.17060,1.17098,1709
2025-10-17 05:00:00,1.17099,1.17284,1.17097,1.17230,2406
2025-10-17 06:00:00,1.17231,1.17265,1.17083,1.17105,6268
2025-10-17 07:00:00,1.17104,1.17149,1.16932,1.17117,9654
2025-10-17 08:00:00,1.17116,1.17162,1.16915,1.16972,6272
2025-10-17 09:00:00,1.16973,1.17079,1.16964,1.17012,3616
2025-10-17 10:00:00,1.17011,1.17025,1.16874,1.16896,3734
2025-10-17 11:00:00,1.16897,1.16971,1.16804,1.16850,6016
2025-10-17 12:00:00,1.16850,1.16863,1.16668,1.16765,6386
2025-10-17 13:00:00,1.16765,1.16813,1.16690,1.16705,6959
2025-10-17 14:00:00,1.16705,1.16732,1.16566,1.16668,7729
2025-10-17 15:00:00,1.16669,1.16734,1.16608,1.16734,5089
2025-10-17 16:00:00,1.16731,1.16794,1.16698,1.16708,3363
2025-10-17 17:00:00,1.16709,1.16758,1.16670,1.16679,2994
2025-10-17 18:00:00,1.16680,1.16743,1.16637,1.16680,2835
2025-10-17 19:00:00,1.16680,1.16713,1.16660,1.16706,1857
2025-10-17 20:00:00,1.16707,1.16707,1.16499,1.16523,1815
2025-10-19 21:00:00,1.16611,1.16649,1.16535,1.16548,549
2025-10-19 22:00:00,1.16549,1.16578,1.16517,1.16563,1763
2025-10-19 23:00:00,1.16560,1.16616,1.16542,1.16579,1433
2025-10-20 00:00:00,1.16580,1.16665,1.16577,1.16665,3084
2025-10-20 01:00:00,1.16665,1.16675,1.16564,1.16599,2581
2025-10-20 02:00:00,1.16598,1.16707,1.16598,1.16658,1868
2025-10-20 03:00:00,1.16658,1.16688,1.16647,1.16682,1444
2025-10-20 04:00:00,1.16683,1.16740,1.16656,1.16712,1458
2025-10-20 05:00:00,1.16712,1.16756,1.16698,1.16737,1952
2025-10-20 06:00:00,1.16737,1.16737,1.16565,1.16584,4218
2025-10-20 07:00:00,1.16584,1.16682,1.16537,1.16625,4516
2025-10-20 08:00:00,1.16626,1.16665,1.16577,1.16635,4341
2025-10-20 09:00:00,1.16636,1.16677,1.16592,1.16618,4585
2025-10-20 10:00:00,1.16618,1.16631,1.16511,1.16535,3350
2025-10-20 11:00:00,1.16535,1.16565,1.16444,1.16565,3455
2025-10-20 12:00:00,1.16564,1.16604,1.16501,1.16534,4684
2025-10-20 13:00:00,1.16534,1.16546,1.16464,1.16491,4562
2025-10-20 14:00:00,1.16490,1.16644,1.16475,1.16537,4467
2025-10-20 15:00:00,1.16538,1.16644,1.16524,1.16551,4124
2025-10-20 16:00:00,1.16551,1.16582,1.16493,1.16499,2361
2025-10-20 17:00:00,1.16499,1.16529,1.16411,1.16434,1939
2025-10-20 18:00:00,1.16433,1.16484,1.16374,1.16464,1689
2025-10-20 19:00:00,1.16464,1.16494,1.16400,1.16407,1414
2025-10-20 20:00:00,1.16408,1.16444,1.16402,1.16412,1080
2025-10-20 21:00:00,1.16393,1.16443,1.16388,1.16437,411
2025-10-20 22:00:00,1.16450,1.16456,1.16427,1.16431,869
2025-10-20 23:00:00,1.16431,1.16451,1.16425,1.16441,853
2025-10-21 00:00:00,1.16441,1.16554,1.16431,1.16532,2370
2025-10-21 01:00:00,1.16531,1.16531,1.16420,1.16448,2984
2025-10-21 02:00:00,1.16451,1.16453,1.16325,1.16342,2637
2025-10-21 03:00:00,1.16342,1.16359,1.16329,1.16348,1217
2025-10-21 04:00:00,1.16348,1.16366,1.16318,1.16360,1709
2025-10-21 05:00:00,1.16361,1.16378,1.16242,1.16254,2731
2025-10-21 06:00:00,1.16253,1.16341,1.16185,1.16320,3484
2025-10-21 07:00:00,1.16319,1.16356,1.16216,1.16255,4962
2025-10-21 08:00:00,1.16253,1.16276,1.16128,1.16212,4842
2025-10-21 09:00:00,1.16213,1.16274,1.16160,1.16207,3447
2025-10-21 10:00:00,1.16206,1.16235,1.16065,1.16180,4078
2025-10-21 11:00:00,1.16179,1.16260,1.16091,1.16128,4185
2025-10-21 12:00:00,1.16128,1.16168,1.16020,1.16112,6183
2025-10-21 13:00:00,1.16110,1.16170,1.16026,1.16125,7264
2025-10-21 14:00:00,1.16124,1.16181,1.15976,1.16044,6154
2025-10-21 15:00:00,1.16044,1.16165,1.16042,1.16150,4115
2025-10-21 16:00:00,1.16151,1.16246,1.16077,1.16090,4862
2025-10-21 17:00:00,1.16090,1.16101,1.16011,1.16040,2706
2025-10-21 18:00:00,1.16041,1.16085,1.16035,1.16051,1742
2025-10-21 19:00:00,1.16052,1.16077,1.15999,1.16005,1603
2025-10-21 20:00:00,1.16005,1.16027,1.15979,1.15993,1126
2025-10-21 21:00:00,1.15969,1.16040,1.15964,1.16027,631
2025-10-21 22:00:00,1.16028,1.16028,1.15993,1.16002,1194
2025-10-21 23:00:00,1.16002,1.16018,1.15988,1.15994,885
2025-10-22 00:00:00,1.15994,1.16079,1.15994,1.16047,2751
2025-10-22 01:00:00,1.16045,1.16094,1.16012,1.16049,2298
2025-10-22 02:00:00,1.16048,1.16110,1.16048,1.16085,1552
2025-10-22 03:00:00,1.16085,1.16091,1.16046,1.16071,1383
2025-10-22 04:00:00,1.16070,1.16096,1.16048,1.16091,1291
2025-10-22 05:00:00,1.16091,1.16157,1.16090,1.16136,1710
2025-10-22 06:00:00,1.16138,1.16149,1.16042,1.16095,4855
2025-10-22 07:00:00,1.16094,1.16130,1.15996,1.16006,4502
2025-10-22 08:00:00,1.16005,1.16006,1.15899,1.15974,4899
2025-10-22 09:00:00,1.15976,1.16020,1.15921,1.15948,2317
2025-10-22 10:00:00,1.15946,1.15970,1.15827,1.15858,2324
2025-10-22 11:00:00,1.15856,1.15893,1.15821,1.15826,2719
2025-10-22 12:00:00,1.15828,1.15910,1.15766,1.15831,3332
2025-10-22 13:00:00,1.15832,1.15977,1.15818,1.15948,3371
2025-10-22 14:00:00,1.15953,1.16116,1.15923,1.16111,3305
2025-10-22 15:00:00,1.16112,1.16169,1.16087,1.16114,3349
2025-10-22 16:00:00,1.16116,1.16224,1.16103,1.16195,2859
2025-10-22 17:00:00,1.16193,1.16204,1.16126,1.16147,2041
2025-10-22 18:00:00,1.16144,1.16156,1.16075,1.16092,1432
2025-10-22 19:00:00,1.16093,1.16113,1.16049,1.16060,1153
2025-10-22 20:00:00,1.16059,1.16109,1.16059,1.16100,754
2025-10-22 21:00:00,1.16087,1.16120,1.16064,1.16114,413
2025-10-22 22:00:00,1.16115,1.16146,1.16105,1.16123,747
2025-10-22 23:00:00,1.16126,1.16126,1.16065,1.16072,971
2025-10-23 00:00:00,1.16071,1.16074,1.15977,1.16041,1696
2025-10-23 01:00:00,1.16044,1.16056,1.15974,1.15978,1573
2025-10-23 02:00:00,1.15978,1.15996,1.15951,1.15966,1238
2025-10-23 03:00:00,1.15967,1.15986,1.15919,1.15927,1024
2025-10-23 04:00:00,1.15926,1.15993,1.15905,1.15988,1219
2025-10-23 05:00:00,1.15988,1.16042,1.15967,1.16015,1165
2025-10-23 06:00:00,1.16014,1.16037,1.15907,1.15944,2328
2025-10-23 07:00:00,1.15940,1.16016,1.15909,1.16001,2405
2025-10-23 08:00:00,1.15999,1.16062,1.15930,1.15963,2194
2025-10-23 09:00:00,1.15960,1.16002,1.15931,1.15937,1719
2025-10-23 10:00:00,1.15936,1.15949,1.15857,1.15880,1622
2025-10-23 11:00:00,1.15877,1.15931,1.15855,1.15871,1975
2025-10-23 12:00:00,1.15875,1.16062,1.15866,1.16007,2556
2025-10-23 13:00:00,1.16008,1.16107,1.15982,1.16069,3219
2025-10-23 14:00:00,1.16068,1.16199,1.16059,1.16132,3328
2025-10-23 15:00:00,1.16133,1.16159,1.16065,1.16117,2473
2025-10-23 16:00:00,1.16118,1.16162,1.16065,1.16069,1766
2025-10-23 17:00:00,1.16067,1.16124,1.16045,1.16119,1497
2025-10-23 18:00:00,1.16117,1.16179,1.16099,1.16176,1197
2025-10-23 19:00:00,1.16177,1.16201,1.16154,1.16166,976
2025-10-23 20:00:00,1.16165,1.16194,1.16137,1.16183,860
2025-10-23 21:00:00,1.16173,1.16187,1.16151,1.16170,498
2025-10-23 22:00:00,1.16166,1.16213,1.16166,1.16180,745
2025-10-23 23:00:00,1.16178,1.16190,1.16150,1.16171,688
2025-10-24 00:00:00,1.16170,1.16216,1.16169,1.16181,1345
2025-10-24 01:00:00,1.16181,1.16189,1.16089,1.16094,1352
2025-10-24 02:00:00,1.16098,1.16127,1.16078,1.16080,1290
2025-10-24 03:00:00,1.16079,1.16118,1.16072,1.16091,935
2025-10-24 04:00:00,1.16089,1.16092,1.16058,1.16077,842
2025-10-24 05:00:00,1.16076,1.16081,1.16020,1.16056,1137
2025-10-24 06:00:00,1.16055,1.16141,1.16009,1.16140,2121
2025-10-24 07:00:00,1.16138,1.16279,1.16019,1.16184,3133
2025-10-24 08:00:00,1.16182,1.16238,1.16064,1.16104,2771
2025-10-24 09:00:00,1.16096,1.16128,1.16053,1.16118,1834
2025-10-24 10:00:00,1.16120,1.16167,1.16110,1.16129,1653
2025-10-24 11:00:00,1.16128,1.16158,1.16073,1.16150,2070
2025-10-24 12:00:00,1.16151,1.16488,1.16089,1.16342,4997
2025-10-24 13:00:00,1.16344,1.16435,1.16209,1.16269,4535
2025-10-24 14:00:00,1.16267,1.16359,1.16183,1.16261,3881
2025-10-24 15:00:00,1.16260,1.16357,1.16214,1.16255,2959
2025-10-24 16:00:00,1.16254,1.16278,1.16211,1.16257,1866
2025-10-24 17:00:00,1.16256,1.16320,1.16245,1.16275,1364
2025-10-24 18:00:00,1.16276,1.16280,1.16249,1.16261,1317
2025-10-24 19:00:00,1.16262,1.16334,1.16260,1.16316,1249
2025-10-24 20:00:00,1.16315,1.16361,1.16212,1.16277,1203
2025-10-26 21:00:00,1.16356,1.16371,1.16278,1.16312,808
2025-10-26 22:00:00,1.16317,1.16356,1.16258,1.16286,1660
2025-10-26 23:00:00,1.16284,1.16330,1.16257,1.16312,1132
2025-10-27 00:00:00,1.16311,1.16377,1.16279,1.16349,1699
2025-10-27 01:00:00,1.16348,1.16479,1.16335,1.16392,1801
2025-10-27 02:00:00,1.16392,1.16396,1.16303,1.16309,1167
2025-10-27 03:00:00,1.16310,1.16325,1.16271,1.16279,960
2025-10-27 04:00:00,1.16278,1.16279,1.16208,1.16245,972
2025-10-27 05:00:00,1.16248,1.16271,1.16209,1.16263,1176
2025-10-27 06:00:00,1.16264,1.16324,1.16248,1.16263,1576
2025-10-27 07:00:00,1.16266,1.16279,1.16199,1.16200,1862
2025-10-27 08:00:00,1.16201,1.16333,1.16178,1.16283,2495
2025-10-27 09:00:00,1.16282,1.16399,1.16261,1.16379,2204
2025-10-27 10:00:00,1.16380,1.16447,1.16354,1.16416,1737
2025-10-27 11:00:00,1.16417,1.16475,1.16360,1.16461,2026
2025-10-27 12:00:00,1.16462,1.16517,1.16378,1.16414,2582
2025-10-27 13:00:00,1.16412,1.16429,1.16316,1.16358,2630
2025-10-27 14:00:00,1.16357,1.16425,1.16325,1.16409,2564
2025-10-27 15:00:00,1.16410,1.16418,1.16329,1.16353,2528
2025-10-27 16:00:00,1.16354,1.16412,1.16325,1.16388,2039
2025-10-27 17:00:00,1.16389,1.16418,1.16356,1.16379,1380
2025-10-27 18:00:00,1.16380,1.16522,1.16351,1.16504,1712
2025-10-27 19:00:00,1.16505,1.16506,1.16441,1.16477,1417
2025-10-27 20:00:00,1.16475,1.16488,1.16436,1.16449,850
2025-10-27 21:00:00,1.16449,1.16473,1.16448,1.16458,455
2025-10-27 22:00:00,1.16459,1.16507,1.16458,1.16498,1202
2025-10-27 23:00:00,1.16497,1.16548,1.16496,1.16510,896
2025-10-28 00:00:00,1.16509,1.16591,1.16465,1.16556,1541
2025-10-28 01:00:00,1.16557,1.16638,1.16552,1.16575,1750
2025-10-28 02:00:00,1.16576,1.16631,1.16540,1.16546,1456
2025-10-28 03:00:00,1.16545,1.16632,1.16543,1.16600,1174
2025-10-28 04:00:00,1.16601,1.16677,1.16589,1.16663,1200
2025-10-28 05:00:00,1.16664,1.16681,1.16628,1.16638,1243
2025-10-28 06:00:00,1.16632,1.16672,1.16550,1.16560,1393
2025-10-28 07:00:00,1.16558,1.16616,1.16511,1.16553,1883
2025-10-28 08:00:00,1.16549,1.16628,1.16488,1.16522,2942
2025-10-28 09:00:00,1.16523,1.16589,1.16449,1.16569,2059
2025-10-28 10:00:00,1.16570,1.16650,1.16549,1.16642,1662
2025-10-28 11:00:00,1.16641,1.16643,1.16550,1.16592,1629
2025-10-28 12:00:00,1.16596,1.16600,1.16352,1.16402,2691
2025-10-28 13:00:00,1.16398,1.16405,1.16257,1.16396,3025
2025-10-28 14:00:00,1.16395,1.16636,1.16373,1.16606,2973
2025-10-28 15:00:00,1.16607,1.16673,1.16549,1.16590,2632
2025-10-28 16:00:00,1.16588,1.16680,1.16530,1.16679,2720
2025-10-28 17:00:00,1.16680,1.16689,1.16594,1.16632,1862
2025-10-28 18:00:00,1.16634,1.16639,1.16561,1.16622,1357
2025-10-28 19:00:00,1.16624,1.16651,1.16517,1.16525,1385
2025-10-28 20:00:00,1.16524,1.16574,1.16510,1.16513,1005
2025-10-28 21:00:00,1.16512,1.16533,1.16507,1.16522,483
2025-10-28 22:00:00,1.16529,1.16544,1.16500,1.16506,798
2025-10-28 23:00:00,1.16507,1.16575,1.16485,1.16573,587
2025-10-29 00:00:00,1.16570,1.16610,1.16533,1.16545,2380
2025-10-29 01:00:00,1.16544,1.16561,1.16464,1.16474,1756
2025-10-29 02:00:00,1.16469,1.16480,1.16416,1.16465,1181
2025-10-29 03:00:00,1.16466,1.16467,1.16369,1.16372,845
2025-10-29 04:00:00,1.16373,1.16375,1.16315,1.16343,991
2025-10-29 05:00:00,1.16342,1.16356,1.16272,1.16316,1377
2025-10-29 06:00:00,1.16315,1.16326,1.16251,1.16298,1402
2025-10-29 07:00:00,1.16296,1.16379,1.16284,1.16328,2317
2025-10-29 08:00:00,1.16327,1.16341,1.16233,1.16233,2158
2025-10-29 09:00:00,1.16229,1.16472,1.16188,1.16412,2382
2025-10-29 10:00:00,1.16413,1.16488,1.16370,1.16473,1810
2025-10-29 11:00:00,1.16474,1.16487,1.16331,1.16396,1911
2025-10-29 12:00:00,1.16403,1.16450,1.16275,1.16339,2284
2025-10-29 13:00:00,1.16340,1.16460,1.16335,1.16367,2995
2025-10-29 14:00:00,1.16366,1.16515,1.16316,1.16505,2513
2025-10-29 15:00:00,1.16506,1.16648,1.16451,1.16637,2731
2025-10-29 16:00:00,1.16638,1.16659,1.16554,1.16572,2178
2025-10-29 17:00:00,1.16571,1.16590,1.16458,1.16471,1842
2025-10-29 18:00:00,1.16486,1.16509,1.15842,1.15944,7347
2025-10-29 19:00:00,1.15945,1.16000,1.15777,1.15994,5702
2025-10-29 20:00:00,1.15993,1.16074,1.15907,1.16010,1945
2025-10-29 21:00:00,1.16012,1.16052,1.16010,1.16030,450
2025-10-29 22:00:00,1.16030,1.16058,1.16014,1.16041,766
2025-10-29 23:00:00,1.16040,1.16053,1.16015,1.16031,551
2025-10-30 00:00:00,1.16030,1.16155,1.15970,1.16120,1665
2025-10-30 01:00:00,1.16123,1.16153,1.16087,1.16139,1730
2025-10-30 02:00:00,1.16138,1.16198,1.16124,1.16173,1332
2025-10-30 03:00:00,1.16175,1.16199,1.16071,1.16155,1977
2025-10-30 04:00:00,1.16156,1.16375,1.16136,1.16320,3142
2025-10-30 05:00:00,1.16318,1.16342,1.16236,1.16241,1875
2025-10-30 06:00:00,1.16242,1.16298,1.16181,1.16196,2638
2025-10-30 07:00:00,1.16196,1.16229,1.16096,1.16186,3073
2025-10-30 08:00:00,1.16190,1.16204,1.16070,1.16175,3007
2025-10-30 09:00:00,1.16176,1.16285,1.16144,1.16164,2695
2025-10-30 10:00:00,1.16170,1.16199,1.16060,1.16067,2176
2025-10-30 11:00:00,1.16068,1.16112,1.15962,1.15979,2394
2025-10-30 12:00:00,1.15982,1.15992,1.15532,1.15550,3680
2025-10-30 13:00:00,1.15552,1.15794,1.15470,1.15794,4733
2025-10-30 14:00:00,1.15795,1.15864,1.15678,1.15732,4528
2025-10-30 15:00:00,1.15731,1.15774,1.15607,1.15637,2791
2025-10-30 16:00:00,1.15636,1.15714,1.15594,1.15693,2283
2025-10-30 17:00:00,1.15694,1.15699,1.15603,1.15664,1841
2025-10-30 18:00:00,1.15666,1.15705,1.15643,1.15679,1781
2025-10-30 19:00:00,1.15680,1.15716,1.15618,1.15642,1560
2025-10-30 20:00:00,1.15643,1.15724,1.15636,1.15648,1058
2025-10-30 21:00:00,1.15654,1.15710,1.15650,1.15701,712
2025-10-30 22:00:00,1.15700,1.15700,1.15660,1.15681,837
2025-10-30 23:00:00,1.15679,1.15734,1.15659,1.15718,819
2025-10-31 00:00:00,1.15717,1.15772,1.15704,1.15738,1600
2025-10-31 01:00:00,1.15737,1.15777,1.15666,1.15676,1790
2025-10-31 02:00:00,1.15677,1.15747,1.15650,1.15681,1387
2025-10-31 03:00:00,1.15680,1.15710,1.15661,1.15673,1195
2025-10-31 04:00:00,1.15670,1.15734,1.15664,1.15722,905
2025-10-31 05:00:00,1.15720,1.15722,1.15664,1.15681,1302
2025-10-31 06:00:00,1.15682,1.15735,1.15608,1.15615,1439
2025-10-31 07:00:00,1.15614,1.15659,1.15550,1.15649,2489
2025-10-31 08:00:00,1.15650,1.15714,1.15598,1.15706,2153
2025-10-31 09:00:00,1.15707,1.15769,1.15656,1.15760,1955
2025-10-31 10:00:00,1.15762,1.15763,1.15673,1.15710,1759
2025-10-31 11:00:00,1.15712,1.15743,1.15580,1.15668,1973
2025-10-31 12:00:00,1.15666,1.15666,1.15533,1.15560,2806
2025-10-31 13:00:00,1.15554,1.15563,1.15301,1.15390,3418
2025-10-31 14:00:00,1.15389,1.15427,1.15222,1.15342,3703
2025-10-31 15:00:00,1.15343,1.15430,1.15239,1.15409,3850
2025-10-31 16:00:00,1.15410,1.15435,1.15282,1.15302,2872
2025-10-31 17:00:00,1.15304,1.15312,1.15221,1.15241,1611
2025-10-31 18:00:00,1.15238,1.15271,1.15216,1.15248,1286
2025-10-31 19:00:00,1.15251,1.15318,1.15232,1.15257,1169
2025-10-31 20:00:00,1.15259,1.15381,1.15255,1.15360,891
2025-11-02 22:00:00,1.15324,1.15343,1.15314,1.15332,1432
2025-11-02 23:00:00,1.15334,1.15386,1.15256,1.15275,1866
2025-11-03 00:00:00,1.15274,1.15311,1.15242,1.15258,1469
2025-11-03 01:00:00,1.15260,1.15292,1.15216,1.15271,1568
2025-11-03 02:00:00,1.15275,1.15342,1.15264,1.15316,1247
2025-11-03 03:00:00,1.15319,1.15344,1.15302,1.15337,834
2025-11-03 04:00:00,1.15338,1.15372,1.15319,1.15341,887
2025-11-03 05:00:00,1.15340,1.15377,1.15323,1.15351,1128
2025-11-03 06:00:00,1.15350,1.15414,1.15344,1.15378,1270
2025-11-03 07:00:00,1.15377,1.15412,1.15336,1.15399,2016
2025-11-03 08:00:00,1.15400,1.15403,1.15097,1.15134,2428
2025-11-03 09:00:00,1.15135,1.15209,1.15112,1.15144,2074
2025-11-03 10:00:00,1.15145,1.15202,1.15081,1.15154,2199
2025-11-03 11:00:00,1.15153,1.15200,1.15126,1.15156,1757
2025-11-03 12:00:00,1.15154,1.15223,1.15142,1.15173,1786
2025-11-03 13:00:00,1.15168,1.15178,1.15058,1.15112,2402
2025-11-03 14:00:00,1.15110,1.15130,1.15051,1.15104,2813
2025-11-03 15:00:00,1.15141,1.15252,1.15060,1.15252,3702
2025-11-03 16:00:00,1.15250,1.15319,1.15216,1.15310,2284
2025-11-03 17:00:00,1.15309,1.15378,1.15267,1.15274,1937
2025-11-03 18:00:00,1.15273,1.15310,1.15207,1.15232,1424
2025-11-03 19:00:00,1.15233,1.15249,1.15166,1.15196,1345
2025-11-03 20:00:00,1.15197,1.15232,1.15180,1.15196,1247
2025-11-03 21:00:00,1.15195,1.15204,1.15160,1.15197,704
2025-11-03 22:00:00,1.15193,1.15212,1.15192,1.15210,438
2025-11-03 23:00:00,1.15209,1.15210,1.15186,1.15187,914
2025-11-04 00:00:00,1.15185,1.15186,1.15057,1.15084,1723
2025-11-04 01:00:00,1.15084,1.15101,1.14982,1.15101,1973
2025-11-04 02:00:00,1.15101,1.15111,1.15050,1.15111,1474
2025-11-04 03:00:00,1.15110,1.15178,1.15106,1.15134,1356
2025-11-04 04:00:00,1.15136,1.15177,1.15093,1.15096,862
2025-11-04 05:00:00,1.15096,1.15141,1.15075,1.15126,1275
2025-11-04 06:00:00,1.15127,1.15268,1.15115,1.15234,1693
2025-11-04 07:00:00,1.15236,1.15336,1.15226,1.15272,1981
2025-11-04 08:00:00,1.15271,1.15289,1.15135,1.15140,2601
2025-11-04 09:00:00,1.15139,1.15171,1.15001,1.15010,2256
2025-11-04 10:00:00,1.15008,1.15099,1.14991,1.15038,1812
2025-11-04 11:00:00,1.15040,1.15057,1.14895,1.14901,1625
2025-11-04 12:00:00,1.14900,1.14932,1.14771,1.14894,2335
2025-11-04 13:00:00,1.14893,1.14969,1.14884,1.14922,2133
2025-11-04 14:00:00,1.14919,1.14948,1.14732,1.14809,2890
2025-11-04 15:00:00,1.14803,1.14929,1.14747,1.14917,2820
2025-11-04 16:00:00,1.14916,1.14968,1.14875,1.14897,2317
2025-11-04 17:00:00,1.14898,1.14902,1.14836,1.14840,1134
2025-11-04 18:00:00,1.14837,1.14866,1.14812,1.14841,1077
2025-11-04 19:00:00,1.14839,1.14872,1.14788,1.14793,1156
2025-11-04 20:00:00,1.14792,1.14835,1.14753,1.14798,1074
2025-11-04 21:00:00,1.14800,1.14829,1.14792,1.14822,992
2025-11-04 22:00:00,1.14845,1.14855,1.14813,1.14837,856
2025-11-04 23:00:00,1.14840,1.14860,1.14827,1.14852,505
2025-11-05 00:00:00,1.14850,1.14856,1.14808,1.14840,1324
2025-11-05 01:00:00,1.14838,1.14981,1.14799,1.14894,2301
2025-11-05 02:00:00,1.14898,1.14923,1.14852,1.14886,1330
2025-11-05 03:00:00,1.14885,1.14925,1.14859,1.14889,1242
2025-11-05 04:00:00,1.14888,1.14919,1.14877,1.14908,623
2025-11-05 05:00:00,1.14909,1.14943,1.14894,1.14918,721
2025-11-05 06:00:00,1.14919,1.14944,1.14870,1.14880,952
2025-11-05 07:00:00,1.14879,1.14910,1.14834,1.14870,1431
2025-11-05 08:00:00,1.14872,1.14954,1.14857,1.14888,1853
2025-11-05 09:00:00,1.14884,1.14927,1.14815,1.14845,1615
2025-11-05 10:00:00,1.14849,1.14852,1.14761,1.14834,1482
2025-11-05 11:00:00,1.14835,1.14892,1.14788,1.14882,1315
2025-11-05 12:00:00,1.14890,1.14926,1.14871,1.14911,1721
2025-11-05 13:00:00,1.14909,1.14935,1.14729,1.14737,3058
2025-11-05 14:00:00,1.14736,1.14932,1.14690,1.14874,3026
2025-11-05 15:00:00,1.14740,1.14874,1.14702,1.14791,4489
2025-11-05 16:00:00,1.14794,1.14857,1.14701,1.14839,2889
2025-11-05 17:00:00,1.14846,1.14861,1.14764,1.14804,1842
2025-11-05 18:00:00,1.14808,1.14838,1.14788,1.14817,1345
2025-11-05 19:00:00,1.14819,1.14876,1.14805,1.14859,1072
2025-11-05 20:00:00,1.14860,1.14919,1.14860,1.14885,1101
2025-11-05 21:00:00,1.14887,1.14942,1.14875,1.14921,882
2025-11-05 22:00:00,1.14925,1.14935,1.14909,1.14927,507
2025-11-05 23:00:00,1.14927,1.14970,1.14914,1.14959,833
2025-11-06 00:00:00,1.14958,1.15020,1.14932,1.15007,1298
2025-11-06 01:00:00,1.15011,1.15090,1.15011,1.15073,1395
2025-11-06 02:00:00,1.15074,1.15090,1.15032,1.15054,1094
2025-11-06 03:00:00,1.15055,1.15080,1.15034,1.15071,937
2025-11-06 04:00:00,1.15070,1.15084,1.15040,1.15071,563
2025-11-06 05:00:00,1.15070,1.15110,1.15038,1.15103,787
2025-11-06 06:00:00,1.15094,1.15138,1.15054,1.15073,1031
2025-11-06 07:00:00,1.15074,1.15134,1.15069,1.15082,1532
2025-11-06 08:00:00,1.15086,1.15236,1.15061,1.15213,2314
2025-11-06 09:00:00,1.15214,1.15238,1.15112,1.15136,1775
2025-11-06 10:00:00,1.15134,1.15174,1.15103,1.15106,1307
2025-11-06 11:00:00,1.15104,1.15210,1.15103,1.15204,1342
2025-11-06 12:00:00,1.15204,1.15328,1.15141,1.15308,2846
2025-11-06 13:00:00,1.15304,1.15441,1.15291,1.15356,2961
2025-11-06 14:00:00,1.15359,1.15377,1.15201,1.15206,3061
2025-11-06 15:00:00,1.15205,1.15428,1.15191,1.15395,3809
2025-11-06 16:00:00,1.15396,1.15418,1.15316,1.15379,3075
2025-11-06 17:00:00,1.15382,1.15428,1.15299,1.15409,2658
2025-11-06 18:00:00,1.15408,1.15502,1.15392,1.15472,1940
2025-11-06 19:00:00,1.15471,1.15524,1.15419,1.15444,1685
2025-11-06 20:00:00,1.15445,1.15491,1.15429,1.15477,1376
2025-11-06 21:00:00,1.15478,1.15490,1.15447,1.15471,1198
2025-11-06 22:00:00,1.15460,1.15488,1.15428,1.15449,1908
2025-11-06 23:00:00,1.15451,1.15516,1.15451,1.15486,566
2025-11-07 00:00:00,1.15488,1.15491,1.15378,1.15396,1215
2025-11-07 01:00:00,1.15395,1.15414,1.15362,1.15381,1780
2025-11-07 02:00:00,1.15383,1.15430,1.15383,1.15401,1017
2025-11-07 03:00:00,1.15405,1.15412,1.15351,1.15380,833
2025-11-07 04:00:00,1.15381,1.15381,1.15326,1.15366,664
2025-11-07 05:00:00,1.15367,1.15386,1.15327,1.15342,668
2025-11-07 06:00:00,1.15346,1.15360,1.15296,1.15309,1221
2025-11-07 07:00:00,1.15308,1.15361,1.15307,1.15329,1347
2025-11-07 08:00:00,1.15326,1.15401,1.15298,1.15349,1921
2025-11-07 09:00:00,1.15350,1.15424,1.15345,1.15382,1509
2025-11-07 10:00:00,1.15380,1.15519,1.15376,1.15502,1558
2025-11-07 11:00:00,1.15501,1.15611,1.15494,1.15581,1770
2025-11-07 12:00:00,1.15582,1.15652,1.15538,1.15557,2296
2025-11-07 13:00:00,1.15559,1.15697,1.15558,1.15676,3190
2025-11-07 14:00:00,1.15677,1.15789,1.15655,1.15739,3194
2025-11-07 15:00:00,1.15733,1.15912,1.15714,1.15718,3596
2025-11-07 16:00:00,1.15720,1.15823,1.15714,1.15778,2092
2025-11-07 17:00:00,1.15777,1.15823,1.15715,1.15805,1728
2025-11-07 18:00:00,1.15804,1.15836,1.15677,1.15683,1332
2025-11-07 19:00:00,1.15679,1.15729,1.15556,1.15596,1779
2025-11-07 20:00:00,1.15593,1.15669,1.15576,1.15643,1453
2025-11-07 21:00:00,1.15644,1.15669,1.15591,1.15641,705
2025-11-09 22:00:00,1.15591,1.15591,1.15557,1.15574,392
2025-11-09 23:00:00,1.15578,1.15594,1.15416,1.15434,1648
2025-11-10 00:00:00,1.15431,1.15598,1.15431,1.15546,2145
2025-11-10 01:00:00,1.15545,1.15605,1.15467,1.15582,1769
2025-11-10 02:00:00,1.15581,1.15609,1.15549,1.15578,1152
2025-11-10 03:00:00,1.15580,1.15586,1.15514,1.15546,1086
2025-11-10 04:00:00,1.15548,1.15626,1.15548,1.15611,841
2025-11-10 05:00:00,1.15612,1.15666,1.15579,1.15619,1064
2025-11-10 06:00:00,1.15620,1.15649,1.15515,1.15540,1347
2025-11-10 07:00:00,1.15538,1.15720,1.15534,1.15678,1882
2025-11-10 08:00:00,1.15677,1.15832,1.15653,1.15723,2267
2025-11-10 09:00:00,1.15722,1.15737,1.15641,1.15683,1966
2025-11-10 10:00:00,1.15682,1.15714,1.15612,1.15627,1650
2025-11-10 11:00:00,1.15625,1.15642,1.15541,1.15633,1388
2025-11-10 12:00:00,1.15634,1.15757,1.15629,1.15680,1956
2025-11-10 13:00:00,1.15682,1.15781,1.15670,1.15680,2413
2025-11-10 14:00:00,1.15679,1.15685,1.15594,1.15645,2665
2025-11-10 15:00:00,1.15646,1.15671,1.15452,1.15454,2727
2025-11-10 16:00:00,1.15455,1.15549,1.15430,1.15449,2320
2025-11-10 17:00:00,1.15451,1.15614,1.15411,1.15607,2235
2025-11-10 18:00:00,1.15608,1.15650,1.15580,1.15585,1367
2025-11-10 19:00:00,1.15584,1.15631,1.15580,1.15610,1234
2025-11-10 20:00:00,1.15609,1.15647,1.15606,1.15640,1142
2025-11-10 21:00:00,1.15639,1.15639,1.15555,1.15571,853
2025-11-10 22:00:00,1.15559,1.15597,1.15552,1.15580,862
2025-11-10 23:00:00,1.15582,1.15604,1.15564,1.15568,588
2025-11-11 00:00:00,1.15570,1.15596,1.15520,1.15525,1015
2025-11-11 01:00:00,1.15524,1.15550,1.15472,1.15548,1313
2025-11-11 02:00:00,1.15553,1.15571,1.15520,1.15535,819
2025-11-11 03:00:00,1.15534,1.15582,1.15534,1.15564,706
2025-11-11 04:00:00,1.15562,1.15594,1.15554,1.15581,587
2025-11-11 05:00:00,1.15582,1.15652,1.15577,1.15617,925
2025-11-11 06:00:00,1.15616,1.15630,1.15506,1.15522,1071
2025-11-11 07:00:00,1.15526,1.15608,1.15499,1.15599,2238
2025-11-11 08:00:00,1.15601,1.15684,1.15546,1.15546,1882
2025-11-11 09:00:00,1.15540,1.15685,1.15534,1.15648,1640
2025-11-11 10:00:00,1.15647,1.15746,1.15626,1.15731,1498
2025-11-11 11:00:00,1.15730,1.15778,1.15701,1.15720,1417
2025-11-11 12:00:00,1.15721,1.15772,1.15685,1.15704,1757
2025-11-11 13:00:00,1.15708,1.16058,1.15705,1.16010,3765
2025-11-11 14:00:00,1.16012,1.16050,1.15934,1.16006,2776
2025-11-11 15:00:00,1.16005,1.16032,1.15915,1.15950,2876
2025-11-11 16:00:00,1.15951,1.16000,1.15907,1.15933,2137
2025-11-11 17:00:00,1.15936,1.15992,1.15908,1.15952,1419
2025-11-11 18:00:00,1.15949,1.15956,1.15914,1.15927,1048
2025-11-11 19:00:00,1.15926,1.15930,1.15834,1.15843,1329
2025-11-11 20:00:00,1.15844,1.15891,1.15833,1.15834,1136
2025-11-11 21:00:00,1.15838,1.15856,1.15813,1.15826,940
2025-11-11 22:00:00,1.15868,1.15871,1.15833,1.15859,737
2025-11-11 23:00:00,1.15857,1.15873,1.15822,1.15869,449
2025-11-12 00:00:00,1.15867,1.15868,1.15791,1.15794,1099
2025-11-12 01:00:00,1.15795,1.15822,1.15746,1.15755,1080
2025-11-12 02:00:00,1.15754,1.15798,1.15753,1.15790,689
2025-11-12 03:00:00,1.15791,1.15815,1.15756,1.15775,679
2025-11-12 04:00:00,1.15776,1.15786,1.15701,1.15722,892
2025-11-12 05:00:00,1.15721,1.15787,1.15712,1.15763,1343
2025-11-12 06:00:00,1.15761,1.15824,1.15752,1.15821,969
2025-11-12 07:00:00,1.15822,1.15884,1.15813,1.15835,1569
2025-11-12 08:00:00,1.15838,1.15879,1.15770,1.15774,1995
2025-11-12 09:00:00,1.15775,1.15804,1.15684,1.15702,2110
2025-11-12 10:00:00,1.15701,1.15756,1.15652,1.15702,1653
2025-11-12 11:00:00,1.15703,1.15781,1.15656,1.15781,1452
2025-11-12 12:00:00,1.15780,1.15804,1.15716,1.15769,2433
2025-11-12 13:00:00,1.15769,1.15800,1.15660,1.15722,2417
2025-11-12 14:00:00,1.15722,1.15758,1.15630,1.15755,2923
2025-11-12 15:00:00,1.15754,1.15958,1.15728,1.15941,3061
2025-11-12 16:00:00,1.15940,1.15978,1.15884,1.15912,2371
2025-11-12 17:00:00,1.15913,1.15971,1.15912,1.15932,1658
2025-11-12 18:00:00,1.15933,1.15944,1.15890,1.15896,1296
2025-11-12 19:00:00,1.15894,1.15904,1.15840,1.15866,1282
2025-11-12 20:00:00,1.15861,1.15908,1.15854,1.15897,1095
2025-11-12 21:00:00,1.15895,1.15937,1.15850,1.15933,897
2025-11-12 22:00:00,1.15929,1.15933,1.15895,1.15898,1029
2025-11-12 23:00:00,1.15899,1.15946,1.15899,1.15916,567
2025-11-13 00:00:00,1.15917,1.15920,1.15803,1.15803,1479
2025-11-13 01:00:00,1.15804,1.15898,1.15789,1.15895,1481
2025-11-13 02:00:00,1.15897,1.15932,1.15853,1.15895,1036
2025-11-13 03:00:00,1.15898,1.15916,1.15869,1.15899,697
2025-11-13 04:00:00,1.15899,1.15918,1.15873,1.15902,630
2025-11-13 05:00:00,1.15902,1.15910,1.15804,1.15820,770
2025-11-13 06:00:00,1.15818,1.15859,1.15813,1.15857,1045
2025-11-13 07:00:00,1.15832,1.16123,1.15832,1.16114,2046
2025-11-13 08:00:00,1.16115,1.16296,1.16102,1.16281,2550
2025-11-13 09:00:00,1.16283,1.16350,1.16108,1.16165,2917
2025-11-13 10:00:00,1.16166,1.16236,1.16114,1.16159,1883
2025-11-13 11:00:00,1.16158,1.16206,1.16046,1.16063,1941
2025-11-13 12:00:00,1.16067,1.16231,1.16057,1.16228,2366
2025-11-13 13:00:00,1.16229,1.16251,1.16118,1.16205,2636
2025-11-13 14:00:00,1.16206,1.16311,1.16170,1.16279,3322
2025-11-13 15:00:00,1.16276,1.16432,1.16232,1.16393,3619
2025-11-13 16:00:00,1.16393,1.16489,1.16366,1.16489,3172
2025-11-13 17:00:00,1.16488,1.16562,1.16460,1.16513,2541
2025-11-13 18:00:00,1.16512,1.16518,1.16367,1.16382,2298
2025-11-13 19:00:00,1.16383,1.16414,1.16352,1.16357,1514
2025-11-13 20:00:00,1.16355,1.16393,1.16326,1.16330,1142
2025-11-13 21:00:00,1.16332,1.16380,1.16309,1.16333,864
2025-11-13 22:00:00,1.16374,1.16411,1.16348,1.16364,658
2025-11-13 23:00:00,1.16363,1.16371,1.16234,1.16302,1004
2025-11-14 00:00:00,1.16303,1.16337,1.16272,1.16331,1599
2025-11-14 01:00:00,1.16330,1.16391,1.16302,1.16333,1732
2025-11-14 02:00:00,1.16331,1.16376,1.16298,1.16357,1217
2025-11-14 03:00:00,1.16358,1.16450,1.16356,1.16383,1032
2025-11-14 04:00:00,1.16384,1.16431,1.16379,1.16422,934
2025-11-14 05:00:00,1.16416,1.16483,1.16395,1.16478,1193
2025-11-14 06:00:00,1.16479,1.16487,1.16335,1.16377,1707
2025-11-14 07:00:00,1.16380,1.16466,1.16318,1.16329,2295
2025-11-14 08:00:00,1.16328,1.16370,1.16205,1.16296,3737
2025-11-14 09:00:00,1.16297,1.16313,1.16204,1.16219,2280
2025-11-14 10:00:00,1.16216,1.16219,1.16126,1.16136,1947
2025-11-14 11:00:00,1.16134,1.16200,1.16090,1.16195,2069
2025-11-14 12:00:00,1.16196,1.16529,1.16169,1.16526,3557
2025-11-14 13:00:00,1.16527,1.16539,1.16338,1.16376,4150
2025-11-14 14:00:00,1.16379,1.16386,1.16211,1.16234,4397
2025-11-14 15:00:00,1.16234,1.16256,1.16062,1.16132,4015
2025-11-14 16:00:00,1.16130,1.16226,1.16100,1.16170,2970
2025-11-14 17:00:00,1.16169,1.16180,1.16079,1.16140,2098
2025-11-14 18:00:00,1.16141,1.16180,1.16098,1.16164,1605
2025-11-14 19:00:00,1.16165,1.16201,1.16159,1.16179,1464
2025-11-14 20:00:00,1.16180,1.16232,1.16170,1.16206,1302
2025-11-14 21:00:00,1.16207,1.16236,1.16184,1.16222,734
2025-11-16 22:00:00,1.16195,1.16245,1.16192,1.16227,587
2025-11-16 23:00:00,1.16222,1.16247,1.16116,1.16147,820
2025-11-17 00:00:00,1.16148,1.16148,1.16051,1.16063,1415
2025-11-17 01:00:00,1.16061,1.16100,1.16053,1.16066,1249
2025-11-17 02:00:00,1.16066,1.16066,1.16015,1.16021,872
2025-11-17 03:00:00,1.16020,1.16020,1.15964,1.15987,865
2025-11-17 04:00:00,1.15986,1.16034,1.15975,1.16029,589
2025-11-17 05:00:00,1.16030,1.16051,1.15991,1.16003,794
2025-11-17 06:00:00,1.16004,1.16086,1.15951,1.16076,1148
2025-11-17 07:00:00,1.16075,1.16150,1.16066,1.16134,1651
2025-11-17 08:00:00,1.16139,1.16149,1.15994,1.16032,2311
2025-11-17 09:00:00,1.16033,1.16048,1.15971,1.16014,2032
2025-11-17 10:00:00,1.16013,1.16083,1.15962,1.15966,1835
2025-11-17 11:00:00,1.15964,1.16032,1.15950,1.16012,1864
2025-11-17 12:00:00,1.16011,1.16047,1.15958,1.15988,1860
2025-11-17 13:00:00,1.15989,1.15997,1.15886,1.15912,2553
2025-11-17 14:00:00,1.15913,1.15957,1.15833,1.15859,2677
2025-11-17 15:00:00,1.15858,1.15982,1.15820,1.15975,3047
2025-11-17 16:00:00,1.15976,1.16021,1.15938,1.15973,2121
2025-11-17 17:00:00,1.15974,1.15993,1.15913,1.15938,1274
2025-11-17 18:00:00,1.15939,1.15947,1.15882,1.15911,1375
2025-11-17 19:00:00,1.15910,1.15955,1.15833,1.15840,1697
2025-11-17 20:00:00,1.15836,1.15908,1.15826,1.15885,1374
2025-11-17 21:00:00,1.15886,1.15926,1.15872,1.15917,744
2025-11-17 22:00:00,1.15919,1.15931,1.15890,1.15908,579
2025-11-17 23:00:00,1.15919,1.15943,1.15889,1.15901,529
2025-11-18 00:00:00,1.15900,1.15901,1.15850,1.15870,1044
2025-11-18 01:00:00,1.15869,1.15932,1.15846,1.15908,1194
2025-11-18 02:00:00,1.15909,1.15939,1.15881,1.15931,803
2025-11-18 03:00:00,1.15932,1.15960,1.15911,1.15926,941
2025-11-18 04:00:00,1.15925,1.16038,1.15890,1.15995,1649
2025-11-18 05:00:00,1.15993,1.16004,1.15954,1.15979,962
2025-11-18 06:00:00,1.15978,1.16012,1.15932,1.15943,1378
2025-11-18 07:00:00,1.15939,1.15997,1.15911,1.15912,2283
2025-11-18 08:00:00,1.15911,1.16064,1.15900,1.15921,2676
2025-11-18 09:00:00,1.15915,1.15958,1.15875,1.15894,1907
2025-11-18 10:00:00,1.15893,1.15909,1.15798,1.15820,1942
2025-11-18 11:00:00,1.15820,1.15886,1.15802,1.15847,1734
2025-11-18 12:00:00,1.15845,1.15929,1.15831,1.15920,2111
2025-11-18 13:00:00,1.15922,1.16020,1.15884,1.15969,3379
2025-11-18 14:00:00,1.15968,1.16022,1.15929,1.16001,2922
2025-11-18 15:00:00,1.16002,1.16079,1.15817,1.15819,3542
2025-11-18 16:00:00,1.15820,1.15841,1.15726,1.15790,3280
2025-11-18 17:00:00,1.15790,1.15807,1.15715,1.15756,1861
2025-11-18 18:00:00,1.15757,1.15857,1.15751,1.15821,1597
2025-11-18 19:00:00,1.15820,1.15872,1.15805,1.15857,1255
2025-11-18 20:00:00,1.15856,1.15870,1.15788,1.15807,1127
2025-11-18 21:00:00,1.15797,1.15836,1.15781,1.15810,688
2025-11-18 22:00:00,1.15795,1.15839,1.15782,1.15787,1023
2025-11-18 23:00:00,1.15789,1.15818,1.15776,1.15802,528
2025-11-19 00:00:00,1.15803,1.15841,1.15788,1.15824,1163
2025-11-19 01:00:00,1.15823,1.15851,1.15761,1.15769,1426
2025-11-19 02:00:00,1.15768,1.15819,1.15726,1.15788,1188
2025-11-19 03:00:00,1.15789,1.15840,1.15771,1.15839,1113
2025-11-19 04:00:00,1.15838,1.15844,1.15776,1.15843,858
2025-11-19 05:00:00,1.15842,1.15909,1.15834,1.15890,1182
2025-11-19 06:00:00,1.15889,1.15916,1.15868,1.15870,1004
2025-11-19 07:00:00,1.15869,1.15974,1.15774,1.15814,2319
2025-11-19 08:00:00,1.15814,1.15892,1.15712,1.15737,2580
2025-11-19 09:00:00,1.15729,1.15806,1.15656,1.15734,2352
2025-11-19 10:00:00,1.15734,1.15776,1.15676,1.15692,2535
2025-11-19 11:00:00,1.15693,1.15874,1.15684,1.15864,2379
2025-11-19 12:00:00,1.15867,1.15894,1.15761,1.15782,2133
2025-11-19 13:00:00,1.15783,1.15910,1.15710,1.15729,2401
2025-11-19 14:00:00,1.15730,1.15739,1.15547,1.15554,3317
2025-11-19 15:00:00,1.15554,1.15564,1.15404,1.15468,3565
2025-11-19 16:00:00,1.15469,1.15477,1.15349,1.15396,2995
2025-11-19 17:00:00,1.15397,1.15424,1.15261,1.15331,2614
2025-11-19 18:00:00,1.15332,1.15374,1.15291,1.15301,1652
2025-11-19 19:00:00,1.15299,1.15312,1.15178,1.15210,2677
2025-11-19 20:00:00,1.15211,1.15287,1.15202,1.15263,1467
2025-11-19 21:00:00,1.15262,1.15389,1.15231,1.15378,1288
2025-11-19 22:00:00,1.15388,1.15394,1.15378,1.15386,269
2025-11-19 23:00:00,1.15385,1.15421,1.15364,1.15394,775
2025-11-20 00:00:00,1.15393,1.15393,1.15289,1.15345,1615
2025-11-20 01:00:00,1.15344,1.15354,1.15224,1.15228,1637
2025-11-20 02:00:00,1.15226,1.15236,1.15152,1.15202,1475
2025-11-20 03:00:00,1.15197,1.15225,1.15100,1.15142,1359
2025-11-20 04:00:00,1.15141,1.15205,1.15131,1.15196,915
2025-11-20 05:00:00,1.15195,1.15197,1.15142,1.15158,1137
2025-11-20 06:00:00,1.15157,1.15233,1.15137,1.15198,1517
2025-11-20 07:00:00,1.15199,1.15230,1.15152,1.15198,2346
2025-11-20 08:00:00,1.15200,1.15232,1.15116,1.15209,2678
2025-11-20 09:00:00,1.15208,1.15279,1.15173,1.15274,2125
2025-11-20 10:00:00,1.15278,1.15295,1.15243,1.15274,1898
2025-11-20 11:00:00,1.15273,1.15273,1.15131,1.15143,2000
2025-11-20 12:00:00,1.15142,1.15168,1.15072,1.15110,1714
2025-11-20 13:00:00,1.15111,1.15398,1.15027,1.15277,5028
2025-11-20 14:00:00,1.15276,1.15500,1.15232,1.15348,4735
2025-11-20 15:00:00,1.15346,1.15369,1.15201,1.15276,3359
2025-11-20 16:00:00,1.15277,1.15412,1.15276,1.15337,3385
2025-11-20 17:00:00,1.15339,1.15381,1.15251,1.15288,3120
2025-11-20 18:00:00,1.15287,1.15367,1.15269,1.15366,1920
2025-11-20 19:00:00,1.15365,1.15406,1.15355,1.15380,1424
2025-11-20 20:00:00,1.15381,1.15386,1.15260,1.15261,1253
2025-11-20 21:00:00,1.15262,1.15292,1.15240,1.15280,983
2025-11-20 22:00:00,1.15271,1.15316,1.15242,1.15296,1276
2025-11-20 23:00:00,1.15291,1.15346,1.15235,1.15336,990
2025-11-21 00:00:00,1.15338,1.15360,1.15283,1.15353,1200
2025-11-21 01:00:00,1.15352,1.15384,1.15324,1.15325,1437
2025-11-21 02:00:00,1.15328,1.15389,1.15324,1.15358,1342
2025-11-21 03:00:00,1.15359,1.15379,1.15336,1.15363,1000
2025-11-21 04:00:00,1.15364,1.15421,1.15360,1.15387,1159
2025-11-21 05:00:00,1.15388,1.15420,1.15347,1.15352,1040
2025-11-21 06:00:00,1.15354,1.15468,1.15352,1.15414,1613
2025-11-21 07:00:00,1.15415,1.15480,1.15389,1.15414,2601
2025-11-21 08:00:00,1.15414,1.15526,1.15341,1.15411,3266
2025-11-21 09:00:00,1.15412,1.15428,1.15250,1.15254,2810
2025-11-21 10:00:00,1.15250,1.15270,1.15124,1.15200,2998
2025-11-21 11:00:00,1.15201,1.15228,1.15046,1.15060,2317
2025-11-21 12:00:00,1.15058,1.15259,1.14966,1.15247,3946
2025-11-21 13:00:00,1.15244,1.15270,1.15156,1.15206,2847
2025-11-21 14:00:00,1.15205,1.15234,1.15055,1.15141,3549
2025-11-21 15:00:00,1.15140,1.15235,1.14990,1.15030,4278
2025-11-21 16:00:00,1.15028,1.15054,1.14912,1.15049,3004
2025-11-21 17:00:00,1.15053,1.15129,1.15006,1.15072,2366
2025-11-21 18:00:00,1.15073,1.15084,1.15020,1.15043,1704
2025-11-21 19:00:00,1.15042,1.15178,1.15041,1.15133,1568
2025-11-21 20:00:00,1.15134,1.15181,1.15091,1.15176,1420
2025-11-21 21:00:00,1.15175,1.15209,1.15127,1.15159,772
2025-11-23 22:00:00,1.15173,1.15175,1.15103,1.15144,431
2025-11-23 23:00:00,1.15141,1.15155,1.15061,1.15072,950
2025-11-24 00:00:00,1.15071,1.15084,1.15020,1.15069,812
2025-11-24 01:00:00,1.15070,1.15131,1.15049,1.15104,1126
2025-11-24 02:00:00,1.15105,1.15184,1.15105,1.15161,1076
2025-11-24 03:00:00,1.15165,1.15191,1.15133,1.15161,764
2025-11-24 04:00:00,1.15160,1.15218,1.15157,1.15208,809
2025-11-24 05:00:00,1.15209,1.15285,1.15208,1.15227,1311
2025-11-24 06:00:00,1.15225,1.15271,1.15201,1.15209,1208
2025-11-24 07:00:00,1.15208,1.15225,1.15112,1.15120,2010
2025-11-24 08:00:00,1.15124,1.15344,1.15098,1.15281,2830
2025-11-24 09:00:00,1.15280,1.15345,1.15247,1.15298,2415
2025-11-24 10:00:00,1.15299,1.15421,1.15299,1.15408,2201
2025-11-24 11:00:00,1.15407,1.15470,1.15362,1.15454,1556
2025-11-24 12:00:00,1.15455,1.15506,1.15363,1.15475,1829
2025-11-24 13:00:00,1.15476,1.15501,1.15374,1.15386,1733
2025-11-24 14:00:00,1.15384,1.15411,1.15264,1.15268,2726
2025-11-24 15:00:00,1.15269,1.15301,1.15169,1.15291,2910
2025-11-24 16:00:00,1.15290,1.15310,1.15174,1.15178,1477
2025-11-24 17:00:00,1.15179,1.15197,1.15116,1.15180,1686
2025-11-24 18:00:00,1.15181,1.15283,1.15173,1.15278,1299
2025-11-24 19:00:00,1.15279,1.15291,1.15231,1.15277,1129
2025-11-24 20:00:00,1.15278,1.15284,1.15221,1.15224,1218
2025-11-24 21:00:00,1.15225,1.15235,1.15194,1.15210,606
2025-11-24 22:00:00,1.15209,1.15260,1.15209,1.15248,532
2025-11-24 23:00:00,1.15255,1.15255,1.15188,1.15203,723
2025-11-25 00:00:00,1.15204,1.15235,1.15188,1.15233,949
2025-11-25 01:00:00,1.15230,1.15302,1.15221,1.15257,1479
2025-11-25 02:00:00,1.15258,1.15285,1.15224,1.15284,1024
2025-11-25 03:00:00,1.15285,1.15303,1.15172,1.15180,1116
2025-11-25 04:00:00,1.15179,1.15179,1.15144,1.15150,640
2025-11-25 05:00:00,1.15151,1.15183,1.15117,1.15169,739
2025-11-25 06:00:00,1.15170,1.15217,1.15149,1.15186,1029
2025-11-25 07:00:00,1.15179,1.15304,1.15179,1.15228,2046
2025-11-25 08:00:00,1.15232,1.15338,1.15206,1.15286,2221
2025-11-25 09:00:00,1.15290,1.15367,1.15274,1.15340,1944
2025-11-25 10:00:00,1.15338,1.15411,1.15323,1.15390,1767
2025-11-25 11:00:00,1.15388,1.15390,1.15247,1.15268,1474
2025-11-25 12:00:00,1.15264,1.15563,1.15254,1.15448,2553
2025-11-25 13:00:00,1.15450,1.15622,1.15425,1.15584,3800
2025-11-25 14:00:00,1.15586,1.15720,1.15522,1.15668,3413
2025-11-25 15:00:00,1.15676,1.15841,1.15618,1.15625,3315
2025-11-25 16:00:00,1.15628,1.15720,1.15498,1.15529,2093
2025-11-25 17:00:00,1.15528,1.15839,1.15522,1.15824,3600
2025-11-25 18:00:00,1.15831,1.15859,1.15766,1.15796,2436
2025-11-25 19:00:00,1.15795,1.15856,1.15740,1.15838,1614
2025-11-25 20:00:00,1.15841,1.15846,1.15582,1.15651,2000
2025-11-25 21:00:00,1.15650,1.15725,1.15644,1.15704,840
2025-11-25 22:00:00,1.15705,1.15710,1.15673,1.15696,404
2025-11-25 23:00:00,1.15695,1.15732,1.15644,1.15649,775
2025-11-26 00:00:00,1.15650,1.15724,1.15634,1.15682,1859
2025-11-26 01:00:00,1.15683,1.15831,1.15654,1.15771,2781
2025-11-26 02:00:00,1.15769,1.15867,1.15748,1.15818,2149
2025-11-26 03:00:00,1.15817,1.15916,1.15810,1.15907,1655
2025-11-26 04:00:00,1.15906,1.15916,1.15825,1.15837,1143
2025-11-26 05:00:00,1.15838,1.15914,1.15827,1.15910,1175
2025-11-26 06:00:00,1.15907,1.15958,1.15838,1.15863,1674
2025-11-26 07:00:00,1.15864,1.15922,1.15752,1.15794,2138
2025-11-26 08:00:00,1.15798,1.15810,1.15659,1.15719,2216
2025-11-26 09:00:00,1.15722,1.15798,1.15683,1.15720,2098
2025-11-26 10:00:00,1.15721,1.15779,1.15684,1.15737,1843
2025-11-26 11:00:00,1.15736,1.15807,1.15680,1.15744,2327
2025-11-26 12:00:00,1.15740,1.15800,1.15692,1.15720,2768
2025-11-26 13:00:00,1.15722,1.15841,1.15486,1.15523,4624
2025-11-26 14:00:00,1.15524,1.15818,1.15471,1.15788,3086
2025-11-26 15:00:00,1.15784,1.15948,1.15781,1.15894,3449
2025-11-26 16:00:00,1.15900,1.16008,1.15888,1.15903,2410
2025-11-26 17:00:00,1.15904,1.15938,1.15853,1.15930,2122
2025-11-26 18:00:00,1.15929,1.15965,1.15892,1.15934,1346
2025-11-26 19:00:00,1.15935,1.15964,1.15905,1.15939,1003
2025-11-26 20:00:00,1.15939,1.15974,1.15923,1.15943,1026
2025-11-26 21:00:00,1.15941,1.15974,1.15937,1.15954,749
2025-11-26 22:00:00,1.15939,1.15976,1.15896,1.15963,936
2025-11-26 23:00:00,1.15961,1.16023,1.15948,1.16020,712
2025-11-27 00:00:00,1.16021,1.16050,1.15999,1.16022,982
2025-11-27 01:00:00,1.16023,1.16127,1.16008,1.16091,1673
2025-11-27 02:00:00,1.16092,1.16136,1.16006,1.16039,1331
2025-11-27 03:00:00,1.16038,1.16066,1.16001,1.16021,995
2025-11-27 04:00:00,1.16022,1.16053,1.16002,1.16009,988
2025-11-27 05:00:00,1.16011,1.16066,1.16009,1.16022,1294
2025-11-27 06:00:00,1.16026,1.16054,1.15912,1.15925,1565
2025-11-27 07:00:00,1.15926,1.15938,1.15859,1.15918,1472
2025-11-27 08:00:00,1.15922,1.15957,1.15868,1.15928,1862
2025-11-27 09:00:00,1.15922,1.15939,1.15765,1.15776,2006
2025-11-27 10:00:00,1.15778,1.15852,1.15772,1.15840,1284
2025-11-27 11:00:00,1.15838,1.15878,1.15788,1.15861,1448
2025-11-27 12:00:00,1.15864,1.15911,1.15821,1.15832,1401
2025-11-27 13:00:00,1.15831,1.15970,1.15831,1.15951,1702
2025-11-27 14:00:00,1.15950,1.15980,1.15904,1.15950,1548
2025-11-27 15:00:00,1.15948,1.15996,1.15922,1.15943,1617
2025-11-27 16:00:00,1.15942,1.16004,1.15924,1.15995,1037
2025-11-27 17:00:00,1.15996,1.16016,1.15918,1.15950,794
2025-11-27 18:00:00,1.15949,1.15955,1.15912,1.15919,409
2025-11-27 19:00:00,1.15919,1.15962,1.15918,1.15954,361
2025-11-27 20:00:00,1.15953,1.15963,1.15944,1.15949,370
2025-11-27 21:00:00,1.15950,1.15972,1.15950,1.15962,336
2025-11-27 22:00:00,1.15956,1.15974,1.15956,1.15958,461
2025-11-27 23:00:00,1.15954,1.16017,1.15954,1.15998,619
2025-11-28 00:00:00,1.15997,1.16022,1.15921,1.15940,1624
2025-11-28 01:00:00,1.15941,1.15987,1.15816,1.15831,1696
2025-11-28 02:00:00,1.15832,1.15882,1.15815,1.15846,2376
2025-11-28 03:00:00,1.15847,1.15917,1.15822,1.15873,2626
2025-11-28 04:00:00,1.15873,1.15920,1.15857,1.15897,1575
2025-11-28 05:00:00,1.15895,1.15932,1.15823,1.15887,4304
2025-11-28 06:00:00,1.15894,1.15900,1.15813,1.15842,4891
2025-11-28 07:00:00,1.15842,1.15906,1.15777,1.15806,4049
2025-11-28 08:00:00,1.15806,1.15824,1.15665,1.15699,3480
2025-11-28 09:00:00,1.15698,1.15796,1.15671,1.15689,5036
2025-11-28 10:00:00,1.15685,1.15708,1.15552,1.15594,3127
2025-11-28 11:00:00,1.15595,1.15688,1.15560,1.15679,2707
2025-11-28 12:00:00,1.15680,1.15728,1.15618,1.15664,2806
2025-11-28 13:00:00,1.15665,1.15786,1.15625,1.15748,4085
2025-11-28 14:00:00,1.15747,1.15850,1.15710,1.15844,2319
2025-11-28 15:00:00,1.15842,1.16076,1.15796,1.16074,2767
2025-11-28 16:00:00,1.16073,1.16074,1.15928,1.15990,2328
2025-11-28 17:00:00,1.15989,1.16043,1.15934,1.16028,1496
2025-11-28 18:00:00,1.16029,1.16046,1.15959,1.16015,1215
2025-11-28 19:00:00,1.16017,1.16039,1.16007,1.16022,1017
2025-11-28 20:00:00,1.16024,1.16044,1.16004,1.16005,1243
2025-11-28 21:00:00,1.16004,1.16027,1.15983,1.15994,1155
2025-11-30 22:00:00,1.15945,1.16000,1.15935,1.15985,671
2025-11-30 23:00:00,1.15991,1.16079,1.15960,1.16011,1152
2025-12-01 00:00:00,1.16013,1.16073,1.15977,1.16032,1844
2025-12-01 01:00:00,1.16030,1.16158,1.16006,1.16052,2692
2025-12-01 02:00:00,1.16051,1.16058,1.15928,1.15950,1834
2025-12-01 03:00:00,1.15951,1.15975,1.15896,1.15970,1149
2025-12-01 04:00:00,1.15970,1.16025,1.15947,1.15987,967
2025-12-01 05:00:00,1.15986,1.16015,1.15948,1.15980,1271
2025-12-01 06:00:00,1.15978,1.15990,1.15904,1.15963,1707
2025-12-01 07:00:00,1.15965,1.16130,1.15954,1.16072,2038
2025-12-01 08:00:00,1.16070,1.16218,1.16041,1.16133,2965
2025-12-01 09:00:00,1.16134,1.16236,1.16134,1.16223,2426
2025-12-01 10:00:00,1.16222,1.16287,1.16191,1.16276,2060
2025-12-01 11:00:00,1.16272,1.16322,1.16242,1.16279,1868
2025-12-01 12:00:00,1.16281,1.16490,1.16267,1.16488,2408
2025-12-01 13:00:00,1.16487,1.16526,1.16395,1.16450,3082
2025-12-01 14:00:00,1.16448,1.16452,1.16302,1.16324,3409
2025-12-01 15:00:00,1.16325,1.16406,1.16228,1.16290,3644
2025-12-01 16:00:00,1.16290,1.16344,1.16210,1.16229,2536
2025-12-01 17:00:00,1.16230,1.16289,1.16179,1.16208,1615
2025-12-01 18:00:00,1.16209,1.16236,1.16116,1.16119,1534
2025-12-01 19:00:00,1.16118,1.16124,1.16072,1.16086,1246
2025-12-01 20:00:00,1.16084,1.16100,1.16066,1.16095,1018
2025-12-01 21:00:00,1.16098,1.16109,1.16079,1.16100,552
2025-12-01 22:00:00,1.16094,1.16100,1.16075,1.16085,115
2025-12-01 23:00:00,1.16085,1.16102,1.16067,1.16068,492
2025-12-02 00:00:00,1.16071,1.16095,1.16040,1.16059,919
2025-12-02 01:00:00,1.16057,1.16111,1.16039,1.16093,1218
2025-12-02 02:00:00,1.16092,1.16119,1.16089,1.16119,647
2025-12-02 03:00:00,1.16119,1.16128,1.16088,1.16121,804
2025-12-02 04:00:00,1.16122,1.16142,1.16089,1.16091,682
2025-12-02 05:00:00,1.16091,1.16113,1.16072,1.16100,665
2025-12-02 06:00:00,1.16101,1.16112,1.16050,1.16096,963
2025-12-02 07:00:00,1.16097,1.16164,1.16090,1.16126,1585
2025-12-02 08:00:00,1.16128,1.16163,1.16090,1.16107,1896
2025-12-02 09:00:00,1.16106,1.16143,1.16029,1.16102,1766
2025-12-02 10:00:00,1.16106,1.16124,1.15984,1.16066,1874
2025-12-02 11:00:00,1.16068,1.16128,1.16037,1.16117,1441
2025-12-02 12:00:00,1.16118,1.16194,1.16074,1.16176,1605
2025-12-02 13:00:00,1.16178,1.16196,1.16112,1.16177,1684
2025-12-02 14:00:00,1.16178,1.16233,1.16133,1.16178,2732
2025-12-02 15:00:00,1.16173,1.16187,1.15934,1.16062,3415
2025-12-02 16:00:00,1.16068,1.16099,1.15906,1.15954,2703
2025-12-02 17:00:00,1.15953,1.16079,1.15928,1.16072,1839
2025-12-02 18:00:00,1.16071,1.16135,1.16056,1.16087,1450
2025-12-02 19:00:00,1.16088,1.16249,1.16086,1.16207,1314
2025-12-02 20:00:00,1.16212,1.16259,1.16198,1.16246,1326
2025-12-02 21:00:00,1.16243,1.16259,1.16212,1.16226,807
2025-12-02 22:00:00,1.16231,1.16252,1.16208,1.16242,169
2025-12-02 23:00:00,1.16243,1.16292,1.16243,1.16283,579
2025-12-03 00:00:00,1.16284,1.16331,1.16279,1.16309,1050
2025-12-03 01:00:00,1.16308,1.16376,1.16306,1.16369,1194
2025-12-03 02:00:00,1.16370,1.16388,1.16355,1.16382,780
2025-12-03 03:00:00,1.16381,1.16390,1.16371,1.16378,625
2025-12-03 04:00:00,1.16379,1.16421,1.16362,1.16412,466
2025-12-03 05:00:00,1.16413,1.16438,1.16409,1.16427,581
2025-12-03 06:00:00,1.16428,1.16478,1.16417,1.16429,978
2025-12-03 07:00:00,1.16430,1.16528,1.16395,1.16413,2076
2025-12-03 08:00:00,1.16414,1.16458,1.16358,1.16442,2005
2025-12-03 09:00:00,1.16441,1.16479,1.16400,1.16458,1959
2025-12-03 10:00:00,1.16459,1.16639,1.16451,1.16606,2050
2025-12-03 11:00:00,1.16607,1.16659,1.16550,1.16657,1600
2025-12-03 12:00:00,1.16656,1.16694,1.16624,1.16631,1476
2025-12-03 13:00:00,1.16622,1.16754,1.16621,1.16664,2632
2025-12-03 14:00:00,1.16665,1.16670,1.16557,1.16626,2961
2025-12-03 15:00:00,1.16628,1.16682,1.16546,1.16598,3770
2025-12-03 16:00:00,1.16596,1.16664,1.16586,1.16597,2285
2025-12-03 17:00:00,1.16596,1.16709,1.16576,1.16686,1670
2025-12-03 18:00:00,1.16687,1.16757,1.16684,1.16719,1569
2025-12-03 19:00:00,1.16720,1.16778,1.16712,1.16729,1050
2025-12-03 20:00:00,1.16724,1.16730,1.16653,1.16656,956
2025-12-03 21:00:00,1.16658,1.16719,1.16643,1.16713,687
2025-12-03 22:00:00,1.16690,1.16752,1.16678,1.16710,172
2025-12-03 23:00:00,1.16710,1.16723,1.16635,1.16664,655
2025-12-04 00:00:00,1.16662,1.16674,1.16595,1.16628,1085
2025-12-04 01:00:00,1.16629,1.16649,1.16589,1.16632,1229
2025-12-04 02:00:00,1.16634,1.16640,1.16589,1.16603,982
2025-12-04 03:00:00,1.16602,1.16603,1.16535,1.16559,930
2025-12-04 04:00:00,1.16558,1.16585,1.16553,1.16573,741
2025-12-04 05:00:00,1.16572,1.16622,1.16563,1.16596,1149
2025-12-04 06:00:00,1.16597,1.16599,1.16531,1.16582,1259
2025-12-04 07:00:00,1.16584,1.16654,1.16554,1.16653,1548
2025-12-04 08:00:00,1.16655,1.16820,1.16636,1.16767,2661
2025-12-04 09:00:00,1.16766,1.16804,1.16735,1.16776,2104
2025-12-04 10:00:00,1.16780,1.16798,1.16637,1.16666,1791
2025-12-04 11:00:00,1.16665,1.16808,1.16652,1.16802,1759
2025-12-04 12:00:00,1.16803,1.16808,1.16656,1.16701,1726
2025-12-04 13:00:00,1.16702,1.16712,1.16523,1.16648,2781
2025-12-04 14:00:00,1.16650,1.16768,1.16643,1.16701,2773
2025-12-04 15:00:00,1.16699,1.16748,1.16583,1.16733,2585
2025-12-04 16:00:00,1.16734,1.16736,1.16536,1.16590,2028
2025-12-04 17:00:00,1.16590,1.16597,1.16530,1.16561,1395
2025-12-04 18:00:00,1.16560,1.16599,1.16537,1.16544,1316
2025-12-04 19:00:00,1.16543,1.16557,1.16501,1.16527,1305
2025-12-04 20:00:00,1.16524,1.16524,1.16412,1.16442,1476
2025-12-04 21:00:00,1.16441,1.16461,1.16411,1.16447,713
2025-12-04 22:00:00,1.16451,1.16455,1.16438,1.16447,108
2025-12-04 23:00:00,1.16449,1.16449,1.16411,1.16435,527
2025-12-05 00:00:00,1.16437,1.16504,1.16437,1.16500,994
2025-12-05 01:00:00,1.16501,1.16539,1.16497,1.16536,1140
2025-12-05 02:00:00,1.16537,1.16545,1.16512,1.16519,812
2025-12-05 03:00:00,1.16520,1.16520,1.16465,1.16489,652
2025-12-05 04:00:00,1.16490,1.16543,1.16488,1.16535,866
2025-12-05 05:00:00,1.16534,1.16593,1.16532,1.16592,1089
2025-12-05 06:00:00,1.16591,1.16616,1.16554,1.16595,981
2025-12-05 07:00:00,1.16595,1.16718,1.16586,1.16630,1930
2025-12-05 08:00:00,1.16632,1.16642,1.16522,1.16539,2319
2025-12-05 09:00:00,1.16536,1.16554,1.16483,1.16545,1832
2025-12-05 10:00:00,1.16547,1.16571,1.16479,1.16512,1512
2025-12-05 11:00:00,1.16511,1.16524,1.16416,1.16466,1595
2025-12-05 12:00:00,1.16465,1.16534,1.16438,1.16518,1739
2025-12-05 13:00:00,1.16518,1.16539,1.16435,1.16518,2326
2025-12-05 14:00:00,1.16520,1.16602,1.16457,1.16504,2812
2025-12-05 15:00:00,1.16502,1.16589,1.16438,1.16482,3257
2025-12-05 16:00:00,1.16484,1.16491,1.16280,1.16343,3057
2025-12-05 17:00:00,1.16342,1.16444,1.16326,1.16444,1935
2025-12-05 18:00:00,1.16443,1.16486,1.16421,1.16429,1461
2025-12-05 19:00:00,1.16430,1.16442,1.16400,1.16431,1164
2025-12-05 20:00:00,1.16429,1.16446,1.16399,1.16443,1127
2025-12-05 21:00:00,1.16442,1.16473,1.16404,1.16416,623
2025-12-07 22:00:00,1.16396,1.16472,1.16396,1.16459,467
2025-12-07 23:00:00,1.16464,1.16467,1.16394,1.16406,1143
2025-12-08 00:00:00,1.16408,1.16514,1.16398,1.16512,1459
2025-12-08 01:00:00,1.16514,1.16534,1.16457,1.16517,1842
2025-12-08 02:00:00,1.16519,1.16545,1.16488,1.16538,1268
2025-12-08 03:00:00,1.16542,1.16554,1.16500,1.16501,914
2025-12-08 04:00:00,1.16502,1.16554,1.16497,1.16545,682
2025-12-08 05:00:00,1.16546,1.16565,1.16525,1.16561,940
2025-12-08 06:00:00,1.16569,1.16720,1.16569,1.16609,1953
2025-12-08 07:00:00,1.16611,1.16680,1.16550,1.16582,1915
2025-12-08 08:00:00,1.16583,1.16624,1.16481,1.16561,2183
2025-12-08 09:00:00,1.16560,1.16576,1.16480,1.16488,1917
2025-12-08 10:00:00,1.16489,1.16557,1.16478,1.16510,1668
2025-12-08 11:00:00,1.16508,1.16536,1.16468,1.16504,1689
2025-12-08 12:00:00,1.16503,1.16540,1.16476,1.16533,1870
2025-12-08 13:00:00,1.16535,1.16573,1.16458,1.16484,2364
2025-12-08 14:00:00,1.16492,1.16548,1.16379,1.16402,3193
2025-12-08 15:00:00,1.16401,1.16401,1.16171,1.16252,3369
2025-12-08 16:00:00,1.16251,1.16287,1.16166,1.16249,2517
2025-12-08 17:00:00,1.16248,1.16392,1.16201,1.16392,2193
2025-12-08 18:00:00,1.16393,1.16422,1.16344,1.16373,1558
2025-12-08 19:00:00,1.16372,1.16417,1.16363,1.16394,1304
2025-12-08 20:00:00,1.16395,1.16419,1.16375,1.16381,1032
2025-12-08 21:00:00,1.16383,1.16389,1.16353,1.16374,705
2025-12-08 22:00:00,1.16352,1.16381,1.16352,1.16358,1078
2025-12-08 23:00:00,1.16360,1.16409,1.16359,1.16409,493
2025-12-09 00:00:00,1.16408,1.16431,1.16369,1.16387,888
2025-12-09 01:00:00,1.16386,1.16477,1.16361,1.16473,1201
2025-12-09 02:00:00,1.16472,1.16484,1.16437,1.16457,1017
2025-12-09 03:00:00,1.16459,1.16489,1.16438,1.16458,977
2025-12-09 04:00:00,1.16457,1.16471,1.16437,1.16468,840
2025-12-09 05:00:00,1.16471,1.16503,1.16442,1.16488,992
2025-12-09 06:00:00,1.16489,1.16491,1.16420,1.16439,1356
2025-12-09 07:00:00,1.16440,1.16463,1.16382,1.16402,1584
2025-12-09 08:00:00,1.16401,1.16498,1.16337,1.16452,2291
2025-12-09 09:00:00,1.16449,1.16573,1.16436,1.16523,2204
2025-12-09 10:00:00,1.16524,1.16542,1.16405,1.16446,1812
2025-12-09 11:00:00,1.16448,1.16478,1.16382,1.16436,1591
2025-12-09 12:00:00,1.16434,1.16444,1.16344,1.16376,1822
2025-12-09 13:00:00,1.16378,1.16400,1.16292,1.16346,2381
2025-12-09 14:00:00,1.16344,1.16386,1.16284,1.16370,2849
2025-12-09 15:00:00,1.16374,1.16376,1.16150,1.16288,3900
2025-12-09 16:00:00,1.16290,1.16413,1.16288,1.16383,2029
2025-12-09 17:00:00,1.16384,1.16398,1.16221,1.16242,1752
2025-12-09 18:00:00,1.16241,1.16250,1.16170,1.16244,1406
2025-12-09 19:00:00,1.16247,1.16300,1.16221,1.16288,1103
2025-12-09 20:00:00,1.16287,1.16322,1.16266,1.16268,998
2025-12-09 21:00:00,1.16269,1.16294,1.16238,1.16264,798
2025-12-09 22:00:00,1.16266,1.16293,1.16261,1.16267,660
2025-12-09 23:00:00,1.16268,1.16286,1.16249,1.16280,395
2025-12-10 00:00:00,1.16281,1.16289,1.16245,1.16263,965
2025-12-10 01:00:00,1.16262,1.16286,1.16225,1.16238,1029
2025-12-10 02:00:00,1.16237,1.16284,1.16234,1.16238,807
2025-12-10 03:00:00,1.16237,1.16273,1.16218,1.16265,842
2025-12-10 04:00:00,1.16264,1.16290,1.16251,1.16276,582
2025-12-10 05:00:00,1.16274,1.16310,1.16265,1.16298,681
2025-12-10 06:00:00,1.16299,1.16355,1.16287,1.16353,1010
2025-12-10 07:00:00,1.16354,1.16494,1.16345,1.16482,1782
2025-12-10 08:00:00,1.16483,1.16578,1.16436,1.16526,2232
2025-12-10 09:00:00,1.16527,1.16532,1.16357,1.16366,2024
2025-12-10 10:00:00,1.16365,1.16396,1.16276,1.16346,1776
2025-12-10 11:00:00,1.16352,1.16384,1.16300,1.16352,1725
2025-12-10 12:00:00,1.16354,1.16424,1.16328,1.16393,1499
2025-12-10 13:00:00,1.16394,1.16420,1.16277,1.16402,2172
2025-12-10 14:00:00,1.16400,1.16451,1.16338,1.16434,2749
2025-12-10 15:00:00,1.16436,1.16514,1.16347,1.16420,2752
2025-12-10 16:00:00,1.16419,1.16500,1.16374,1.16500,1933
2025-12-10 17:00:00,1.16501,1.16603,1.16456,1.16587,1507
2025-12-10 18:00:00,1.16588,1.16610,1.16539,1.16557,1407
2025-12-10 19:00:00,1.16556,1.16819,1.16467,1.16782,7791
2025-12-10 20:00:00,1.16776,1.16998,1.16738,1.16940,4621
2025-12-10 21:00:00,1.16942,1.16962,1.16896,1.16955,1216
2025-12-10 22:00:00,1.16955,1.16955,1.16865,1.16952,1269
2025-12-10 23:00:00,1.16954,1.17027,1.16952,1.17015,606
2025-12-11 00:00:00,1.17016,1.17049,1.16972,1.17020,1473
2025-12-11 01:00:00,1.17021,1.17073,1.17004,1.17019,1767
2025-12-11 02:00:00,1.17020,1.17063,1.16934,1.16940,1471
2025-12-11 03:00:00,1.16939,1.16976,1.16902,1.16910,1420
2025-12-11 04:00:00,1.16911,1.16917,1.16855,1.16904,988
2025-12-11 05:00:00,1.16903,1.16923,1.16846,1.16854,960
2025-12-11 06:00:00,1.16856,1.16898,1.16824,1.16891,1266
2025-12-11 07:00:00,1.16890,1.17011,1.16874,1.16937,2067
2025-12-11 08:00:00,1.16936,1.17068,1.16936,1.16972,2415
2025-12-11 09:00:00,1.16970,1.17034,1.16873,1.17023,2313
2025-12-11 10:00:00,1.17023,1.17078,1.16989,1.17072,1876
2025-12-11 11:00:00,1.17070,1.17179,1.17062,1.17131,1904
2025-12-11 12:00:00,1.17129,1.17194,1.17099,1.17169,1813
2025-12-11 13:00:00,1.17170,1.17366,1.17133,1.17310,3237
2025-12-11 14:00:00,1.17309,1.17485,1.17304,1.17377,3110
2025-12-11 15:00:00,1.17377,1.17572,1.17317,1.17564,3232
2025-12-11 16:00:00,1.17568,1.17596,1.17462,1.17554,2548
2025-12-11 17:00:00,1.17552,1.17628,1.17499,1.17552,2145
2025-12-11 18:00:00,1.17551,1.17594,1.17512,1.17537,1487
2025-12-11 19:00:00,1.17535,1.17537,1.17407,1.17412,1482
2025-12-11 20:00:00,1.17407,1.17458,1.17366,1.17410,1340
2025-12-11 21:00:00,1.17409,1.17433,1.17371,1.17381,838
2025-12-11 22:00:00,1.17407,1.17407,1.17382,1.17390,695
2025-12-11 23:00:00,1.17388,1.17419,1.17372,1.17410,583
2025-12-12 00:00:00,1.17413,1.17446,1.17391,1.17405,1456
2025-12-12 01:00:00,1.17411,1.17463,1.17325,1.17350,1354
2025-12-12 02:00:00,1.17349,1.17379,1.17313,1.17362,1121
2025-12-12 03:00:00,1.17360,1.17376,1.17333,1.17344,773
2025-12-12 04:00:00,1.17345,1.17357,1.17312,1.17318,763
2025-12-12 05:00:00,1.17319,1.17395,1.17319,1.17388,779
2025-12-12 06:00:00,1.17387,1.17419,1.17339,1.17390,1238
2025-12-12 07:00:00,1.17391,1.17442,1.17360,1.17380,1710
2025-12-12 08:00:00,1.17381,1.17423,1.17282,1.17284,2411
2025-12-12 09:00:00,1.17280,1.17349,1.17270,1.17330,1808
2025-12-12 10:00:00,1.17329,1.17333,1.17246,1.17276,1756
2025-12-12 11:00:00,1.17274,1.17293,1.17225,1.17268,1423
2025-12-12 12:00:00,1.17268,1.17281,1.17196,1.17250,1565
2025-12-12 13:00:00,1.17252,1.17352,1.17240,1.17273,2091
2025-12-12 14:00:00,1.17272,1.17436,1.17234,1.17421,2611
2025-12-12 15:00:00,1.17422,1.17450,1.17298,1.17381,3065
2025-12-12 16:00:00,1.17380,1.17434,1.17262,1.17312,2770
2025-12-12 17:00:00,1.17311,1.17481,1.17303,1.17477,1777
2025-12-12 18:00:00,1.17476,1.17498,1.17406,1.17417,1487
2025-12-12 19:00:00,1.17415,1.17415,1.17353,1.17405,1391
2025-12-12 20:00:00,1.17402,1.17467,1.17370,1.17393,1659
2025-12-12 21:00:00,1.17391,1.17452,1.17384,1.17387,697
2025-12-14 22:00:00,1.17356,1.17390,1.17351,1.17377,835
2025-12-14 23:00:00,1.17381,1.17407,1.17356,1.17371,599
2025-12-15 00:00:00,1.17372,1.17372,1.17285,1.17332,1155
2025-12-15 01:00:00,1.17331,1.17425,1.17295,1.17414,1373
2025-12-15 02:00:00,1.17413,1.17450,1.17372,1.17414,1505
2025-12-15 03:00:00,1.17413,1.17448,1.17318,1.17342,1166
2025-12-15 04:00:00,1.17343,1.17357,1.17321,1.17323,981
2025-12-15 05:00:00,1.17324,1.17360,1.17321,1.17346,1005
2025-12-15 06:00:00,1.17345,1.17365,1.17289,1.17353,1363
2025-12-15 07:00:00,1.17354,1.17381,1.17280,1.17285,1819
2025-12-15 08:00:00,1.17283,1.17388,1.17264,1.17312,2196
2025-12-15 09:00:00,1.17308,1.17437,1.17307,1.17434,2020
2025-12-15 10:00:00,1.17432,1.17467,1.17391,1.17428,1549
2025-12-15 11:00:00,1.17426,1.17500,1.17413,1.17485,1284
2025-12-15 12:00:00,1.17486,1.17593,1.17486,1.17530,1563
2025-12-15 13:00:00,1.17528,1.17599,1.17473,1.17474,2196
2025-12-15 14:00:00,1.17470,1.17641,1.17441,1.17637,2989
2025-12-15 15:00:00,1.17636,1.17690,1.17549,1.17630,3514
2025-12-15 16:00:00,1.17628,1.17647,1.17524,1.17556,2648
2025-12-15 17:00:00,1.17555,1.17559,1.17451,1.17459,1589
2025-12-15 18:00:00,1.17458,1.17481,1.17393,1.17432,1338
2025-12-15 19:00:00,1.17433,1.17500,1.17384,1.17488,1023
2025-12-15 20:00:00,1.17484,1.17519,1.17476,1.17511,932
2025-12-15 21:00:00,1.17507,1.17541,1.17490,1.17528,662
2025-12-15 22:00:00,1.17524,1.17534,1.17493,1.17513,768
2025-12-15 23:00:00,1.17518,1.17557,1.17518,1.17537,444
2025-12-16 00:00:00,1.17537,1.17579,1.17484,1.17500,1124
2025-12-16 01:00:00,1.17499,1.17554,1.17467,1.17519,1631
2025-12-16 02:00:00,1.17520,1.17565,1.17502,1.17556,1102
2025-12-16 03:00:00,1.17555,1.17593,1.17500,1.17518,1033
2025-12-16 04:00:00,1.17520,1.17539,1.17500,1.17511,671
2025-12-16 05:00:00,1.17510,1.17542,1.17493,1.17506,911
2025-12-16 06:00:00,1.17503,1.17539,1.17466,1.17525,1131
2025-12-16 07:00:00,1.17526,1.17543,1.17445,1.17522,1582
2025-12-16 08:00:00,1.17526,1.17641,1.17466,1.17545,2319
2025-12-16 09:00:00,1.17542,1.17621,1.17502,1.17562,2072
2025-12-16 10:00:00,1.17570,1.17618,1.17540,1.17575,1707
2025-12-16 11:00:00,1.17574,1.17633,1.17518,1.17632,1377
2025-12-16 12:00:00,1.17636,1.17786,1.17608,1.17781,1873
2025-12-16 13:00:00,1.17785,1.17948,1.17570,1.17757,5133
2025-12-16 14:00:00,1.17757,1.18001,1.17690,1.17998,4335
2025-12-16 15:00:00,1.17997,1.18040,1.17674,1.17702,4026
2025-12-16 16:00:00,1.17703,1.17760,1.17613,1.17692,2827
2025-12-16 17:00:00,1.17691,1.17780,1.17626,1.17639,2087
2025-12-16 18:00:00,1.17638,1.17640,1.17454,1.17531,1925
2025-12-16 19:00:00,1.17528,1.17623,1.17351,1.17577,2153
2025-12-16 20:00:00,1.17574,1.17629,1.17466,1.17478,1679
2025-12-16 21:00:00,1.17476,1.17513,1.17458,1.17469,773
2025-12-16 22:00:00,1.17466,1.17487,1.17464,1.17479,821
2025-12-16 23:00:00,1.17481,1.17514,1.17481,1.17493,390
2025-12-17 00:00:00,1.17492,1.17517,1.17453,1.17503,1013
2025-12-17 01:00:00,1.17502,1.17522,1.17453,1.17473,1454
2025-12-17 02:00:00,1.17470,1.17481,1.17373,1.17399,1422
2025-12-17 03:00:00,1.17400,1.17406,1.17369,1.17392,948
2025-12-17 04:00:00,1.17393,1.17399,1.17277,1.17297,1046
2025-12-17 05:00:00,1.17299,1.17309,1.17248,1.17292,1236
2025-12-17 06:00:00,1.17291,1.17305,1.17066,1.17099,1875
2025-12-17 07:00:00,1.17107,1.17134,1.17032,1.17130,2878
2025-12-17 08:00:00,1.17131,1.17211,1.17060,1.17188,2341
2025-12-17 09:00:00,1.17187,1.17208,1.17116,1.17160,2316
2025-12-17 10:00:00,1.17162,1.17254,1.17129,1.17254,2058
2025-12-17 11:00:00,1.17255,1.17276,1.17077,1.17092,2182
2025-12-17 12:00:00,1.17090,1.17278,1.17086,1.17268,2208
2025-12-17 13:00:00,1.17267,1.17333,1.17199,1.17319,3357
2025-12-17 14:00:00,1.17316,1.17443,1.17283,1.17411,3136
2025-12-17 15:00:00,1.17410,1.17582,1.17404,1.17530,3921
2025-12-17 16:00:00,1.17529,1.17562,1.17455,1.17472,2859
2025-12-17 17:00:00,1.17473,1.17547,1.17459,1.17494,1915
2025-12-17 18:00:00,1.17495,1.17555,1.17425,1.17442,1598
2025-12-17 19:00:00,1.17441,1.17473,1.17415,1.17450,1377
2025-12-17 20:00:00,1.17451,1.17463,1.17388,1.17397,1141
2025-12-17 21:00:00,1.17398,1.17417,1.17387,1.17407,649
2025-12-17 22:00:00,1.17394,1.17443,1.17394,1.17399,482
2025-12-17 23:00:00,1.17400,1.17434,1.17400,1.17416,423
2025-12-18 00:00:00,1.17418,1.17458,1.17404,1.17442,1098
2025-12-18 01:00:00,1.17441,1.17455,1.17351,1.17385,1580
2025-12-18 02:00:00,1.17384,1.17427,1.17368,1.17409,1267
2025-12-18 03:00:00,1.17408,1.17419,1.17374,1.17393,852
2025-12-18 04:00:00,1.17392,1.17430,1.17383,1.17430,711
2025-12-18 05:00:00,1.17433,1.17471,1.17413,1.17460,978
2025-12-18 06:00:00,1.17459,1.17475,1.17389,1.17442,1139
2025-12-18 07:00:00,1.17441,1.17498,1.17335,1.17340,2031
2025-12-18 08:00:00,1.17338,1.17372,1.17282,1.17324,2156
2025-12-18 09:00:00,1.17322,1.17328,1.17172,1.17222,2384
2025-12-18 10:00:00,1.17221,1.17269,1.17178,1.17249,1660
2025-12-18 11:00:00,1.17250,1.17276,1.17205,1.17207,1538
2025-12-18 12:00:00,1.17200,1.17234,1.17123,1.17139,2569
2025-12-18 13:00:00,1.17140,1.17629,1.17132,1.17471,5184
2025-12-18 14:00:00,1.17470,1.17556,1.17326,1.17348,5025
2025-12-18 15:00:00,1.17347,1.17403,1.17159,1.17272,4034
2025-12-18 16:00:00,1.17271,1.17465,1.17257,1.17280,2905
2025-12-18 17:00:00,1.17282,1.17289,1.17153,1.17185,2412
2025-12-18 18:00:00,1.17190,1.17250,1.17155,1.17197,1496
2025-12-18 19:00:00,1.17195,1.17277,1.17180,1.17253,1478
2025-12-18 20:00:00,1.17248,1.17278,1.17204,1.17220,1152
2025-12-18 21:00:00,1.17221,1.17253,1.17217,1.17217,496
2025-12-18 22:00:00,1.17212,1.17260,1.17192,1.17244,1677
2025-12-18 23:00:00,1.17247,1.17274,1.17238,1.17249,428
2025-12-19 00:00:00,1.17248,1.17267,1.17217,1.17264,1113
2025-12-19 01:00:00,1.17267,1.17288,1.17206,1.17243,1197
2025-12-19 02:00:00,1.17244,1.17286,1.17214,1.17227,953
2025-12-19 03:00:00,1.17228,1.17260,1.17184,1.17213,1449
2025-12-19 04:00:00,1.17212,1.17228,1.17155,1.17180,881
2025-12-19 05:00:00,1.17179,1.17209,1.17179,1.17200,844
2025-12-19 06:00:00,1.17199,1.17216,1.17119,1.17199,1810
2025-12-19 07:00:00,1.17200,1.17206,1.17035,1.17078,2440
2025-12-19 08:00:00,1.17079,1.17165,1.17064,1.17127,2404
2025-12-19 09:00:00,1.17124,1.17180,1.17088,1.17121,2215
2025-12-19 10:00:00,1.17122,1.17178,1.17090,1.17165,2065
2025-12-19 11:00:00,1.17167,1.17178,1.17077,1.17114,1896
2025-12-19 12:00:00,1.17112,1.17153,1.17078,1.17102,1932
2025-12-19 13:00:00,1.17103,1.17195,1.17030,1.17194,2782
2025-12-19 14:00:00,1.17196,1.17378,1.17190,1.17267,3552
2025-12-19 15:00:00,1.17268,1.17286,1.17094,1.17096,3283
2025-12-19 16:00:00,1.17097,1.17212,1.17084,1.17210,2372
2025-12-19 17:00:00,1.17210,1.17210,1.17136,1.17193,1395
2025-12-19 18:00:00,1.17192,1.17272,1.17182,1.17199,1416
2025-12-19 19:00:00,1.17196,1.17251,1.17165,1.17236,1242
2025-12-19 20:00:00,1.17233,1.17258,1.17064,1.17100,1203
2025-12-19 21:00:00,1.17099,1.17139,1.17080,1.17083,663
2025-12-21 22:00:00,1.17195,1.17195,1.17123,1.17146,1399
2025-12-21 23:00:00,1.17153,1.17164,1.17062,1.17103,1315
2025-12-22 00:00:00,1.17100,1.17161,1.17096,1.17158,1728
2025-12-22 01:00:00,1.17159,1.17194,1.17137,1.17172,1171
2025-12-22 02:00:00,1.17173,1.17194,1.17152,1.17164,770
2025-12-22 03:00:00,1.17162,1.17183,1.17137,1.17177,889
2025-12-22 04:00:00,1.17176,1.17219,1.17165,1.17202,604
2025-12-22 05:00:00,1.17201,1.17222,1.17156,1.17174,851
2025-12-22 06:00:00,1.17173,1.17191,1.17130,1.17159,1120
2025-12-22 07:00:00,1.17159,1.17312,1.17151,1.17290,1665
2025-12-22 08:00:00,1.17291,1.17384,1.17232,1.17359,1923
2025-12-22 09:00:00,1.17360,1.17366,1.17276,1.17300,1916
2025-12-22 10:00:00,1.17302,1.17380,1.17292,1.17330,1798
2025-12-22 11:00:00,1.17332,1.17366,1.17287,1.17334,1409
2025-12-22 12:00:00,1.17335,1.17434,1.17334,1.17418,2027
2025-12-22 13:00:00,1.17419,1.17545,1.17419,1.17505,2656
2025-12-22 14:00:00,1.17506,1.17664,1.17450,1.17603,2666
2025-12-22 15:00:00,1.17602,1.17694,1.17576,1.17638,2615
2025-12-22 16:00:00,1.17639,1.17640,1.17482,1.17498,2041
2025-12-22 17:00:00,1.17496,1.17647,1.17494,1.17584,1440
2025-12-22 18:00:00,1.17583,1.17584,1.17494,1.17531,1175
2025-12-22 19:00:00,1.17531,1.17561,1.17490,1.17555,945
2025-12-22 20:00:00,1.17556,1.17589,1.17522,1.17553,951
2025-12-22 21:00:00,1.17552,1.17629,1.17546,1.17606,478
2025-12-22 22:00:00,1.17561,1.17619,1.17536,1.17594,1459
2025-12-22 23:00:00,1.17593,1.17658,1.17593,1.17637,721
2025-12-23 00:00:00,1.17639,1.17705,1.17629,1.17690,971
2025-12-23 01:00:00,1.17687,1.17763,1.17658,1.17731,1285
2025-12-23 02:00:00,1.17735,1.17806,1.17725,1.17776,1228
2025-12-23 03:00:00,1.17776,1.17793,1.17731,1.17766,1046
2025-12-23 04:00:00,1.17769,1.17792,1.17738,1.17753,1111
2025-12-23 05:00:00,1.17751,1.17799,1.17743,1.17751,1094
2025-12-23 06:00:00,1.17750,1.17764,1.17685,1.17713,1134
2025-12-23 07:00:00,1.17714,1.17813,1.17694,1.17787,1915
2025-12-23 08:00:00,1.17786,1.17847,1.17753,1.17847,2397
2025-12-23 09:00:00,1.17847,1.17929,1.17818,1.17926,2570
2025-12-23 10:00:00,1.17929,1.18004,1.17918,1.17989,1938
2025-12-23 11:00:00,1.17987,1.17999,1.17922,1.17958,1621
2025-12-23 12:00:00,1.17959,1.18020,1.17890,1.17896,1907
2025-12-23 13:00:00,1.17894,1.17940,1.17743,1.17748,3303
2025-12-23 14:00:00,1.17746,1.17795,1.17686,1.17696,3050
2025-12-23 15:00:00,1.17692,1.17791,1.17640,1.17747,3099
2025-12-23 16:00:00,1.17744,1.17805,1.17733,1.17757,2106
2025-12-23 17:00:00,1.17756,1.17788,1.17691,1.17709,1433
2025-12-23 18:00:00,1.17708,1.17833,1.17696,1.17830,1324
2025-12-23 19:00:00,1.17831,1.17915,1.17822,1.17902,1253
2025-12-23 20:00:00,1.17902,1.17938,1.17871,1.17896,952
2025-12-23 21:00:00,1.17897,1.17970,1.17884,1.17948,819
2025-12-23 22:00:00,1.17930,1.17958,1.17929,1.17947,755
2025-12-23 23:00:00,1.17947,1.17973,1.17933,1.17949,569
2025-12-24 00:00:00,1.17951,1.17991,1.17903,1.17990,1266
2025-12-24 01:00:00,1.17991,1.18064,1.17970,1.18054,1523
2025-12-24 02:00:00,1.18055,1.18081,1.17983,1.17984,1086
2025-12-24 03:00:00,1.17985,1.17985,1.17871,1.17876,1160
2025-12-24 04:00:00,1.17877,1.17935,1.17860,1.17913,941
2025-12-24 05:00:00,1.17911,1.18020,1.17906,1.17990,854
2025-12-24 06:00:00,1.17988,1.18041,1.17977,1.18000,1325
2025-12-24 07:00:00,1.17999,1.18018,1.17864,1.17892,1762
2025-12-24 08:00:00,1.17890,1.17996,1.17797,1.17994,2212
2025-12-24 09:00:00,1.17996,1.18009,1.17944,1.17997,1558
2025-12-24 10:00:00,1.17997,1.18001,1.17908,1.17964,1478
2025-12-24 11:00:00,1.17966,1.17986,1.17910,1.17927,1375
2025-12-24 12:00:00,1.17928,1.17932,1.17841,1.17842,1501
2025-12-24 13:00:00,1.17844,1.17910,1.17841,1.17854,2035
2025-12-24 14:00:00,1.17848,1.17870,1.17774,1.17806,2228
2025-12-24 15:00:00,1.17804,1.17825,1.17754,1.17781,2321
2025-12-24 16:00:00,1.17780,1.17810,1.17732,1.17794,1724
2025-12-24 17:00:00,1.17795,1.17832,1.17728,1.17767,1062
2025-12-24 18:00:00,1.17761,1.17798,1.17743,1.17788,808
2025-12-24 19:00:00,1.17789,1.17821,1.17788,1.17817,452
2025-12-24 20:00:00,1.17818,1.17821,1.17795,1.17800,660
2025-12-24 21:00:00,1.17798,1.17799,1.17773,1.17792,912
2025-12-25 22:00:00,1.17816,1.17845,1.17796,1.17827,748
2025-12-25 23:00:00,1.17827,1.17847,1.17781,1.17841,2403
2025-12-26 00:00:00,1.17844,1.17922,1.17771,1.17860,2265
2025-12-26 01:00:00,1.17861,1.17918,1.17830,1.17873,1717
2025-12-26 02:00:00,1.17874,1.17936,1.17836,1.17924,1105
2025-12-26 03:00:00,1.17923,1.17927,1.17835,1.17843,1155
2025-12-26 04:00:00,1.17842,1.17872,1.17801,1.17832,959
2025-12-26 05:00:00,1.17833,1.17872,1.17801,1.17861,972
2025-12-26 06:00:00,1.17864,1.17879,1.17718,1.17767,1487
2025-12-26 07:00:00,1.17768,1.17779,1.17700,1.17730,1740
2025-12-26 08:00:00,1.17732,1.17778,1.17666,1.17771,1466
2025-12-26 09:00:00,1.17769,1.17778,1.17684,1.17702,1301
2025-12-26 10:00:00,1.17696,1.17798,1.17690,1.17732,1215
2025-12-26 11:00:00,1.17734,1.17825,1.17732,1.17774,1097
2025-12-26 12:00:00,1.17776,1.17826,1.17728,1.17816,1137
2025-12-26 13:00:00,1.17820,1.17969,1.17820,1.17914,2090
2025-12-26 14:00:00,1.17918,1.17946,1.17812,1.17839,1921
2025-12-26 15:00:00,1.17838,1.17926,1.17717,1.17773,2011
2025-12-26 16:00:00,1.17772,1.17796,1.17624,1.17652,2363
2025-12-26 17:00:00,1.17653,1.17703,1.17615,1.17702,2424
2025-12-26 18:00:00,1.17705,1.17738,1.17690,1.17720,2089
2025-12-26 19:00:00,1.17718,1.17768,1.17694,1.17768,1228
2025-12-26 20:00:00,1.17769,1.17818,1.17723,1.17748,1321
2025-12-26 21:00:00,1.17751,1.17766,1.17660,1.17696,845
2025-12-28 22:00:00,1.17691,1.17745,1.17691,1.17707,653
2025-12-28 23:00:00,1.17707,1.17780,1.17707,1.17726,1155
2025-12-29 00:00:00,1.17727,1.17840,1.17717,1.17797,1567
2025-12-29 01:00:00,1.17798,1.17863,1.17787,1.17842,1239
2025-12-29 02:00:00,1.17841,1.17854,1.17757,1.17759,1228
2025-12-29 03:00:00,1.17757,1.17761,1.17711,1.17734,793
2025-12-29 04:00:00,1.17733,1.17733,1.17640,1.17645,868
2025-12-29 05:00:00,1.17643,1.17644,1.17540,1.17562,1234
2025-12-29 06:00:00,1.17565,1.17698,1.17544,1.17698,1285
2025-12-29 07:00:00,1.17698,1.17792,1.17655,1.17772,2013
2025-12-29 08:00:00,1.17773,1.17888,1.17710,1.17841,2123
2025-12-29 09:00:00,1.17841,1.17891,1.17717,1.17763,2325
2025-12-29 10:00:00,1.17761,1.17801,1.17654,1.17658,1961
2025-12-29 11:00:00,1.17656,1.17712,1.17577,1.17658,1981
2025-12-29 12:00:00,1.17654,1.17692,1.17557,1.17618,2110
2025-12-29 13:00:00,1.17620,1.17738,1.17604,1.17698,2331
2025-12-29 14:00:00,1.17699,1.17888,1.17670,1.17831,2872
2025-12-29 15:00:00,1.17837,1.17865,1.17664,1.17680,3501
2025-12-29 16:00:00,1.17678,1.17680,1.17526,1.17562,2730
2025-12-29 17:00:00,1.17560,1.17569,1.17495,1.17520,1572
2025-12-29 18:00:00,1.17519,1.17590,1.17506,1.17575,1316
2025-12-29 19:00:00,1.17574,1.17683,1.17568,1.17674,1023
2025-12-29 20:00:00,1.17673,1.17705,1.17643,1.17705,1160
2025-12-29 21:00:00,1.17706,1.17748,1.17702,1.17726,645
2025-12-29 22:00:00,1.17713,1.17726,1.17662,1.17680,1031
2025-12-29 23:00:00,1.17677,1.17744,1.17677,1.17724,769
2025-12-30 00:00:00,1.17719,1.17755,1.17716,1.17730,1071
2025-12-30 01:00:00,1.17729,1.17752,1.17698,1.17751,1040
2025-12-30 02:00:00,1.17752,1.17765,1.17717,1.17733,1041
2025-12-30 03:00:00,1.17732,1.17760,1.17705,1.17724,789
2025-12-30 04:00:00,1.17725,1.17778,1.17717,1.17771,614
2025-12-30 05:00:00,1.17772,1.17791,1.17728,1.17751,868
2025-12-30 06:00:00,1.17753,1.17799,1.17740,1.17786,1088
2025-12-30 07:00:00,1.17785,1.17788,1.17662,1.17704,1512
2025-12-30 08:00:00,1.17707,1.17754,1.17660,1.17671,1957
2025-12-30 09:00:00,1.17672,1.17781,1.17643,1.17689,1961
2025-12-30 10:00:00,1.17689,1.17776,1.17687,1.17738,1621
2025-12-30 11:00:00,1.17737,1.17767,1.17662,1.17668,1385
2025-12-30 12:00:00,1.17667,1.17681,1.17607,1.17618,1635
2025-12-30 13:00:00,1.17616,1.17680,1.17554,1.17636,2867
2025-12-30 14:00:00,1.17634,1.17643,1.17564,1.17634,2705
2025-12-30 15:00:00,1.17635,1.17664,1.17454,1.17598,3055
2025-12-30 16:00:00,1.17596,1.17666,1.17543,1.17649,2409
2025-12-30 17:00:00,1.17652,1.17666,1.17551,1.17561,1298
2025-12-30 18:00:00,1.17562,1.17595,1.17482,1.17503,1185
2025-12-30 19:00:00,1.17500,1.17529,1.17452,1.17468,1199
2025-12-30 20:00:00,1.17471,1.17503,1.17434,1.17439,1127
2025-12-30 21:00:00,1.17440,1.17487,1.17440,1.17481,534
2025-12-30 22:00:00,1.17469,1.17490,1.17457,1.17468,227
2025-12-30 23:00:00,1.17468,1.17499,1.17455,1.17458,434
2025-12-31 00:00:00,1.17459,1.17478,1.17444,1.17472,637
2025-12-31 01:00:00,1.17473,1.17492,1.17418,1.17426,1084
2025-12-31 02:00:00,1.17425,1.17427,1.17389,1.17402,1132
2025-12-31 03:00:00,1.17401,1.17437,1.17396,1.17426,679
2025-12-31 04:00:00,1.17425,1.17428,1.17330,1.17344,627
2025-12-31 05:00:00,1.17345,1.17395,1.17344,1.17386,797
2025-12-31 06:00:00,1.17385,1.17397,1.17332,1.17374,858
2025-12-31 07:00:00,1.17372,1.17386,1.17298,1.17371,1483
2025-12-31 08:00:00,1.17371,1.17399,1.17200,1.17231,1931
2025-12-31 09:00:00,1.17232,1.17390,1.17202,1.17350,1804
2025-12-31 10:00:00,1.17352,1.17438,1.17286,1.17392,1572
2025-12-31 11:00:00,1.17394,1.17479,1.17363,1.17472,1612
2025-12-31 12:00:00,1.17472,1.17593,1.17472,1.17552,1851
2025-12-31 13:00:00,1.17553,1.17595,1.17414,1.17420,2465
2025-12-31 14:00:00,1.17420,1.17425,1.17275,1.17304,2837
2025-12-31 15:00:00,1.17303,1.17462,1.17204,1.17442,3692
2025-12-31 16:00:00,1.17443,1.17487,1.17288,1.17349,2746
2025-12-31 17:00:00,1.17354,1.17391,1.17316,1.17361,2047
2025-12-31 18:00:00,1.17361,1.17389,1.17305,1.17360,2263
2025-12-31 19:00:00,1.17359,1.17433,1.17359,1.17407,1390
2025-12-31 20:00:00,1.17406,1.17531,1.17401,1.17521,1259
2025-12-31 21:00:00,1.17522,1.17534,1.17454,1.17456,765
2026-01-01 22:00:00,1.17492,1.17515,1.17463,1.17488,744
2026-01-01 23:00:00,1.17489,1.17510,1.17459,1.17510,610
2026-01-02 00:00:00,1.17511,1.17565,1.17500,1.17563,719
2026-01-02 01:00:00,1.17565,1.17628,1.17564,1.17611,1104
2026-01-02 02:00:00,1.17610,1.17637,1.17583,1.17593,782
2026-01-02 03:00:00,1.17595,1.17649,1.17595,1.17643,651
2026-01-02 04:00:00,1.17644,1.17647,1.17552,1.17556,637
2026-01-02 05:00:00,1.17553,1.17579,1.17508,1.17514,665
2026-01-02 06:00:00,1.17514,1.17516,1.17415,1.17439,1020
2026-01-02 07:00:00,1.17434,1.17472,1.17323,1.17348,1639
2026-01-02 08:00:00,1.17346,1.17384,1.17240,1.17288,2483
2026-01-02 09:00:00,1.17287,1.17375,1.17207,1.17214,2018
2026-01-02 10:00:00,1.17216,1.17236,1.17134,1.17210,1865
2026-01-02 11:00:00,1.17209,1.17226,1.17153,1.17218,1651
2026-01-02 12:00:00,1.17216,1.17273,1.17206,1.17236,1557
2026-01-02 13:00:00,1.17240,1.17290,1.17182,1.17216,2326
2026-01-02 14:00:00,1.17218,1.17308,1.17157,1.17286,2484
2026-01-02 15:00:00,1.17285,1.17522,1.17284,1.17508,3215
2026-01-02 16:00:00,1.17512,1.17545,1.17341,1.17375,2710
2026-01-02 17:00:00,1.17376,1.17378,1.17285,1.17307,2032
2026-01-02 18:00:00,1.17306,1.17313,1.17154,1.17192,1783
2026-01-02 19:00:00,1.17191,1.17244,1.17144,1.17232,1731
2026-01-02 20:00:00,1.17231,1.17238,1.17152,1.17178,1526
2026-01-02 21:00:00,1.17177,1.17234,1.17175,1.17208,647
2026-01-04 22:00:00,1.17243,1.17243,1.17107,1.17115,744
2026-01-04 23:00:00,1.17116,1.17130,1.17003,1.17054,1302
2026-01-05 00:00:00,1.17050,1.17111,1.17036,1.17050,1906
2026-01-05 01:00:00,1.17048,1.17073,1.16998,1.17003,2053
2026-01-05 02:00:00,1.17004,1.17017,1.16840,1.16887,1898
2026-01-05 03:00:00,1.16886,1.16909,1.16724,1.16753,1533
2026-01-05 04:00:00,1.16744,1.16831,1.16732,1.16818,1299
2026-01-05 05:00:00,1.16815,1.16860,1.16803,1.16855,926
2026-01-05 06:00:00,1.16856,1.16919,1.16784,1.16909,1360
2026-01-05 07:00:00,1.16911,1.16921,1.16834,1.16861,2086
2026-01-05 08:00:00,1.16862,1.16948,1.16812,1.16835,2640
2026-01-05 09:00:00,1.16836,1.16875,1.16739,1.16826,2162
2026-01-05 10:00:00,1.16824,1.16900,1.16798,1.16900,2167
2026-01-05 11:00:00,1.16903,1.16910,1.16802,1.16815,2108
2026-01-05 12:00:00,1.16816,1.16852,1.16700,1.16708,2199
2026-01-05 13:00:00,1.16709,1.16752,1.16592,1.16746,3239
2026-01-05 14:00:00,1.16752,1.16876,1.16734,1.16856,3337
2026-01-05 15:00:00,1.16856,1.17047,1.16855,1.17047,3759
2026-01-05 16:00:00,1.17048,1.17188,1.17042,1.17149,3010
2026-01-05 17:00:00,1.17149,1.17198,1.17101,1.17144,2357
2026-01-05 18:00:00,1.17140,1.17254,1.17133,1.17251,1591
2026-01-05 19:00:00,1.17252,1.17288,1.17222,1.17272,1799
2026-01-05 20:00:00,1.17268,1.17289,1.17239,1.17248,1149
2026-01-05 21:00:00,1.17249,1.17265,1.17197,1.17217,863
2026-01-05 22:00:00,1.17210,1.17231,1.17190,1.17190,298
2026-01-05 23:00:00,1.17200,1.17220,1.17128,1.17146,621
2026-01-06 00:00:00,1.17147,1.17172,1.17106,1.17169,1143
2026-01-06 01:00:00,1.17170,1.17253,1.17121,1.17253,1629
2026-01-06 02:00:00,1.17254,1.17380,1.17222,1.17376,1199
2026-01-06 03:00:00,1.17373,1.17382,1.17325,1.17346,1202
2026-01-06 04:00:00,1.17345,1.17356,1.17314,1.17338,1021
2026-01-06 05:00:00,1.17337,1.17369,1.17274,1.17290,1065
2026-01-06 06:00:00,1.17291,1.17370,1.17287,1.17361,1098
2026-01-06 07:00:00,1.17362,1.17430,1.17260,1.17291,1892
2026-01-06 08:00:00,1.17289,1.17390,1.17260,1.17287,2439
2026-01-06 09:00:00,1.17286,1.17290,1.17082,1.17134,2475
2026-01-06 10:00:00,1.17133,1.17172,1.17084,1.17127,1954
2026-01-06 11:00:00,1.17124,1.17131,1.17048,1.17061,1711
2026-01-06 12:00:00,1.17063,1.17122,1.16972,1.17015,2020
2026-01-06 13:00:00,1.17016,1.17138,1.16974,1.17110,2962
2026-01-06 14:00:00,1.17111,1.17177,1.16995,1.17093,3250
2026-01-06 15:00:00,1.17090,1.17092,1.16840,1.16954,3956
2026-01-06 16:00:00,1.16956,1.16983,1.16858,1.16880,2601
2026-01-06 17:00:00,1.16879,1.17008,1.16870,1.17007,1813
2026-01-06 18:00:00,1.17006,1.17021,1.16870,1.16882,1805
2026-01-06 19:00:00,1.16881,1.16911,1.16836,1.16897,1636
2026-01-06 20:00:00,1.16896,1.16932,1.16865,1.16869,1237
2026-01-06 21:00:00,1.16872,1.16889,1.16848,1.16888,739
2026-01-06 22:00:00,1.16857,1.16892,1.16855,1.16891,306
2026-01-06 23:00:00,1.16891,1.16905,1.16869,1.16872,432
2026-01-07 00:00:00,1.16873,1.16944,1.16855,1.16917,1414
2026-01-07 01:00:00,1.16918,1.17006,1.16900,1.16959,1563
2026-01-07 02:00:00,1.16957,1.17027,1.16953,1.16962,1149
2026-01-07 03:00:00,1.16960,1.17002,1.16960,1.16988,889
2026-01-07 04:00:00,1.16986,1.17023,1.16911,1.16912,1049
2026-01-07 05:00:00,1.16911,1.16943,1.16908,1.16931,984
2026-01-07 06:00:00,1.16932,1.16998,1.16922,1.16976,1017
2026-01-07 07:00:00,1.16978,1.16990,1.16788,1.16827,2229
2026-01-07 08:00:00,1.16823,1.16874,1.16730,1.16859,2459
2026-01-07 09:00:00,1.16857,1.16871,1.16813,1.16844,1833
2026-01-07 10:00:00,1.16845,1.16941,1.16836,1.16884,1871
2026-01-07 11:00:00,1.16883,1.16926,1.16850,1.16894,1560
2026-01-07 12:00:00,1.16895,1.16914,1.16811,1.16878,1661
2026-01-07 13:00:00,1.16874,1.16948,1.16826,1.16916,2547
2026-01-07 14:00:00,1.16914,1.16985,1.16870,1.16972,2799
2026-01-07 15:00:00,1.16848,1.16987,1.16801,1.16903,4169
2026-01-07 16:00:00,1.16902,1.16932,1.16822,1.16892,2236
2026-01-07 17:00:00,1.16893,1.16949,1.16862,1.16881,1791
2026-01-07 18:00:00,1.16879,1.16903,1.16824,1.16830,1487
2026-01-07 19:00:00,1.16831,1.16853,1.16786,1.16824,1629
2026-01-07 20:00:00,1.16825,1.16839,1.16790,1.16794,1249
2026-01-07 21:00:00,1.16790,1.16791,1.16737,1.16744,699
2026-01-07 22:00:00,1.16739,1.16784,1.16739,1.16775,273
2026-01-07 23:00:00,1.16776,1.16778,1.16750,1.16768,336
2026-01-08 00:00:00,1.16770,1.16781,1.16758,1.16758,815
2026-01-08 01:00:00,1.16755,1.16781,1.16730,1.16748,1172
2026-01-08 02:00:00,1.16749,1.16807,1.16727,1.16802,1161
2026-01-08 03:00:00,1.16801,1.16829,1.16788,1.16800,1015
2026-01-08 04:00:00,1.16799,1.16811,1.16780,1.16804,644
2026-01-08 05:00:00,1.16803,1.16828,1.16775,1.16824,1057
2026-01-08 06:00:00,1.16825,1.16831,1.16750,1.16816,1521
2026-01-08 07:00:00,1.16814,1.16829,1.16771,1.16780,1916
2026-01-08 08:00:00,1.16782,1.16789,1.16690,1.16713,2204
2026-01-08 09:00:00,1.16710,1.16770,1.16693,1.16768,1939
2026-01-08 10:00:00,1.16769,1.16820,1.16758,1.16798,1757
2026-01-08 11:00:00,1.16800,1.16804,1.16752,1.16777,1432
2026-01-08 12:00:00,1.16775,1.16779,1.16701,1.16734,1495
2026-01-08 13:00:00,1.16736,1.16780,1.16584,1.16628,2521
2026-01-08 14:00:00,1.16627,1.16666,1.16562,1.16646,2744
2026-01-08 15:00:00,1.16647,1.16739,1.16608,1.16665,2627
2026-01-08 16:00:00,1.16664,1.16677,1.16526,1.16544,2212
2026-01-08 17:00:00,1.16541,1.16557,1.16436,1.16507,2025
2026-01-08 18:00:00,1.16506,1.16533,1.16448,1.16452,1612
2026-01-08 19:00:00,1.16451,1.16508,1.16426,1.16502,1465
2026-01-08 20:00:00,1.16501,1.16547,1.16498,1.16515,1411
2026-01-08 21:00:00,1.16513,1.16625,1.16507,1.16596,1145
2026-01-08 22:00:00,1.16600,1.16600,1.16566,1.16588,397
2026-01-08 23:00:00,1.16589,1.16624,1.16565,1.16581,385
2026-01-09 00:00:00,1.16580,1.16580,1.16535,1.16537,851
2026-01-09 01:00:00,1.16536,1.16573,1.16485,1.16492,1447
2026-01-09 02:00:00,1.16493,1.16548,1.16460,1.16544,1067
2026-01-09 03:00:00,1.16543,1.16592,1.16537,1.16562,939
2026-01-09 04:00:00,1.16561,1.16570,1.16519,1.16543,790
2026-01-09 05:00:00,1.16544,1.16563,1.16501,1.16511,901
2026-01-09 06:00:00,1.16512,1.16529,1.16484,1.16491,1093
2026-01-09 07:00:00,1.16489,1.16509,1.16402,1.16509,1906
2026-01-09 08:00:00,1.16508,1.16530,1.16412,1.16491,2294
2026-01-09 09:00:00,1.16494,1.16503,1.16423,1.16425,1621
2026-01-09 10:00:00,1.16425,1.16469,1.16370,1.16468,1592
2026-01-09 11:00:00,1.16470,1.16471,1.16416,1.16461,1342
2026-01-09 12:00:00,1.16462,1.16463,1.16398,1.16414,1845
2026-01-09 13:00:00,1.16416,1.16606,1.16261,1.16452,4825
2026-01-09 14:00:00,1.16453,1.16526,1.16300,1.16368,4957
2026-01-09 15:00:00,1.16358,1.16410,1.16182,1.16405,4142
2026-01-09 16:00:00,1.16406,1.16434,1.16282,1.16334,2747
2026-01-09 17:00:00,1.16332,1.16345,1.16275,1.16319,2062
2026-01-09 18:00:00,1.16318,1.16400,1.16312,1.16341,1551
2026-01-09 19:00:00,1.16340,1.16389,1.16331,1.16348,1229
2026-01-09 20:00:00,1.16349,1.16379,1.16341,1.16347,1024
2026-01-09 21:00:00,1.16345,1.16369,1.16298,1.16305,527
2026-01-11 22:00:00,1.16327,1.16347,1.16318,1.16333,524
2026-01-11 23:00:00,1.16323,1.16345,1.16232,1.16238,553
2026-01-12 00:00:00,1.16237,1.16651,1.16218,1.16647,2752
2026-01-12 01:00:00,1.16648,1.16713,1.16556,1.16561,2455
2026-01-12 02:00:00,1.16562,1.16643,1.16539,1.16548,1554
2026-01-12 03:00:00,1.16551,1.16593,1.16550,1.16552,964
2026-01-12 04:00:00,1.16553,1.16585,1.16530,1.16558,661
2026-01-12 05:00:00,1.16560,1.16711,1.16558,1.16692,1252
2026-01-12 06:00:00,1.16691,1.16731,1.16641,1.16698,1434
2026-01-12 07:00:00,1.16697,1.16877,1.16686,1.16850,2535
2026-01-12 08:00:00,1.16848,1.16919,1.16760,1.16882,2545
2026-01-12 09:00:00,1.16879,1.16959,1.16813,1.16819,2172
2026-01-12 10:00:00,1.16817,1.16855,1.16758,1.16853,1886
2026-01-12 11:00:00,1.16854,1.16895,1.16755,1.16785,1924
2026-01-12 12:00:00,1.16782,1.16876,1.16771,1.16814,1886
2026-01-12 13:00:00,1.16812,1.16986,1.16779,1.16930,2474
2026-01-12 14:00:00,1.16927,1.16930,1.16739,1.16769,3233
2026-01-12 15:00:00,1.16770,1.16861,1.16728,1.16814,2427
2026-01-12 16:00:00,1.16816,1.16822,1.16714,1.16718,1761
2026-01-12 17:00:00,1.16716,1.16760,1.16660,1.16686,2073
2026-01-12 18:00:00,1.16681,1.16716,1.16653,1.16690,1329
2026-01-12 19:00:00,1.16689,1.16739,1.16678,1.16721,1036
2026-01-12 20:00:00,1.16720,1.16733,1.16630,1.16652,1236
2026-01-12 21:00:00,1.16651,1.16689,1.16643,1.16672,683
2026-01-12 22:00:00,1.16693,1.16708,1.16674,1.16689,776
2026-01-12 23:00:00,1.16685,1.16709,1.16654,1.16675,804
2026-01-13 00:00:00,1.16674,1.16675,1.16608,1.16638,1099
2026-01-13 01:00:00,1.16639,1.16648,1.16564,1.16584,1285
2026-01-13 02:00:00,1.16583,1.16614,1.16568,1.16591,1012
2026-01-13 03:00:00,1.16592,1.16637,1.16566,1.16587,829
2026-01-13 04:00:00,1.16586,1.16659,1.16585,1.16656,921
2026-01-13 05:00:00,1.16657,1.16676,1.16619,1.16629,924
2026-01-13 06:00:00,1.16630,1.16631,1.16538,1.16589,1356
2026-01-13 07:00:00,1.16587,1.16650,1.16560,1.16642,1724
2026-01-13 08:00:00,1.16638,1.16694,1.16586,1.16692,2004
2026-01-13 09:00:00,1.16691,1.16727,1.16636,1.16720,1666
2026-01-13 10:00:00,1.16722,1.16745,1.16650,1.16663,1602
2026-01-13 11:00:00,1.16662,1.16705,1.16646,1.16686,1199
2026-01-13 12:00:00,1.16685,1.16692,1.16531,1.16551,1667
2026-01-13 13:00:00,1.16552,1.16778,1.16502,1.16686,4217
2026-01-13 14:00:00,1.16684,1.16734,1.16574,1.16641,3799
2026-01-13 15:00:00,1.16640,1.16648,1.16442,1.16521,3300
2026-01-13 16:00:00,1.16522,1.16545,1.16341,1.16458,2628
2026-01-13 17:00:00,1.16459,1.16486,1.16413,1.16462,1831
2026-01-13 18:00:00,1.16463,1.16546,1.16415,1.16533,1545
2026-01-13 19:00:00,1.16533,1.16536,1.16461,1.16492,1485
2026-01-13 20:00:00,1.16493,1.16499,1.16452,1.16455,1243
2026-01-13 21:00:00,1.16454,1.16467,1.16423,1.16424,719
2026-01-13 22:00:00,1.16457,1.16457,1.16422,1.16445,494
2026-01-13 23:00:00,1.16444,1.16456,1.16420,1.16421,516
2026-01-14 00:00:00,1.16420,1.16437,1.16380,1.16429,917
2026-01-14 01:00:00,1.16430,1.16431,1.16369,1.16381,1008
2026-01-14 02:00:00,1.16383,1.16445,1.16362,1.16435,1049
2026-01-14 03:00:00,1.16436,1.16489,1.16435,1.16469,867
2026-01-14 04:00:00,1.16468,1.16480,1.16435,1.16441,538
2026-01-14 05:00:00,1.16440,1.16452,1.16417,1.16420,684
2026-01-14 06:00:00,1.16419,1.16502,1.16415,1.16492,939
2026-01-14 07:00:00,1.16492,1.16521,1.16444,1.16462,1424
2026-01-14 08:00:00,1.16461,1.16504,1.16410,1.16476,2392
2026-01-14 09:00:00,1.16475,1.16538,1.16460,1.16520,1751
2026-01-14 10:00:00,1.16521,1.16579,1.16469,1.16552,1711
2026-01-14 11:00:00,1.16551,1.16551,1.16439,1.16470,1527
2026-01-14 12:00:00,1.16472,1.16600,1.16451,1.16597,2153
2026-01-14 13:00:00,1.16598,1.16598,1.16450,1.16501,2480
2026-01-14 14:00:00,1.16496,1.16598,1.16488,1.16560,3314
2026-01-14 15:00:00,1.16559,1.16608,1.16494,1.16600,3099
2026-01-14 16:00:00,1.16600,1.16617,1.16526,1.16546,2071
2026-01-14 17:00:00,1.16546,1.16559,1.16456,1.16467,1756
2026-01-14 18:00:00,1.16466,1.16477,1.16380,1.16380,1414
2026-01-14 19:00:00,1.16381,1.16394,1.16354,1.16363,1181
2026-01-14 20:00:00,1.16368,1.16474,1.16366,1.16432,1640
2026-01-14 21:00:00,1.16433,1.16463,1.16424,1.16441,814
2026-01-14 22:00:00,1.16458,1.16472,1.16444,1.16448,348
2026-01-14 23:00:00,1.16446,1.16470,1.16446,1.16450,467
2026-01-15 00:00:00,1.16449,1.16455,1.16358,1.16377,871
2026-01-15 01:00:00,1.16374,1.16417,1.16332,1.16386,1503
2026-01-15 02:00:00,1.16384,1.16408,1.16362,1.16402,828
2026-01-15 03:00:00,1.16401,1.16415,1.16369,1.16389,796
2026-01-15 04:00:00,1.16390,1.16395,1.16343,1.16346,601
2026-01-15 05:00:00,1.16345,1.16380,1.16336,1.16353,857
2026-01-15 06:00:00,1.16352,1.16383,1.16300,1.16331,1322
2026-01-15 07:00:00,1.16345,1.16368,1.16258,1.16290,1661
2026-01-15 08:00:00,1.16285,1.16354,1.16269,1.16310,1828
2026-01-15 09:00:00,1.16307,1.16399,1.16304,1.16358,1703
2026-01-15 10:00:00,1.16359,1.16410,1.16329,1.16358,1530
2026-01-15 11:00:00,1.16364,1.16380,1.16302,1.16308,1302
2026-01-15 12:00:00,1.16307,1.16350,1.16204,1.16229,1271
2026-01-15 13:00:00,1.16228,1.16252,1.15988,1.16014,2886
2026-01-15 14:00:00,1.16012,1.16110,1.15932,1.16010,2601
2026-01-15 15:00:00,1.16012,1.16096,1.15972,1.16023,2404
2026-01-15 16:00:00,1.16026,1.16112,1.15984,1.16046,1828
2026-01-15 17:00:00,1.16048,1.16138,1.16036,1.16089,1555
2026-01-15 18:00:00,1.16090,1.16152,1.16090,1.16148,1225
2026-01-15 19:00:00,1.16147,1.16175,1.16113,1.16137,1418
2026-01-15 20:00:00,1.16137,1.16155,1.16029,1.16044,1108
2026-01-15 21:00:00,1.16042,1.16112,1.16034,1.16085,652
2026-01-15 22:00:00,1.16073,1.16103,1.16073,1.16080,450
2026-01-15 23:00:00,1.16079,1.16103,1.16074,1.16091,492
2026-01-16 00:00:00,1.16090,1.16097,1.16028,1.16039,1043
2026-01-16 01:00:00,1.16040,1.16088,1.16025,1.16070,1124
2026-01-16 02:00:00,1.16071,1.16144,1.16064,1.16097,1383
2026-01-16 03:00:00,1.16098,1.16127,1.16071,1.16121,954
2026-01-16 04:00:00,1.16123,1.16138,1.16102,1.16110,625
2026-01-16 05:00:00,1.16106,1.16113,1.16060,1.16067,727
2026-01-16 06:00:00,1.16065,1.16099,1.16044,1.16096,842
2026-01-16 07:00:00,1.16095,1.16148,1.16081,1.16121,1654
2026-01-16 08:00:00,1.16122,1.16146,1.16085,1.16093,1663
2026-01-16 09:00:00,1.16092,1.16153,1.16082,1.16084,1324
2026-01-16 10:00:00,1.16084,1.16178,1.16082,1.16132,1353
2026-01-16 11:00:00,1.16130,1.16236,1.16129,1.16193,1467
2026-01-16 12:00:00,1.16194,1.16223,1.16136,1.16196,1675
2026-01-16 13:00:00,1.16191,1.16212,1.16117,1.16186,1997
2026-01-16 14:00:00,1.16190,1.16207,1.16126,1.16182,1919
2026-01-16 15:00:00,1.16184,1.16274,1.15846,1.15936,4401
2026-01-16 16:00:00,1.15938,1.16061,1.15938,1.15984,2855
2026-01-16 17:00:00,1.15988,1.16029,1.15949,1.15956,1797
2026-01-16 18:00:00,1.15955,1.15994,1.15894,1.15957,1279
2026-01-16 19:00:00,1.15957,1.15975,1.15915,1.15964,1325
2026-01-16 20:00:00,1.15967,1.16023,1.15956,1.15994,942
2026-01-16 21:00:00,1.15995,1.16023,1.15976,1.15988,606
2026-01-18 22:00:00,1.15835,1.15873,1.15786,1.15854,971
2026-01-18 23:00:00,1.15852,1.16272,1.15801,1.16245,2712
2026-01-19 00:00:00,1.16246,1.16379,1.16046,1.16321,3210
2026-01-19 01:00:00,1.16320,1.16345,1.16221,1.16227,2243
2026-01-19 02:00:00,1.16228,1.16238,1.16158,1.16177,1569
2026-01-19 03:00:00,1.16181,1.16261,1.16160,1.16246,1169
2026-01-19 04:00:00,1.16247,1.16338,1.16246,1.16330,992
2026-01-19 05:00:00,1.16333,1.16377,1.16268,1.16276,1281
2026-01-19 06:00:00,1.16277,1.16327,1.16250,1.16280,1250
2026-01-19 07:00:00,1.16282,1.16415,1.16231,1.16262,2215
2026-01-19 08:00:00,1.16263,1.16280,1.16184,1.16252,1988
2026-01-19 09:00:00,1.16252,1.16299,1.16112,1.16244,2032
2026-01-19 10:00:00,1.16245,1.16286,1.16221,1.16240,1486
2026-01-19 11:00:00,1.16244,1.16290,1.16203,1.16280,1297
2026-01-19 12:00:00,1.16280,1.16334,1.16250,1.16255,1135
2026-01-19 13:00:00,1.16258,1.16354,1.16258,1.16321,1429
2026-01-19 14:00:00,1.16320,1.16428,1.16304,1.16400,1311
2026-01-19 15:00:00,1.16399,1.16435,1.16318,1.16400,1737
2026-01-19 16:00:00,1.16399,1.16475,1.16378,1.16419,1010
2026-01-19 17:00:00,1.16423,1.16467,1.16397,1.16458,852
2026-01-19 18:00:00,1.16457,1.16488,1.16432,1.16433,603
2026-01-19 19:00:00,1.16432,1.16468,1.16426,1.16433,405
2026-01-19 20:00:00,1.16432,1.16453,1.16419,1.16453,381
2026-01-19 21:00:00,1.16450,1.16465,1.16430,1.16456,363
2026-01-19 22:00:00,1.16453,1.16470,1.16425,1.16455,213
2026-01-19 23:00:00,1.16457,1.16463,1.16383,1.16395,637
2026-01-20 00:00:00,1.16398,1.16411,1.16327,1.16404,1111
2026-01-20 01:00:00,1.16406,1.16440,1.16390,1.16438,1526
2026-01-20 02:00:00,1.16439,1.16465,1.16405,1.16444,1068
2026-01-20 03:00:00,1.16445,1.16587,1.16441,1.16566,1255
2026-01-20 04:00:00,1.16567,1.16666,1.16561,1.16657,1224
2026-01-20 05:00:00,1.16656,1.16726,1.16631,1.16632,1337
2026-01-20 06:00:00,1.16631,1.16692,1.16622,1.16687,1735
2026-01-20 07:00:00,1.16686,1.16938,1.16642,1.16888,2682
2026-01-20 08:00:00,1.16892,1.17219,1.16874,1.17162,3756
2026-01-20 09:00:00,1.17162,1.17330,1.17158,1.17264,3185
2026-01-20 10:00:00,1.17265,1.17322,1.17154,1.17312,2805
2026-01-20 11:00:00,1.17316,1.17390,1.17225,1.17350,2325
2026-01-20 12:00:00,1.17348,1.17439,1.17258,1.17260,2243
2026-01-20 13:00:00,1.17259,1.17688,1.17186,1.17334,4530
2026-01-20 14:00:00,1.17335,1.17370,1.17153,1.17195,4717
2026-01-20 15:00:00,1.17194,1.17371,1.17162,1.17271,3904
2026-01-20 16:00:00,1.17272,1.17395,1.17270,1.17390,2372
2026-01-20 17:00:00,1.17390,1.17428,1.17298,1.17315,2096
2026-01-20 18:00:00,1.17314,1.17341,1.17266,1.17267,1511
2026-01-20 19:00:00,1.17266,1.17281,1.17115,1.17123,1721
2026-01-20 20:00:00,1.17123,1.17204,1.17109,1.17195,1725
2026-01-20 21:00:00,1.17194,1.17272,1.17176,1.17246,660
2026-01-20 22:00:00,1.17253,1.17263,1.17208,1.17223,605
2026-01-20 23:00:00,1.17221,1.17289,1.17218,1.17272,670
2026-01-21 00:00:00,1.17270,1.17270,1.17166,1.17237,1176
2026-01-21 01:00:00,1.17238,1.17342,1.17227,1.17291,1697
2026-01-21 02:00:00,1.17291,1.17319,1.17244,1.17264,1207
2026-01-21 03:00:00,1.17283,1.17289,1.17108,1.17189,1390
2026-01-21 04:00:00,1.17188,1.17206,1.17141,1.17183,844
2026-01-21 05:00:00,1.17182,1.17218,1.17156,1.17173,875
2026-01-21 06:00:00,1.17174,1.17251,1.17156,1.17240,1072
2026-01-21 07:00:00,1.17234,1.17255,1.17102,1.17170,2223
2026-01-21 08:00:00,1.17171,1.17188,1.17051,1.17102,2063
2026-01-21 09:00:00,1.17104,1.17129,1.17012,1.17035,1738
2026-01-21 10:00:00,1.17036,1.17086,1.17014,1.17070,1757
2026-01-21 11:00:00,1.17066,1.17206,1.17041,1.17142,1879
2026-01-21 12:00:00,1.17143,1.17358,1.17121,1.17348,1637
2026-01-21 13:00:00,1.17350,1.17431,1.17288,1.17395,2454
2026-01-21 14:00:00,1.17396,1.17407,1.17155,1.17248,5202
2026-01-21 15:00:00,1.17246,1.17286,1.17006,1.17020,3832
2026-01-21 16:00:00,1.17018,1.17108,1.16947,1.17033,3262
2026-01-21 17:00:00,1.17043,1.17117,1.16972,1.17031,2802
2026-01-21 18:00:00,1.17030,1.17035,1.16936,1.16969,1735
2026-01-21 19:00:00,1.16970,1.17055,1.16771,1.16914,3879
2026-01-21 20:00:00,1.16914,1.16922,1.16763,1.16869,2463
2026-01-21 21:00:00,1.16870,1.16895,1.16833,1.16833,931
2026-01-21 22:00:00,1.16848,1.16870,1.16845,1.16854,397
2026-01-21 23:00:00,1.16853,1.16856,1.16701,1.16730,843
2026-01-22 00:00:00,1.16729,1.16899,1.16728,1.16874,1466
2026-01-22 01:00:00,1.16871,1.16902,1.16813,1.16888,1494
2026-01-22 02:00:00,1.16889,1.16936,1.16834,1.16856,1037
2026-01-22 03:00:00,1.16857,1.16904,1.16850,1.16890,736
2026-01-22 04:00:00,1.16891,1.16973,1.16890,1.16916,890
2026-01-22 05:00:00,1.16915,1.16919,1.16844,1.16884,1119
2026-01-22 06:00:00,1.16889,1.16920,1.16843,1.16886,1283
2026-01-22 07:00:00,1.16890,1.16961,1.16849,1.16909,1989
2026-01-22 08:00:00,1.16906,1.16950,1.16842,1.16890,2261
2026-01-22 09:00:00,1.16895,1.16975,1.16877,1.16926,1971
2026-01-22 10:00:00,1.16930,1.16956,1.16866,1.16954,1651
2026-01-22 11:00:00,1.16952,1.17042,1.16904,1.17024,2484
2026-01-22 12:00:00,1.17022,1.17092,1.17000,1.17038,1874
2026-01-22 13:00:00,1.17039,1.17187,1.17031,1.17139,2978
2026-01-22 14:00:00,1.17140,1.17258,1.17108,1.17198,2946
2026-01-22 15:00:00,1.17200,1.17340,1.17187,1.17340,2905
2026-01-22 16:00:00,1.17341,1.17507,1.17335,1.17388,2695
2026-01-22 17:00:00,1.17386,1.17479,1.17274,1.17466,2568
2026-01-22 18:00:00,1.17465,1.17488,1.17433,1.17475,1305
2026-01-22 19:00:00,1.17476,1.17479,1.17413,1.17441,1266
2026-01-22 20:00:00,1.17434,1.17528,1.17421,1.17489,1224
2026-01-22 21:00:00,1.17484,1.17565,1.17472,1.17553,971
2026-01-22 22:00:00,1.17517,1.17567,1.17513,1.17562,312
2026-01-22 23:00:00,1.17562,1.17594,1.17534,1.17539,753
2026-01-23 00:00:00,1.17535,1.17536,1.17480,1.17481,1195
2026-01-23 01:00:00,1.17483,1.17539,1.17471,1.17494,1777
2026-01-23 02:00:00,1.17489,1.17501,1.17441,1.17453,1203
2026-01-23 03:00:00,1.17454,1.17488,1.17436,1.17437,1096
2026-01-23 04:00:00,1.17438,1.17512,1.17431,1.17500,585
2026-01-23 05:00:00,1.17501,1.17540,1.17498,1.17510,842
2026-01-23 06:00:00,1.17507,1.17529,1.17415,1.17420,1734
2026-01-23 07:00:00,1.17424,1.17475,1.17350,1.17362,3139
2026-01-23 08:00:00,1.17359,1.17453,1.17283,1.17401,2923
2026-01-23 09:00:00,1.17400,1.17452,1.17352,1.17354,2372
2026-01-23 10:00:00,1.17352,1.17361,1.17301,1.17346,1713
2026-01-23 11:00:00,1.17347,1.17406,1.17308,1.17374,1908
2026-01-23 12:00:00,1.17375,1.17445,1.17366,1.17425,1585
2026-01-23 13:00:00,1.17423,1.17474,1.17330,1.17342,1794
2026-01-23 14:00:00,1.17342,1.17482,1.17320,1.17466,2178
2026-01-23 15:00:00,1.17468,1.17614,1.17458,1.17580,2350
2026-01-23 16:00:00,1.17582,1.17753,1.17465,1.17707,3198
2026-01-23 17:00:00,1.17707,1.17989,1.17692,1.17943,4779
2026-01-23 18:00:00,1.17944,1.17956,1.17773,1.17922,3372
2026-01-23 19:00:00,1.17923,1.18150,1.17917,1.18118,2765
2026-01-23 20:00:00,1.18119,1.18266,1.18101,1.18212,2841
2026-01-23 21:00:00,1.18214,1.18337,1.18211,1.18296,1491
2026-01-25 22:00:00,1.18632,1.18933,1.18517,1.18900,1405
2026-01-25 23:00:00,1.18898,1.18977,1.18544,1.18602,3301
2026-01-26 00:00:00,1.18603,1.18632,1.18445,1.18612,3683
2026-01-26 01:00:00,1.18618,1.18692,1.18548,1.18579,3379
2026-01-26 02:00:00,1.18578,1.18765,1.18559,1.18676,2854
2026-01-26 03:00:00,1.18677,1.18678,1.18583,1.18624,1839
2026-01-26 04:00:00,1.18623,1.18694,1.18556,1.18591,1884
2026-01-26 05:00:00,1.18599,1.18699,1.18580,1.18650,1532
2026-01-26 06:00:00,1.18649,1.18657,1.18508,1.18517,2218
2026-01-26 07:00:00,1.18517,1.18628,1.18366,1.18389,3312
2026-01-26 08:00:00,1.18390,1.18596,1.18382,1.18537,3896
2026-01-26 09:00:00,1.18536,1.18676,1.18419,1.18638,3355
2026-01-26 10:00:00,1.18637,1.18654,1.18536,1.18608,2397
2026-01-26 11:00:00,1.18606,1.18607,1.18488,1.18560,2207
2026-01-26 12:00:00,1.18553,1.18573,1.18402,1.18422,2102
2026-01-26 13:00:00,1.18424,1.18568,1.18350,1.18561,2697
2026-01-26 14:00:00,1.18563,1.18796,1.18526,1.18791,3476
2026-01-26 15:00:00,1.18791,1.18970,1.18705,1.18956,3648
2026-01-26 16:00:00,1.18952,1.19070,1.18801,1.18858,3514
2026-01-26 17:00:00,1.18859,1.18915,1.18748,1.18788,2514
2026-01-26 18:00:00,1.18789,1.18905,1.18782,1.18789,2285
2026-01-26 19:00:00,1.18791,1.18817,1.18706,1.18793,2460
2026-01-26 20:00:00,1.18794,1.18836,1.18775,1.18825,1781
2026-01-26 21:00:00,1.18826,1.18863,1.18742,1.18806,1037
2026-01-26 22:00:00,1.18773,1.18791,1.18758,1.18784,487
2026-01-26 23:00:00,1.18801,1.18824,1.18717,1.18738,795
2026-01-27 00:00:00,1.18739,1.18827,1.18727,1.18773,1666
2026-01-27 01:00:00,1.18769,1.18815,1.18735,1.18787,1702
2026-01-27 02:00:00,1.18788,1.18995,1.18762,1.18933,1529
2026-01-27 03:00:00,1.18929,1.18932,1.18793,1.18799,1433
2026-01-27 04:00:00,1.18798,1.18825,1.18701,1.18735,1275
2026-01-27 05:00:00,1.18734,1.18787,1.18720,1.18768,1329
2026-01-27 06:00:00,1.18769,1.18814,1.18709,1.18720,1543
2026-01-27 07:00:00,1.18723,1.18757,1.18609,1.18636,2371
2026-01-27 08:00:00,1.18638,1.18672,1.18504,1.18606,2690
2026-01-27 09:00:00,1.18607,1.18899,1.18589,1.18891,2580
2026-01-27 10:00:00,1.18889,1.18900,1.18740,1.18889,3160
2026-01-27 11:00:00,1.18888,1.18972,1.18854,1.18955,2284
2026-01-27 12:00:00,1.18954,1.19344,1.18942,1.19282,4386
2026-01-27 13:00:00,1.19284,1.19388,1.19142,1.19234,4772
2026-01-27 14:00:00,1.19232,1.19553,1.19184,1.19444,4997
2026-01-27 15:00:00,1.19446,1.19725,1.19446,1.19510,5406
2026-01-27 16:00:00,1.19509,1.19902,1.19498,1.19792,4036
2026-01-27 17:00:00,1.19791,1.19839,1.19589,1.19800,3900
2026-01-27 18:00:00,1.19801,1.19874,1.19718,1.19778,2926
2026-01-27 19:00:00,1.19777,1.19809,1.19712,1.19774,2238
2026-01-27 20:00:00,1.19773,1.20818,1.19720,1.20297,5022
2026-01-27 21:00:00,1.20308,1.20498,1.20232,1.20398,4081
2026-01-27 22:00:00,1.20400,1.20439,1.20370,1.20425,786
2026-01-27 23:00:00,1.20443,1.20451,1.20164,1.20229,2068
2026-01-28 00:00:00,1.20228,1.20238,1.20083,1.20152,3149
2026-01-28 01:00:00,1.20153,1.20161,1.19928,1.19929,3065
2026-01-28 02:00:00,1.19930,1.20000,1.19873,1.19975,2221
2026-01-28 03:00:00,1.19979,1.20050,1.19952,1.19969,1539
2026-01-28 04:00:00,1.19970,1.20018,1.19915,1.20003,1357
2026-01-28 05:00:00,1.20002,1.20009,1.19749,1.19970,2696
2026-01-28 06:00:00,1.19970,1.20071,1.19903,1.19953,2259
2026-01-28 07:00:00,1.19954,1.20258,1.19844,1.19914,3841
2026-01-28 08:00:00,1.19920,1.20049,1.19706,1.19805,4437
2026-01-28 09:00:00,1.19806,1.19929,1.19752,1.19869,3274
2026-01-28 10:00:00,1.19870,1.19949,1.19726,1.19890,2904
2026-01-28 11:00:00,1.19891,1.19896,1.19618,1.19682,2772
2026-01-28 12:00:00,1.19681,1.19834,1.19662,1.19799,2585
2026-01-28 13:00:00,1.19800,1.19809,1.19519,1.19576,3438
2026-01-28 14:00:00,1.19581,1.19776,1.19526,1.19625,3674
2026-01-28 15:00:00,1.19626,1.19702,1.19233,1.19434,7956
2026-01-28 16:00:00,1.19436,1.19527,1.19190,1.19407,4482
2026-01-28 17:00:00,1.19407,1.19433,1.19281,1.19411,2682
2026-01-28 18:00:00,1.19410,1.19422,1.19143,1.19218,2853
2026-01-28 19:00:00,1.19231,1.19419,1.18958,1.19406,6776
2026-01-28 20:00:00,1.19406,1.19503,1.19295,1.19457,3785
2026-01-28 21:00:00,1.19456,1.19545,1.19418,1.19543,1536
2026-01-28 22:00:00,1.19542,1.19571,1.19542,1.19562,277
2026-01-28 23:00:00,1.19562,1.19810,1.19524,1.19810,2303
2026-01-29 00:00:00,1.19809,1.19853,1.19690,1.19736,2959
2026-01-29 01:00:00,1.19725,1.19725,1.19570,1.19614,2917
2026-01-29 02:00:00,1.19613,1.19758,1.19533,1.19732,2496
2026-01-29 03:00:00,1.19730,1.19868,1.19706,1.19865,2032
2026-01-29 04:00:00,1.19864,1.19907,1.19756,1.19899,1991
2026-01-29 05:00:00,1.19895,1.19936,1.19806,1.19812,1793
2026-01-29 06:00:00,1.19811,1.19896,1.19753,1.19848,2205
2026-01-29 07:00:00,1.19845,1.19966,1.19674,1.19742,2975
2026-01-29 08:00:00,1.19741,1.19858,1.19614,1.19685,3850
2026-01-29 09:00:00,1.19683,1.19743,1.19516,1.19558,2945
2026-01-29 10:00:00,1.19560,1.19580,1.19390,1.19423,2732
2026-01-29 11:00:00,1.19424,1.19531,1.19381,1.19471,2394
2026-01-29 12:00:00,1.19471,1.19623,1.19422,1.19613,2519
2026-01-29 13:00:00,1.19616,1.19709,1.19403,1.19562,4368
2026-01-29 14:00:00,1.19569,1.19713,1.19522,1.19702,4990
2026-01-29 15:00:00,1.19703,1.19725,1.19061,1.19296,9155
2026-01-29 16:00:00,1.19294,1.19530,1.19273,1.19425,6253
2026-01-29 17:00:00,1.19426,1.19616,1.19426,1.19562,4687
2026-01-29 18:00:00,1.19557,1.19649,1.19484,1.19579,3452
2026-01-29 19:00:00,1.19578,1.19605,1.19502,1.19514,2446
2026-01-29 20:00:00,1.19512,1.19683,1.19458,1.19649,2033
2026-01-29 21:00:00,1.19648,1.19717,1.19620,1.19712,1292
2026-01-29 22:00:00,1.19657,1.19694,1.19646,1.19694,295
2026-01-29 23:00:00,1.19690,1.19746,1.19650,1.19674,1208
2026-01-30 00:00:00,1.19676,1.19731,1.19301,1.19319,3612
2026-01-30 01:00:00,1.19320,1.19397,1.19144,1.19171,4662
2026-01-30 02:00:00,1.19170,1.19261,1.18950,1.19185,5645
2026-01-30 03:00:00,1.19188,1.19231,1.19131,1.19200,3026
2026-01-30 04:00:00,1.19198,1.19345,1.19191,1.19244,2135
2026-01-30 05:00:00,1.19246,1.19351,1.19144,1.19248,2399
2026-01-30 06:00:00,1.19247,1.19331,1.19139,1.19191,3675
2026-01-30 07:00:00,1.19190,1.19426,1.19147,1.19376,4260
2026-01-30 08:00:00,1.19378,1.19431,1.19233,1.19340,3745
2026-01-30 09:00:00,1.19329,1.19377,1.18984,1.19085,4402
2026-01-30 10:00:00,1.19083,1.19253,1.19050,1.19211,3317
2026-01-30 11:00:00,1.19213,1.19505,1.19206,1.19491,3368
2026-01-30 12:00:00,1.19481,1.19548,1.19151,1.19195,3717
2026-01-30 13:00:00,1.19192,1.19246,1.19019,1.19126,5060
2026-01-30 14:00:00,1.19127,1.19212,1.19010,1.19066,5165
2026-01-30 15:00:00,1.19061,1.19061,1.18831,1.18952,6758
2026-01-30 16:00:00,1.18953,1.18975,1.18720,1.18862,5214
2026-01-30 17:00:00,1.18855,1.18876,1.18666,1.18724,5033
2026-01-30 18:00:00,1.18723,1.18843,1.18545,1.18784,5914
2026-01-30 19:00:00,1.18783,1.18850,1.18644,1.18695,4233
2026-01-30 20:00:00,1.18690,1.18691,1.18531,1.18532,3217
2026-01-30 21:00:00,1.18529,1.18565,1.18499,1.18513,1504
2026-02-01 22:00:00,1.18527,1.18533,1.18487,1.18513,641
2026-02-01 23:00:00,1.18513,1.18569,1.18398,1.18461,3757
2026-02-02 00:00:00,1.18463,1.18746,1.18463,1.18666,4229
2026-02-02 01:00:00,1.18664,1.18725,1.18528,1.18706,4652
2026-02-02 02:00:00,1.18713,1.18747,1.18631,1.18631,3424
2026-02-02 03:00:00,1.18631,1.18718,1.18630,1.18640,2732
2026-02-02 04:00:00,1.18643,1.18724,1.18579,1.18632,2474
2026-02-02 05:00:00,1.18631,1.18637,1.18410,1.18505,2543
2026-02-02 06:00:00,1.18506,1.18545,1.18431,1.18537,3987
2026-02-02 07:00:00,1.18536,1.18633,1.18516,1.18535,4176
2026-02-02 08:00:00,1.18551,1.18665,1.18436,1.18508,4306
2026-02-02 09:00:00,1.18505,1.18650,1.18445,1.18623,3934
2026-02-02 10:00:00,1.18622,1.18701,1.18586,1.18646,3297
2026-02-02 11:00:00,1.18647,1.18713,1.18605,1.18645,3055
2026-02-02 12:00:00,1.18640,1.18698,1.18430,1.18498,3430
2026-02-02 13:00:00,1.18501,1.18501,1.18180,1.18208,4710
2026-02-02 14:00:00,1.18207,1.18299,1.18053,1.18223,4920
2026-02-02 15:00:00,1.18215,1.18215,1.17904,1.17923,6548
2026-02-02 16:00:00,1.17925,1.18076,1.17903,1.18062,4487
2026-02-02 17:00:00,1.18063,1.18124,1.17951,1.17999,3386
2026-02-02 18:00:00,1.18000,1.18010,1.17776,1.17796,2933
2026-02-02 19:00:00,1.17797,1.17913,1.17759,1.17887,2070
2026-02-02 20:00:00,1.17884,1.17921,1.17802,1.17913,1896
2026-02-02 21:00:00,1.17914,1.17944,1.17886,1.17907,908
2026-02-02 22:00:00,1.17859,1.17924,1.17859,1.17901,925
2026-02-02 23:00:00,1.17900,1.17989,1.17875,1.17988,1065
2026-02-03 00:00:00,1.17989,1.18070,1.17980,1.18063,1660
2026-02-03 01:00:00,1.18063,1.18147,1.18016,1.18140,1971
2026-02-03 02:00:00,1.18139,1.18143,1.18006,1.18016,1555
2026-02-03 03:00:00,1.18015,1.18126,1.18008,1.18093,1922
2026-02-03 04:00:00,1.18096,1.18166,1.18087,1.18092,1337
2026-02-03 05:00:00,1.18092,1.18131,1.18048,1.18088,1187
2026-02-03 06:00:00,1.18089,1.18162,1.18077,1.18137,1640
2026-02-03 07:00:00,1.18131,1.18245,1.18099,1.18153,3018
2026-02-03 08:00:00,1.18152,1.18195,1.18037,1.18128,3180
2026-02-03 09:00:00,1.18128,1.18161,1.17921,1.17922,3328
2026-02-03 10:00:00,1.17921,1.17999,1.17867,1.17871,2380
2026-02-03 11:00:00,1.17872,1.17948,1.17826,1.17871,2395
2026-02-03 12:00:00,1.17873,1.18001,1.17867,1.17965,2446
2026-02-03 13:00:00,1.17963,1.18067,1.17927,1.17960,3260
2026-02-03 14:00:00,1.17960,1.18012,1.17801,1.17911,4348
2026-02-03 15:00:00,1.17910,1.18136,1.17862,1.18129,4844
2026-02-03 16:00:00,1.18133,1.18213,1.18103,1.18177,3690
2026-02-03 17:00:00,1.18182,1.18288,1.18136,1.18162,3321
2026-02-03 18:00:00,1.18160,1.18224,1.18090,1.18090,3002
2026-02-03 19:00:00,1.18086,1.18170,1.18057,1.18133,2668
2026-02-03 20:00:00,1.18138,1.18218,1.18094,1.18210,1785
2026-02-03 21:00:00,1.18205,1.18252,1.18177,1.18181,906
2026-02-03 22:00:00,1.18168,1.18203,1.18158,1.18180,1184
2026-02-03 23:00:00,1.18180,1.18203,1.18121,1.18156,863
2026-02-04 00:00:00,1.18155,1.18173,1.18088,1.18142,1605
2026-02-04 01:00:00,1.18140,1.18319,1.18123,1.18259,2445
2026-02-04 02:00:00,1.18260,1.18316,1.18188,1.18221,1721
2026-02-04 03:00:00,1.18220,1.18281,1.18208,1.18270,1391
2026-02-04 04:00:00,1.18268,1.18357,1.18253,1.18354,1121
2026-02-04 05:00:00,1.18355,1.18361,1.18306,1.18328,1083
2026-02-04 06:00:00,1.18331,1.18360,1.18289,1.18295,1550
2026-02-04 07:00:00,1.18298,1.18339,1.18240,1.18320,2116
2026-02-04 08:00:00,1.18311,1.18380,1.18237,1.18287,2720
2026-02-04 09:00:00,1.18288,1.18326,1.18113,1.18140,2402
2026-02-04 10:00:00,1.18141,1.18178,1.18047,1.18135,2049
2026-02-04 11:00:00,1.18134,1.18154,1.18058,1.18103,2035
2026-02-04 12:00:00,1.18102,1.18248,1.18096,1.18216,2102
2026-02-04 13:00:00,1.18218,1.18271,1.18112,1.18224,3708
2026-02-04 14:00:00,1.18225,1.18257,1.18025,1.18148,4720
2026-02-04 15:00:00,1.18147,1.18222,1.17933,1.17962,5416
2026-02-04 16:00:00,1.17963,1.18056,1.17906,1.18024,4201
2026-02-04 17:00:00,1.18026,1.18148,1.17942,1.17976,3849
2026-02-04 18:00:00,1.17975,1.18015,1.17948,1.18008,2655
2026-02-04 19:00:00,1.18009,1.18094,1.17944,1.18091,2524
2026-02-04 20:00:00,1.18091,1.18096,1.18015,1.18035,1334
2026-02-04 21:00:00,1.18038,1.18080,1.18023,1.18071,935
2026-02-04 22:00:00,1.18052,1.18075,1.18051,1.18063,377
2026-02-04 23:00:00,1.18062,1.18076,1.18004,1.18015,945
2026-02-05 00:00:00,1.18017,1.18046,1.17995,1.18045,1269
2026-02-05 01:00:00,1.18043,1.18082,1.18020,1.18037,1808
2026-02-05 02:00:00,1.18038,1.18053,1.17847,1.17856,2639
2026-02-05 03:00:00,1.17857,1.17910,1.17828,1.17892,2249
2026-02-05 04:00:00,1.17893,1.17909,1.17866,1.17876,1145
2026-02-05 05:00:00,1.17875,1.17902,1.17843,1.17899,1246
2026-02-05 06:00:00,1.17900,1.17915,1.17846,1.17905,1693
2026-02-05 07:00:00,1.17904,1.18034,1.17904,1.17988,2557
2026-02-05 08:00:00,1.17989,1.18088,1.17955,1.18028,2968
2026-02-05 09:00:00,1.18028,1.18028,1.17803,1.17806,2820
2026-02-05 10:00:00,1.17807,1.17918,1.17803,1.17877,2025
2026-02-05 11:00:00,1.17878,1.17953,1.17861,1.17936,1844
2026-02-05 12:00:00,1.17937,1.18035,1.17854,1.17996,4853
2026-02-05 13:00:00,1.17997,1.18153,1.17917,1.18118,5181
2026-02-05 14:00:00,1.18113,1.18218,1.17956,1.17981,5792
2026-02-05 15:00:00,1.17980,1.18117,1.17818,1.17913,6026
2026-02-05 16:00:00,1.17914,1.18035,1.17851,1.18012,4234
2026-02-05 17:00:00,1.18015,1.18042,1.17960,1.18008,2619
2026-02-05 18:00:00,1.18010,1.18027,1.17920,1.17935,1541
2026-02-05 19:00:00,1.17934,1.17974,1.17925,1.17941,1478
2026-02-05 20:00:00,1.17937,1.17947,1.17797,1.17808,1687
2026-02-05 21:00:00,1.17807,1.17843,1.17751,1.17772,1263
2026-02-05 22:00:00,1.17785,1.17825,1.17783,1.17815,425
2026-02-05 23:00:00,1.17816,1.17818,1.17751,1.17765,1375
2026-02-06 00:00:00,1.17764,1.17833,1.17656,1.17828,2301
2026-02-06 01:00:00,1.17826,1.17882,1.17786,1.17848,2382
2026-02-06 02:00:00,1.17850,1.17916,1.17847,1.17874,1653
2026-02-06 03:00:00,1.17875,1.17905,1.17857,1.17876,1115
2026-02-06 04:00:00,1.17878,1.17963,1.17872,1.17952,790
2026-02-06 05:00:00,1.17953,1.18013,1.17947,1.17983,1112
2026-02-06 06:00:00,1.17978,1.18017,1.17944,1.17971,1509
2026-02-06 07:00:00,1.17977,1.17977,1.17887,1.17914,1681
2026-02-06 08:00:00,1.17917,1.17958,1.17858,1.17923,2448
2026-02-06 09:00:00,1.17926,1.17981,1.17901,1.17920,2027
2026-02-06 10:00:00,1.17919,1.17998,1.17898,1.17921,1600
2026-02-06 11:00:00,1.17919,1.17931,1.17857,1.17900,1736
2026-02-06 12:00:00,1.17897,1.17932,1.17883,1.17926,1860
2026-02-06 13:00:00,1.17927,1.18111,1.17922,1.18103,2546
2026-02-06 14:00:00,1.18101,1.18262,1.18098,1.18213,3420
2026-02-06 15:00:00,1.18211,1.18241,1.18051,1.18193,3708
2026-02-06 16:00:00,1.18192,1.18217,1.18100,1.18122,2842
2026-02-06 17:00:00,1.18118,1.18205,1.18102,1.18179,1659
2026-02-06 18:00:00,1.18178,1.18228,1.18175,1.18190,1208
2026-02-06 19:00:00,1.18189,1.18212,1.18145,1.18190,1063
2026-02-06 20:00:00,1.18191,1.18227,1.18183,1.18219,886
2026-02-06 21:00:00,1.18221,1.18240,1.18135,1.18141,721
2026-02-08 22:00:00,1.18134,1.18156,1.18132,1.18152,557
2026-02-08 23:00:00,1.18153,1.18277,1.18098,1.18267,1942
2026-02-09 00:00:00,1.18265,1.18336,1.18240,1.18306,2384
2026-02-09 01:00:00,1.18307,1.18335,1.18247,1.18255,2164
2026-02-09 02:00:00,1.18253,1.18257,1.18161,1.18195,1512
2026-02-09 03:00:00,1.18196,1.18249,1.18182,1.18188,1122
2026-02-09 04:00:00,1.18189,1.18267,1.18189,1.18264,734
2026-02-09 05:00:00,1.18265,1.18363,1.18257,1.18332,873
2026-02-09 06:00:00,1.18330,1.18578,1.18330,1.18518,2836
2026-02-09 07:00:00,1.18516,1.18600,1.18471,1.18559,2722
2026-02-09 08:00:00,1.18562,1.18649,1.18516,1.18641,2587
2026-02-09 09:00:00,1.18642,1.18698,1.18602,1.18622,1995
2026-02-09 10:00:00,1.18621,1.18696,1.18552,1.18600,2525
2026-02-09 11:00:00,1.18599,1.18720,1.18556,1.18693,2445
2026-02-09 12:00:00,1.18696,1.18829,1.18696,1.18813,2442
2026-02-09 13:00:00,1.18816,1.19054,1.18816,1.19036,4255
2026-02-09 14:00:00,1.19037,1.19185,1.19028,1.19185,4761
2026-02-09 15:00:00,1.19184,1.19266,1.19033,1.19120,4090
2026-02-09 16:00:00,1.19124,1.19176,1.18930,1.18973,3002
2026-02-09 17:00:00,1.18975,1.19108,1.18972,1.19085,1833
2026-02-09 18:00:00,1.19089,1.19171,1.19036,1.19158,1952
2026-02-09 19:00:00,1.19159,1.19222,1.19124,1.19202,1641
2026-02-09 20:00:00,1.19201,1.19211,1.19140,1.19147,1312
2026-02-09 21:00:00,1.19146,1.19160,1.19107,1.19127,926
2026-02-09 22:00:00,1.19128,1.19153,1.19114,1.19130,435
2026-02-09 23:00:00,1.19133,1.19145,1.19015,1.19036,1120
2026-02-10 00:00:00,1.19037,1.19056,1.18984,1.19018,1337
2026-02-10 01:00:00,1.19025,1.19103,1.18965,1.19056,1777
2026-02-10 02:00:00,1.19057,1.19143,1.19057,1.19136,1493
2026-02-10 03:00:00,1.19134,1.19170,1.19099,1.19114,1385
2026-02-10 04:00:00,1.19114,1.19127,1.19058,1.19067,967
2026-02-10 05:00:00,1.19069,1.19105,1.19036,1.19071,971
2026-02-10 06:00:00,1.19072,1.19131,1.19011,1.19030,1589
2026-02-10 07:00:00,1.19033,1.19104,1.18995,1.19086,2104
2026-02-10 08:00:00,1.19082,1.19151,1.18997,1.19091,2502
2026-02-10 09:00:00,1.19091,1.19198,1.19081,1.19143,2130
2026-02-10 10:00:00,1.19144,1.19174,1.19091,1.19101,1955
2026-02-10 11:00:00,1.19100,1.19106,1.19009,1.19038,1572
2026-02-10 12:00:00,1.19046,1.19086,1.18911,1.18928,2579
2026-02-10 13:00:00,1.18930,1.19132,1.18884,1.19054,3888
2026-02-10 14:00:00,1.19056,1.19285,1.19028,1.19148,4433
2026-02-10 15:00:00,1.19146,1.19191,1.18966,1.19140,4718
2026-02-10 16:00:00,1.19141,1.19149,1.18965,1.18976,3579
2026-02-10 17:00:00,1.18977,1.19051,1.18931,1.18958,2019
2026-02-10 18:00:00,1.18957,1.18981,1.18904,1.18922,1639
2026-02-10 19:00:00,1.18923,1.19024,1.18867,1.19023,1301
2026-02-10 20:00:00,1.19022,1.19033,1.18946,1.18951,1183
2026-02-10 21:00:00,1.18952,1.18968,1.18924,1.18951,770
2026-02-10 22:00:00,1.18948,1.18975,1.18910,1.18912,674
2026-02-10 23:00:00,1.18913,1.18918,1.18867,1.18878,786
2026-02-11 00:00:00,1.18877,1.19004,1.18863,1.18967,1502
2026-02-11 01:00:00,1.18968,1.19020,1.18938,1.18976,1689
2026-02-11 02:00:00,1.18977,1.19128,1.18977,1.19083,1818
2026-02-11 03:00:00,1.19085,1.19136,1.19034,1.19115,1220
2026-02-11 04:00:00,1.19113,1.19149,1.19074,1.19080,956
2026-02-11 05:00:00,1.19079,1.19192,1.19066,1.19183,1344
2026-02-11 06:00:00,1.19186,1.19257,1.19125,1.19152,1825
2026-02-11 07:00:00,1.19152,1.19182,1.19101,1.19178,2198
2026-02-11 08:00:00,1.19178,1.19201,1.19131,1.19184,2336
2026-02-11 09:00:00,1.19187,1.19196,1.19103,1.19179,2376
2026-02-11 10:00:00,1.19178,1.19272,1.19162,1.19218,2026
2026-02-11 11:00:00,1.19215,1.19215,1.19051,1.19081,2208
2026-02-11 12:00:00,1.19082,1.19093,1.18985,1.19004,2665
2026-02-11 13:00:00,1.19006,1.19044,1.18330,1.18621,6961
2026-02-11 14:00:00,1.18620,1.18824,1.18527,1.18600,6947
2026-02-11 15:00:00,1.18602,1.18718,1.18510,1.18594,5797
2026-02-11 16:00:00,1.18593,1.18832,1.18532,1.18830,3889
2026-02-11 17:00:00,1.18831,1.18934,1.18772,1.18857,2921
2026-02-11 18:00:00,1.18858,1.18908,1.18786,1.18822,2252
2026-02-11 19:00:00,1.18820,1.18845,1.18778,1.18797,1770
2026-02-11 20:00:00,1.18794,1.18810,1.18697,1.18707,1351
2026-02-11 21:00:00,1.18702,1.18744,1.18688,1.18716,954
2026-02-11 22:00:00,1.18786,1.18786,1.18714,1.18749,425
2026-02-11 23:00:00,1.18749,1.18762,1.18700,1.18747,807
2026-02-12 00:00:00,1.18746,1.18782,1.18668,1.18767,1620
2026-02-12 01:00:00,1.18762,1.18824,1.18735,1.18806,2019
2026-02-12 02:00:00,1.18805,1.18846,1.18750,1.18789,1507
2026-02-12 03:00:00,1.18788,1.18810,1.18654,1.18695,1585
2026-02-12 04:00:00,1.18696,1.18726,1.18602,1.18619,1247
2026-02-12 05:00:00,1.18624,1.18657,1.18582,1.18646,1232
2026-02-12 06:00:00,1.18648,1.18676,1.18523,1.18605,2599
2026-02-12 07:00:00,1.18606,1.18752,1.18594,1.18729,2247
2026-02-12 08:00:00,1.18731,1.18809,1.18713,1.18799,2471
2026-02-12 09:00:00,1.18801,1.18879,1.18795,1.18871,2272
2026-02-12 10:00:00,1.18871,1.18872,1.18747,1.18771,1939
2026-02-12 11:00:00,1.18772,1.18846,1.18751,1.18844,1699
2026-02-12 12:00:00,1.18845,1.18862,1.18669,1.18730,2233
2026-02-12 13:00:00,1.18731,1.18852,1.18715,1.18849,2912
2026-02-12 14:00:00,1.18856,1.18877,1.18748,1.18833,3721
2026-02-12 15:00:00,1.18834,1.18884,1.18783,1.18857,3680
2026-02-12 16:00:00,1.18858,1.18898,1.18619,1.18706,6324
2026-02-12 17:00:00,1.18703,1.18769,1.18600,1.18652,3942
2026-02-12 18:00:00,1.18651,1.18694,1.18561,1.18634,2907
2026-02-12 19:00:00,1.18635,1.18716,1.18609,1.18700,2099
2026-02-12 20:00:00,1.18695,1.18705,1.18636,1.18696,1354
2026-02-12 21:00:00,1.18695,1.18726,1.18686,1.18708,849
2026-02-12 22:00:00,1.18646,1.18726,1.18644,1.18724,305
2026-02-12 23:00:00,1.18725,1.18725,1.18671,1.18692,782
2026-02-13 00:00:00,1.18691,1.18724,1.18665,1.18724,1419
2026-02-13 01:00:00,1.18723,1.18735,1.18631,1.18669,1674
2026-02-13 02:00:00,1.18670,1.18711,1.18629,1.18692,1099
2026-02-13 03:00:00,1.18693,1.18702,1.18659,1.18668,892
2026-02-13 04:00:00,1.18669,1.18677,1.18600,1.18631,882
2026-02-13 05:00:00,1.18630,1.18648,1.18580,1.18594,1327
2026-02-13 06:00:00,1.18590,1.18617,1.18535,1.18560,1672
2026-02-13 07:00:00,1.18555,1.18599,1.18472,1.18587,2463
2026-02-13 08:00:00,1.18586,1.18628,1.18561,1.18626,2380
2026-02-13 09:00:00,1.18623,1.18665,1.18605,1.18606,1699
2026-02-13 10:00:00,1.18605,1.18609,1.18528,1.18573,1779
2026-02-13 11:00:00,1.18575,1.18611,1.18549,1.18585,2035
2026-02-13 12:00:00,1.18586,1.18637,1.18553,1.18619,2085
2026-02-13 13:00:00,1.18622,1.18847,1.18568,1.18744,4863
2026-02-13 14:00:00,1.18743,1.18748,1.18570,1.18591,5100
2026-02-13 15:00:00,1.18593,1.18708,1.18477,1.18482,4266
2026-02-13 16:00:00,1.18484,1.18746,1.18483,1.18687,3186
2026-02-13 17:00:00,1.18695,1.18827,1.18684,1.18748,2183
2026-02-13 18:00:00,1.18751,1.18806,1.18722,1.18736,1527
2026-02-13 19:00:00,1.18740,1.18751,1.18661,1.18664,1296
2026-02-13 20:00:00,1.18662,1.18747,1.18644,1.18744,1478
2026-02-13 21:00:00,1.18736,1.18764,1.18674,1.18681,752
2026-02-15 22:00:00,1.18672,1.18697,1.18650,1.18680,403
2026-02-15 23:00:00,1.18684,1.18695,1.18631,1.18666,1038
2026-02-16 00:00:00,1.18667,1.18672,1.18604,1.18612,1262
2026-02-16 01:00:00,1.18608,1.18662,1.18590,1.18651,1261
2026-02-16 02:00:00,1.18649,1.18670,1.18616,1.18653,1235
2026-02-16 03:00:00,1.18655,1.18689,1.18636,1.18672,839
2026-02-16 04:00:00,1.18671,1.18680,1.18610,1.18623,707
2026-02-16 05:00:00,1.18625,1.18663,1.18608,1.18648,619
2026-02-16 06:00:00,1.18646,1.18701,1.18638,1.18661,825
2026-02-16 07:00:00,1.18660,1.18662,1.18603,1.18628,1360
2026-02-16 08:00:00,1.18629,1.18704,1.18567,1.18650,2412
2026-02-16 09:00:00,1.18655,1.18693,1.18621,1.18643,1871
2026-02-16 10:00:00,1.18642,1.18677,1.18620,1.18671,1577
2026-02-16 11:00:00,1.18670,1.18671,1.18599,1.18613,1436
2026-02-16 12:00:00,1.18614,1.18630,1.18498,1.18531,1205
2026-02-16 13:00:00,1.18530,1.18575,1.18491,1.18545,1427
2026-02-16 14:00:00,1.18544,1.18634,1.18531,1.18562,1471
2026-02-16 15:00:00,1.18563,1.18570,1.18504,1.18540,1417
2026-02-16 16:00:00,1.18541,1.18565,1.18461,1.18517,1218
2026-02-16 17:00:00,1.18518,1.18535,1.18463,1.18480,616
2026-02-16 18:00:00,1.18481,1.18510,1.18480,1.18493,286
2026-02-16 19:00:00,1.18493,1.18540,1.18487,1.18540,248
2026-02-16 20:00:00,1.18537,1.18549,1.18525,1.18536,241
2026-02-16 21:00:00,1.18534,1.18542,1.18502,1.18506,413
2026-02-16 22:00:00,1.18477,1.18507,1.18477,1.18501,182
2026-02-16 23:00:00,1.18511,1.18514,1.18465,1.18504,619
2026-02-17 00:00:00,1.18506,1.18519,1.18420,1.18435,1456
2026-02-17 01:00:00,1.18443,1.18445,1.18406,1.18444,1500
2026-02-17 02:00:00,1.18443,1.18473,1.18405,1.18420,1014
2026-02-17 03:00:00,1.18421,1.18422,1.18379,1.18415,973
2026-02-17 04:00:00,1.18414,1.18424,1.18392,1.18410,808
2026-02-17 05:00:00,1.18408,1.18418,1.18355,1.18412,1264
2026-02-17 06:00:00,1.18414,1.18455,1.18414,1.18439,1108
2026-02-17 07:00:00,1.18440,1.18444,1.18286,1.18328,2328
2026-02-17 08:00:00,1.18329,1.18440,1.18299,1.18408,2504
2026-02-17 09:00:00,1.18408,1.18498,1.18399,1.18466,1903
2026-02-17 10:00:00,1.18465,1.18470,1.18411,1.18426,1987
2026-02-17 11:00:00,1.18425,1.18443,1.18241,1.18308,1857
2026-02-17 12:00:00,1.18312,1.18358,1.18269,1.18277,2212
2026-02-17 13:00:00,1.18273,1.18304,1.18157,1.18220,3419
2026-02-17 14:00:00,1.18221,1.18280,1.18163,1.18236,4175
2026-02-17 15:00:00,1.18235,1.18239,1.18049,1.18107,4127
2026-02-17 16:00:00,1.18106,1.18352,1.18106,1.18307,3644
2026-02-17 17:00:00,1.18304,1.18421,1.18294,1.18393,2378
2026-02-17 18:00:00,1.18394,1.18529,1.18386,1.18481,1846
2026-02-17 19:00:00,1.18484,1.18505,1.18432,1.18480,1300
2026-02-17 20:00:00,1.18477,1.18524,1.18470,1.18507,1132
2026-02-17 21:00:00,1.18508,1.18550,1.18498,1.18549,617
2026-02-17 22:00:00,1.18496,1.18518,1.18496,1.18513,396
2026-02-17 23:00:00,1.18511,1.18575,1.18500,1.18507,844
2026-02-18 00:00:00,1.18509,1.18535,1.18470,1.18472,1139
2026-02-18 01:00:00,1.18471,1.18477,1.18425,1.18462,1043
2026-02-18 02:00:00,1.18463,1.18472,1.18416,1.18445,988
2026-02-18 03:00:00,1.18446,1.18466,1.18409,1.18412,790
2026-02-18 04:00:00,1.18411,1.18437,1.18396,1.18418,546
2026-02-18 05:00:00,1.18419,1.18457,1.18416,1.18457,579
2026-02-18 06:00:00,1.18458,1.18463,1.18402,1.18447,899
2026-02-18 07:00:00,1.18446,1.18464,1.18330,1.18347,1666
2026-02-18 08:00:00,1.18346,1.18382,1.18284,1.18311,1993
2026-02-18 09:00:00,1.18312,1.18385,1.18284,1.18360,1598
2026-02-18 10:00:00,1.18359,1.18408,1.18309,1.18322,1403
2026-02-18 11:00:00,1.18321,1.18378,1.18307,1.18344,1129
2026-02-18 12:00:00,1.18345,1.18472,1.18334,1.18397,2008
2026-02-18 13:00:00,1.18397,1.18485,1.18235,1.18237,2552
2026-02-18 14:00:00,1.18240,1.18276,1.18121,1.18152,3776
2026-02-18 15:00:00,1.18153,1.18266,1.18134,1.18226,3196
2026-02-18 16:00:00,1.18225,1.18261,1.18091,1.18093,2601
2026-02-18 17:00:00,1.18093,1.18141,1.18020,1.18059,1684
2026-02-18 18:00:00,1.18058,1.18073,1.17875,1.17903,2140
2026-02-18 19:00:00,1.17894,1.17948,1.17836,1.17872,2567
2026-02-18 20:00:00,1.17871,1.17902,1.17821,1.17836,1201
2026-02-18 21:00:00,1.17837,1.17872,1.17818,1.17824,811
2026-02-18 22:00:00,1.17824,1.17860,1.17822,1.17847,245
2026-02-18 23:00:00,1.17847,1.17897,1.17831,1.17885,578
2026-02-19 00:00:00,1.17884,1.17917,1.17853,1.17899,1160
2026-02-19 01:00:00,1.17895,1.17951,1.17895,1.17946,1146
2026-02-19 02:00:00,1.17945,1.17956,1.17904,1.17909,905
2026-02-19 03:00:00,1.17908,1.17929,1.17876,1.17906,924
2026-02-19 04:00:00,1.17908,1.17916,1.17848,1.17894,901
2026-02-19 05:00:00,1.17893,1.17927,1.17866,1.17915,857
2026-02-19 06:00:00,1.17914,1.18009,1.17899,1.17982,1134
2026-02-19 07:00:00,1.17977,1.18035,1.17924,1.18011,1869
2026-02-19 08:00:00,1.18006,1.18052,1.17973,1.18013,2132
2026-02-19 09:00:00,1.18012,1.18074,1.17985,1.17999,2054
2026-02-19 10:00:00,1.17996,1.18029,1.17875,1.17889,1999
2026-02-19 11:00:00,1.17888,1.17902,1.17767,1.17808,1966
2026-02-19 12:00:00,1.17796,1.17808,1.17668,1.17692,2238
2026-02-19 13:00:00,1.17692,1.17697,1.17514,1.17653,3656
2026-02-19 14:00:00,1.17654,1.17663,1.17420,1.17514,4422
2026-02-19 15:00:00,1.17516,1.17754,1.17481,1.17629,5197
2026-02-19 16:00:00,1.17630,1.17706,1.17582,1.17612,3301
2026-02-19 17:00:00,1.17610,1.17680,1.17561,1.17659,2172
2026-02-19 18:00:00,1.17660,1.17741,1.17647,1.17681,1591
2026-02-19 19:00:00,1.17686,1.17717,1.17591,1.17638,1741
2026-02-19 20:00:00,1.17637,1.17688,1.17632,1.17687,1153
2026-02-19 21:00:00,1.17684,1.17779,1.17678,1.17729,1227
2026-02-19 22:00:00,1.17681,1.17728,1.17666,1.17705,370
2026-02-19 23:00:00,1.17714,1.17757,1.17682,1.17684,803
2026-02-20 00:00:00,1.17683,1.17721,1.17666,1.17705,1116
2026-02-20 01:00:00,1.17704,1.17715,1.17551,1.17588,1843
2026-02-20 02:00:00,1.17591,1.17598,1.17537,1.17545,1382
2026-02-20 03:00:00,1.17544,1.17589,1.17544,1.17568,794
2026-02-20 04:00:00,1.17569,1.17597,1.17524,1.17530,705
2026-02-20 05:00:00,1.17532,1.17568,1.17500,1.17552,920
2026-02-20 06:00:00,1.17553,1.17566,1.17515,1.17551,1102
2026-02-20 07:00:00,1.17550,1.17625,1.17496,1.17512,2233
2026-02-20 08:00:00,1.17512,1.17635,1.17433,1.17608,2779
2026-02-20 09:00:00,1.17609,1.17680,1.17584,1.17665,2274
2026-02-20 10:00:00,1.17666,1.17687,1.17571,1.17636,2154
2026-02-20 11:00:00,1.17634,1.17690,1.17599,1.17674,1519
2026-02-20 12:00:00,1.17671,1.17709,1.17632,1.17655,1893
2026-02-20 13:00:00,1.17655,1.17820,1.17569,1.17692,3882
2026-02-20 14:00:00,1.17689,1.17704,1.17560,1.17675,3625
2026-02-20 15:00:00,1.17676,1.18076,1.17552,1.17881,9067
2026-02-20 16:00:00,1.17880,1.17983,1.17738,1.17800,4712
2026-02-20 17:00:00,1.17800,1.17851,1.17656,1.17799,3374
2026-02-20 18:00:00,1.17800,1.17987,1.17767,1.17857,4551
2026-02-20 19:00:00,1.17859,1.17895,1.17784,1.17806,2093
2026-02-20 20:00:00,1.17807,1.17873,1.17774,1.17861,1451
2026-02-20 21:00:00,1.17860,1.17913,1.17823,1.17853,1031
